Fisher statistic, Fisher p-value
4098.037217671528, 0.13682425325918646
Sample, Chi2 statistic, Chi2 p-value
samples_hw/3FE8A50EA408F2EF_C080CA5462F114A8.txt, 9.35673861905451, 0.4050167859980815
samples_hw/3FE8A50EA408F2EF_C0755245D6DDA490.txt, 4.796577607644631, 0.9043458857742055
samples_hw/3FE8A43694F10B55_C0B335DF5E64FBBF.txt, 12.317685521306478, 0.26435746998456106
samples_hw/3FE8A43694F10B55_40A9E5FBF3546BF8.txt, 9.922794923013258, 0.4472927139911417
samples_hw/3FE8A3643FF35498_C08E6DFEA1595BFC.txt, 4.572570188533778, 0.8698651571625431
samples_hw/3FE8A3643FF35498_4055D0F65427A200.txt, 11.315625662129024, 0.254693257238613
samples_hw/3FE89CD4136BFB4C_408F31CA610AE390.txt, 20.77412809531118, 0.013691971430818647
samples_hw/3FE89CD4136BFB4C_40B05E8C0CC90D18.txt, 2.8044663333009505, 0.9715451858376687
samples_hw/3FE89C2FECE20719_C0AEC8DE9F5271BD.txt, 8.153766787548964, 0.518727698102875
samples_hw/3FE89C2FECE20719_40A00742D0AFAE86.txt, 14.81741529144997, 0.09607491449534777
samples_hw/3FE899A5DAC6C4BC_C0ADAD9FEC0E3B40.txt, 10.290295205948425, 0.4154045315247738
samples_hw/3FE899A5DAC6C4BC_40AA8B7DEA2676FC.txt, 10.576479292762485, 0.3058590107435636
samples_hw/3FE894193A554B1D_C09ED049608F6094.txt, 25.302353314679955, 0.004800927653832302
samples_hw/3FE894193A554B1D_409CD62DBB166C5C.txt, 8.159346058149298, 0.5181712836537288
samples_hw/3FE892B301468A9F_C0735F49D189BEA0.txt, 14.913357385255999, 0.13525276509121556
samples_hw/3FE892B301468A9F_4002F69DFBA5E800.txt, 5.267566721279833, 0.8103878769363534
samples_hw/3FE8904776FEB6BA_408D068F95498D18.txt, 4.3443635714440685, 0.9304779692541221
samples_hw/3FE8904776FEB6BA_40AF68527BF870A4.txt, 8.99114177999751, 0.5329444615545327
samples_hw/3FE890240B4F022E_40ACA8310722B064.txt, 6.672108462418947, 0.7559947454209422
samples_hw/3FE890240B4F022E_40B050855044F10A.txt, 8.965595536795306, 0.4404560836767315
samples_hw/3FE88FA067F87933_C0A97762A48A0EC6.txt, 11.89587634748566, 0.21924316563263624
samples_hw/3FE88FA067F87933_40B2338BC200F718.txt, 6.749745228116116, 0.6631561095451848
samples_hw/3FE88F5910A3C185_C0A99E2026605C40.txt, 10.396312349524845, 0.4064379453664023
samples_hw/3FE88F5910A3C185_40A7E94DCFA3729A.txt, 14.93784450490768, 0.09265749175513292
samples_hw/3FE88E2F2BB4B12C_C0AFA8D60E6C31AC.txt, 10.604168736828601, 0.3038193511374306
samples_hw/3FE88E2F2BB4B12C_40B11D325905CA64.txt, 8.548652289682138, 0.5754047859162436
samples_hw/3FE88AF5245BE3A5_C0938A9E5ADED53C.txt, 4.436556665174079, 0.880406641165048
samples_hw/3FE88AF5245BE3A5_40B0446F7104D8E0.txt, 7.99488799923464, 0.5346614668862562
samples_hw/3FE88A7781F336FF_C0A91B3B771B1677.txt, 14.538036002055673, 0.10443222783566324
samples_hw/3FE88A7781F336FF_40B365EAEA7A5BD6.txt, 21.43577397575715, 0.018251685414092753
samples_hw/3FE885A3E2CB47AF_C0AC4F5C1B1B7EB8.txt, 11.06922337258332, 0.2709938668707805
samples_hw/3FE885A3E2CB47AF_40AADE44C8D2DC88.txt, 6.36445119829285, 0.7837709158888403
samples_hw/3FE8801D1E9EFF90_409E3E0DC897BC1C.txt, 11.961563766811366, 0.21548484183843117
samples_hw/3FE8801D1E9EFF90_40B2828E019F751C.txt, 9.233573417635002, 0.4159988194305282
samples_hw/3FE87DFC4E0BE589_C0B121306946F261.txt, 7.601039726723283, 0.6677425591528933
samples_hw/3FE87DFC4E0BE589_402DF62FCF9BEC00.txt, 8.343574084984622, 0.595315808115145
samples_hw/3FE87DADDF1E2D9B_40879E7C4A8CBCF8.txt, 6.779494259936818, 0.746085148584697
samples_hw/3FE87DADDF1E2D9B_40B316E8449FFDD0.txt, 7.366838234854573, 0.6904183782654636
samples_hw/3FE87AECAF62A7C7_C0B34E1A4D71EC35.txt, 3.692442113720894, 0.9601567912878883
samples_hw/3FE87AECAF62A7C7_C0933432DB252866.txt, 4.926139393667027, 0.8960570036963568
samples_hw/3FE870523A1F2725_C0A341AE2173A35D.txt, 6.831443885767109, 0.7412561087437379
samples_hw/3FE870523A1F2725_C0A0271FB3876E40.txt, 12.076749247878668, 0.2090170587086986
samples_hw/3FE86802D38AB718_C06353B362CCA760.txt, 17.46060331685377, 0.04197297192770902
samples_hw/3FE86802D38AB718_40AF40B392E2E168.txt, 15.493915576917143, 0.0782321029701378
samples_hw/3FE867FA87754FEC_C0B2419B516E5337.txt, 16.186505509092445, 0.06308754570936088
samples_hw/3FE867FA87754FEC_C0914040D214C080.txt, 15.512460508280773, 0.11446533596535671
samples_hw/3FE867283FEA28BE_C0B3710A7DF87215.txt, 11.565647414950401, 0.31517689197359633
samples_hw/3FE867283FEA28BE_C0A6EBC4B6107789.txt, 6.549213438079748, 0.7672057319392575
samples_hw/3FE863D5D6173E17_C0ADB6585F038CB1.txt, 7.981417397213632, 0.6306521406016175
samples_hw/3FE863D5D6173E17_4092C9A8911FD350.txt, 8.779638461526428, 0.4578592948811049
samples_hw/3FE863128E361D0A_C0A879953F71D32A.txt, 11.175163169721618, 0.34403508618322143
samples_hw/3FE863128E361D0A_40893836886AF070.txt, 7.459134041874421, 0.6815043698918996
samples_hw/3FE86116DD7256FF_C0811402EDFAA808.txt, 14.361146636819932, 0.11004601841750558
samples_hw/3FE86116DD7256FF_40A8ED8ECBBD7B1E.txt, 8.066200157638603, 0.6223705721904643
samples_hw/3FE8610D335C75B4_C0A525F10A336BE2.txt, 10.095215135136598, 0.43217985271355286
samples_hw/3FE8610D335C75B4_40B2A645ADF55C8C.txt, 11.85847647249109, 0.22140584179454534
samples_hw/3FE8602F835C821A_408A9F115742BE28.txt, 14.180300420083936, 0.16492527038963686
samples_hw/3FE8602F835C821A_40AC81B0DC6C6364.txt, 8.953017917245788, 0.5365680976991525
samples_hw/3FE85FED74B47297_C0A670F7314CC1EE.txt, 6.925083855536111, 0.64491913531435
samples_hw/3FE85FED74B47297_C09B4BE346EF57C6.txt, 13.132390009588548, 0.21636367729940806
samples_hw/3FE85FA8EE9FB0B0_C0AF6E323B13BC64.txt, 18.99456733320989, 0.040331739734406576
samples_hw/3FE85FA8EE9FB0B0_40ABAD12443D3A24.txt, 6.999302484812481, 0.6371920322932276
samples_hw/3FE85D381427BBF1_C0A1ABDB565937B7.txt, 3.9040961535930943, 0.951569664636882
samples_hw/3FE85D381427BBF1_C0904661E849CCC4.txt, 13.127760732943225, 0.15690993250635482
samples_hw/3FE8591290A8AB6C_404A757952ECEB00.txt, 10.359694317978619, 0.409522792335698
samples_hw/3FE8591290A8AB6C_40AFA47D1C7B68FC.txt, 3.4712502988373495, 0.9680655491229103
samples_hw/3FE857F015517D41_4077B95DE7AA72C0.txt, 3.603257169890124, 0.9355351835828416
samples_hw/3FE857F015517D41_40ACB967A77312D0.txt, 9.93960781156262, 0.35539642137154537
samples_hw/3FE857E3B27A2F6F_C073E77ECD80CF00.txt, 6.54219175062236, 0.6846636037461685
samples_hw/3FE857E3B27A2F6F_40ADCA806189F500.txt, 11.634984932492468, 0.3102279856661541
samples_hw/3FE8543C7D57578E_C0B239EA3AD263D4.txt, 11.852487687969642, 0.2950502953439611
samples_hw/3FE8543C7D57578E_4093099A669DD334.txt, 13.15342509641904, 0.15578594743695115
samples_hw/3FE852156C7246D5_C0A74D380413BA70.txt, 5.373578604101117, 0.8006028530962654
samples_hw/3FE852156C7246D5_4092933EAA6F6680.txt, 6.97780477294562, 0.7275386449415882
samples_hw/3FE85189AC81CC82_C0A527DFF7402FC0.txt, 11.906645231155183, 0.29135299329808534
samples_hw/3FE85189AC81CC82_40914BB279895768.txt, 10.147521019925954, 0.42764756296758366
samples_hw/3FE84C68B21C2A7B_C0AC63D482AFE7A9.txt, 10.722810165041246, 0.37951750964396896
samples_hw/3FE84C68B21C2A7B_40B02759EF369EB4.txt, 4.9963887841886185, 0.8346229452097583
samples_hw/3FE84A9AFF9E1976_C0962D14D03F1A2A.txt, 4.287415744159153, 0.9334510850686754
samples_hw/3FE84A9AFF9E1976_40A9C76414D52EC8.txt, 19.00448502224694, 0.025154786931738768
samples_hw/3FE8493413826DBB_40A0712582A7824C.txt, 5.748888611958591, 0.7647637107844725
samples_hw/3FE8493413826DBB_40A7035CBD0366B8.txt, 10.121456765525862, 0.3407424300295398
samples_hw/3FE846F24BD25F76_409376C0569B2D80.txt, 5.8729174393958825, 0.7525668349229937
samples_hw/3FE846F24BD25F76_40A091D252DE03A4.txt, 5.040856154865832, 0.8884321169302561
samples_hw/3FE83EE14E5E7449_4063EC3B15BDD880.txt, 4.461618067725745, 0.8784942959811026
samples_hw/3FE83EE14E5E7449_4092BA9608B3352C.txt, 9.362158958277242, 0.40453733448578216
samples_hw/3FE83E05446EB241_C0B31015D400702C.txt, 8.480384174397516, 0.5820206761934937
samples_hw/3FE83E05446EB241_C0AB172ADB028E56.txt, 13.606182509726217, 0.13703983538879969
samples_hw/3FE83C47F18CB1EB_C0B167D739E37FAE.txt, 19.184323322558207, 0.03798299973951238
samples_hw/3FE83C47F18CB1EB_40B18CE5B63BE9CC.txt, 4.966774345779931, 0.8933864338630408
samples_hw/3FE83B2AB8FF9B49_C0A67F47DAFC9E90.txt, 9.117191468456177, 0.4265275322248144
samples_hw/3FE83B2AB8FF9B49_40B191FEEF8093FE.txt, 9.375492893707118, 0.4968768356736588
samples_hw/3FE8347189CFA702_C0AD4BED94F537DC.txt, 8.084036230901928, 0.6206285904864526
samples_hw/3FE8347189CFA702_407D4D919A499B20.txt, 10.275421921321888, 0.41667103577018944
samples_hw/3FE830B1BAF7A105_C0B0E12DE527B25C.txt, 6.779632694458926, 0.7460723097204329
samples_hw/3FE830B1BAF7A105_409C9993A232F328.txt, 7.231307538787743, 0.6130508012409397
samples_hw/3FE82E873B739E63_C0B16909D4CB6214.txt, 7.035458032647875, 0.7220933117833797
samples_hw/3FE82E873B739E63_C0ACE22E50D0645D.txt, 15.216260817607274, 0.12437404551341769
samples_hw/3FE82DE4BB5D9466_C097DE086EB77C12.txt, 7.1603722541184265, 0.6204265376368676
samples_hw/3FE82DE4BB5D9466_409FBE2AD9FC3C54.txt, 8.92260966705209, 0.44444851007290065
samples_hw/3FE82A1814613C39_40962B94F334172C.txt, 5.546703747643276, 0.8518023411986291
samples_hw/3FE82A1814613C39_40AE8B496CD13694.txt, 5.100573693379222, 0.8254543079578556
samples_hw/3FE829D66446B819_C0AA4A835DEF3507.txt, 19.19478447522266, 0.03785724646641773
samples_hw/3FE829D66446B819_C08F326269F0E4C4.txt, 15.626329023081974, 0.11084050104062107
samples_hw/3FE8281EBCB55B15_408B0A37686E9470.txt, 17.497249472420854, 0.06406009332758635
samples_hw/3FE8281EBCB55B15_40AA1181BB794304.txt, 10.905387831072288, 0.3649365666331469
samples_hw/3FE8263D604B938E_C0A582014638A403.txt, 11.453371064510943, 0.32330322336688805
samples_hw/3FE8263D604B938E_C09D9AF9428475F2.txt, 6.442408033182191, 0.7768263125190189
samples_hw/3FE825A8CCD1CF2C_C09184CDB382C99A.txt, 9.511154827931101, 0.4843744870167207
samples_hw/3FE825A8CCD1CF2C_40779E5199983CB0.txt, 10.574019335818273, 0.3916534366701563
samples_hw/3FE824D1FD93B44B_C0B1A415D1CA182C.txt, 3.5547912970945434, 0.9652051336159553
samples_hw/3FE824D1FD93B44B_40B044B410767968.txt, 13.360712448650325, 0.20419727690587572
samples_hw/3FE8244F970D017E_C0A70EEE53847DDC.txt, 8.127828002273747, 0.521317415869307
samples_hw/3FE8244F970D017E_C08E218B250DC318.txt, 9.756315504502645, 0.4621265199132861
samples_hw/3FE82059A6C98930_40952BEDD93017DC.txt, 10.503620368088269, 0.39747306717914355
samples_hw/3FE82059A6C98930_40B332F277F315E4.txt, 9.621452612949247, 0.47430800723273525
samples_hw/3FE81E3105A57C0A_C0A663FB017A67F6.txt, 16.14049526864442, 0.09568057455334777
samples_hw/3FE81E3105A57C0A_40862D8AC563DB18.txt, 12.82439148962906, 0.23365672013762998
samples_hw/3FE81C1684D2930E_C0A087A9DD17EF53.txt, 6.2567000286631105, 0.7932549968145998
samples_hw/3FE81C1684D2930E_C08D1E47639CBC90.txt, 7.553072236033154, 0.6724010805477585
samples_hw/3FE81AAED1936F51_C0A5524D6C16C49B.txt, 4.891240625953195, 0.8983237417374469
samples_hw/3FE81AAED1936F51_C093A792C4FF0F24.txt, 9.808451965232319, 0.45745627323876037
samples_hw/3FE81A30FC6511C2_C0B3360EFA331C1E.txt, 7.444142328816089, 0.682954457093116
samples_hw/3FE81A30FC6511C2_407DEEFFCD20DE00.txt, 6.64261622692656, 0.7586982438919958
samples_hw/3FE818922A7CF1DF_C0AE6FB48D32BF69.txt, 11.69201888980183, 0.30619719163462267
samples_hw/3FE818922A7CF1DF_C0975B9F71187740.txt, 9.9148191055344, 0.4479980728676336
samples_hw/3FE818015B99BF71_C08BCCC48B2F1988.txt, 7.327715993306005, 0.6030402768414513
samples_hw/3FE818015B99BF71_C07357388A99AE70.txt, 1.448768485699873, 0.9975092854922081
samples_hw/3FE8149B957C4C58_C0AC21E2ACCEA3C5.txt, 5.541724922136525, 0.852185355375256
samples_hw/3FE8149B957C4C58_409C3C447B1CB88C.txt, 9.424785847159514, 0.49231914637557506
samples_hw/3FE810F1638B97B0_4085870A5D3D8E10.txt, 9.344135389612298, 0.49978481043203504
samples_hw/3FE810F1638B97B0_409127F55DE78FE8.txt, 6.447492427697142, 0.7763710592274344
samples_hw/3FE81001A31FB5E6_C073A68755404D10.txt, 8.313999314731156, 0.5028385170028478
samples_hw/3FE81001A31FB5E6_40A5958A232B4B16.txt, 6.9017334419880605, 0.7346882175208436
samples_hw/3FE80BD5BDCD127F_C09A8E705281DCE0.txt, 3.5544580391363265, 0.9382211299347966
samples_hw/3FE80BD5BDCD127F_4086272E9019CE58.txt, 12.505769033778176, 0.25263147602371416
samples_hw/3FE8088F80FC9660_C0AC513F90FA027F.txt, 6.225613117889592, 0.7171428457386395
samples_hw/3FE8088F80FC9660_C0A480E0C66FA1C2.txt, 9.17899657234869, 0.4209181251090723
samples_hw/3FE80874C2E858FE_C0B3417D88CEF2FB.txt, 10.015109430203875, 0.3492634019338779
samples_hw/3FE80874C2E858FE_C0AAF1E18BC403C3.txt, 7.2871659170980045, 0.6980850150468056
samples_hw/3FE805F7F3FACAE7_C0A66190A4B26321.txt, 7.045121416509742, 0.7211784604596939
samples_hw/3FE805F7F3FACAE7_40AC96CE35F48D9C.txt, 17.42724283038487, 0.04243091291679961
samples_hw/3FE800ECE0168A09_C0980D7DF6425AFC.txt, 6.639339560142616, 0.6746116808110699
samples_hw/3FE800ECE0168A09_C0895267B16A24D0.txt, 7.089837717762988, 0.7169373803980769
samples_hw/3FE7FFB9BDC6C59D_C0A03781CF8BCF03.txt, 10.594418497097628, 0.3899763625575281
samples_hw/3FE7FFB9BDC6C59D_40AB5D27E47C9A50.txt, 12.845990915441494, 0.16969973670623195
samples_hw/3FE7F88A671E2C35_C06060874BFAC120.txt, 8.040957319343521, 0.6248361543994324
samples_hw/3FE7F88A671E2C35_40B38215650C142A.txt, 16.115294567800987, 0.09637918457029292
samples_hw/3FE7F4D5A492150F_C09A7D76EA30BAEE.txt, 8.299359018029307, 0.5042822737890071
samples_hw/3FE7F4D5A492150F_C06E7F3F609AFE80.txt, 11.844208719023753, 0.295618376187208
samples_hw/3FE7F46C994BB23D_C06FCF1C7AB99E40.txt, 2.2294320917267374, 0.9872981711372844
samples_hw/3FE7F46C994BB23D_4098979586436F2C.txt, 8.1198328525145, 0.617132991562107
samples_hw/3FE7F25DF2ECFB1A_40A1F01258BF0024.txt, 10.45873144384462, 0.401209513696538
samples_hw/3FE7F25DF2ECFB1A_40B3308422047108.txt, 9.418218402240466, 0.3995979279940836
samples_hw/3FE7F0AC23481927_C09B0890AB9B5122.txt, 7.321639694994445, 0.6947711559530954
samples_hw/3FE7F0AC23481927_408BD2A89E142550.txt, 15.042499563502542, 0.13052006431174842
samples_hw/3FE7EE2A43AC846E_C0AC2E49F964FC94.txt, 2.915731087502956, 0.9833381528281547
samples_hw/3FE7EE2A43AC846E_C06988C8014511A0.txt, 3.497223176851471, 0.9671925813967682
samples_hw/3FE7EAEDCEB0AD4B_C06B68467A60D080.txt, 10.15167701263028, 0.4272885156688027
samples_hw/3FE7EAEDCEB0AD4B_409C4FD627EB5FAC.txt, 7.7181936621852385, 0.6563415743184275
samples_hw/3FE7DD28CE8408A1_40AEA6605A012CC0.txt, 11.821393831233893, 0.2971878252639218
samples_hw/3FE7DD28CE8408A1_40B31F02B9B8AE06.txt, 10.037869680074694, 0.43717715316747624
samples_hw/3FE7D64CDC28D33D_C0A3198820045310.txt, 16.973618395199445, 0.07494977956414511
samples_hw/3FE7D64CDC28D33D_4091B7E0C587AFC0.txt, 9.84568887584407, 0.4541343725542635
samples_hw/3FE7D4754ACC26E9_40735A88125FB510.txt, 3.635113398707497, 0.9623103233757041
samples_hw/3FE7D4754ACC26E9_40907A6552A0B4CC.txt, 12.123546846844668, 0.2064336163184802
samples_hw/3FE7D2051ADCC509_C0AE125E631144BC.txt, 7.276714373132067, 0.699088600356779
samples_hw/3FE7D2051ADCC509_C09FCC43B3F3D886.txt, 11.987431050702966, 0.2858985747736449
samples_hw/3FE7CE090520156C_C0ABE72B7CCBEE57.txt, 12.056867561241294, 0.21012234158640206
samples_hw/3FE7CE090520156C_C098C080CFD94102.txt, 2.744184501427802, 0.9868199338981043
samples_hw/3FE7CB36C2337B6B_C0A6C528CD4D2A51.txt, 6.353343002857246, 0.7040992772345308
samples_hw/3FE7CB36C2337B6B_C0A3818B059DA316.txt, 9.359384596796446, 0.4983698300989806
samples_hw/3FE7CA66B19375CB_C0A0F5436907CA87.txt, 10.839031768923975, 0.3701957585031388
samples_hw/3FE7CA66B19375CB_409FD76C7413EEDC.txt, 6.19849618791548, 0.7983197922342007
samples_hw/3FE7C92BC4DAEB2E_C0B11549CE3F1A94.txt, 9.46028398547271, 0.4890474163451799
samples_hw/3FE7C92BC4DAEB2E_40A6F21091900422.txt, 4.859881654849317, 0.900339243561427
samples_hw/3FE7C7E3C6C3A122_C0AB24A7AD21294F.txt, 7.972000914022736, 0.6315719589286486
samples_hw/3FE7C7E3C6C3A122_40A851932C020328.txt, 12.964383769111624, 0.22566998474463482
samples_hw/3FE7C710AD1B61AF_40A915BDBA54CB7C.txt, 9.290091117936548, 0.5048120124614828
samples_hw/3FE7C710AD1B61AF_40ABDD073F585A0C.txt, 19.17043524699916, 0.023782095318373494
samples_hw/3FE7C66A74575B62_C06BA3658E7546C0.txt, 9.558649836836297, 0.48002865952359497
samples_hw/3FE7C66A74575B62_40A516B62D11CD6C.txt, 8.223937237908597, 0.6069732471358714
samples_hw/3FE7C088B6429276_C0860803B9179008.txt, 8.632388460583176, 0.5673098159613547
samples_hw/3FE7C088B6429276_407D9A9853743530.txt, 10.495891245579994, 0.3981150046666403
samples_hw/3FE7BFA08D579C1F_C090ED536B841AA6.txt, 5.150331570371231, 0.8809119988011185
samples_hw/3FE7BFA08D579C1F_4081E7781B3F4EF0.txt, 9.885943635590491, 0.45055627326714676
samples_hw/3FE7BD641EA2DF02_C0A8ECBB84D37977.txt, 9.387082102084404, 0.4958037817679538
samples_hw/3FE7BD641EA2DF02_408EC5165F500A28.txt, 17.070391468450584, 0.0728208351767436
samples_hw/3FE7BC9EC14E9A61_407CB649CDE06C90.txt, 12.732357128122997, 0.23902338016514293
samples_hw/3FE7BC9EC14E9A61_40A4CCF6184939EC.txt, 4.8605219844338, 0.8462934099028341
samples_hw/3FE7BB6096A25D8A_C0A72ADFBFC375C0.txt, 4.337676819881616, 0.8878161417205473
samples_hw/3FE7BB6096A25D8A_40B1DC59964B08B4.txt, 11.860271973609148, 0.2945168550847377
samples_hw/3FE7BA1CC1DF908C_C0975A8D7E7AF51A.txt, 12.127010827231604, 0.27664609437843773
samples_hw/3FE7BA1CC1DF908C_40975505A8DDEA0C.txt, 12.611069449401475, 0.24623730563745685
samples_hw/3FE7B998F534B1E5_C0A06E0519423C0B.txt, 8.450585639100337, 0.5849125775894366
samples_hw/3FE7B998F534B1E5_C089338D15F4E718.txt, 8.33267939728233, 0.5009988013278324
samples_hw/3FE7B927825DEEE3_4081E74FE8B84EA8.txt, 7.644256410648505, 0.663540381644794
samples_hw/3FE7B927825DEEE3_40A737847DB88F0A.txt, 11.420581249035505, 0.32570268959947923
samples_hw/3FE7B878910CA184_409B8839F585D074.txt, 14.395814474704427, 0.15569064888287962
samples_hw/3FE7B878910CA184_40AE3EFF67255E00.txt, 13.143591786275934, 0.15621580636039714
samples_hw/3FE7B7483C174000_40932BF3C89317E8.txt, 7.895470377554262, 0.6390465751787084
samples_hw/3FE7B7483C174000_40A71158DE1342B2.txt, 10.560485336091123, 0.3927684074776299
samples_hw/3FE7B7316395767F_C0967A040FE4340A.txt, 13.21342601987445, 0.15318437791958855
samples_hw/3FE7B7316395767F_C0906D4DAE9B9A9C.txt, 5.203914162767501, 0.8771465690373907
samples_hw/3FE7B35DF2CC230E_C0B054D958E2B9B3.txt, 9.129162222722067, 0.5198911259534466
samples_hw/3FE7B35DF2CC230E_C09620BDD313017A.txt, 6.959866107756962, 0.7292283305510291
samples_hw/3FE7AB33F1A38FDA_C0964DAB9D155B58.txt, 6.8103023728359675, 0.7432239964539896
samples_hw/3FE7AB33F1A38FDA_40B141F22998F3E4.txt, 18.34718599078005, 0.0493819859978416
samples_hw/3FE7AAF224DA8ED9_C089B8C33AE2F188.txt, 6.537618150880329, 0.7682558871182007
samples_hw/3FE7AAF224DA8ED9_40A2751A7EC60A34.txt, 4.0532000786952205, 0.9078762308650553
samples_hw/3FE7A92337C323E6_C0B3287943B460F3.txt, 8.170952393822368, 0.5170145041268217
samples_hw/3FE7A92337C323E6_C091D86B75C7F0D6.txt, 13.419353647392722, 0.2011608654938599
samples_hw/3FE7A786F3FBABBC_40A23DEFB6A49BE0.txt, 10.130834179816945, 0.42909077195430073
samples_hw/3FE7A786F3FBABBC_40A89C817C01D904.txt, 8.152987794475907, 0.6138961744072312
samples_hw/3FE7A30D8C7A97F8_C0B297B2B887DF65.txt, 24.854317894725018, 0.005628588709769786
samples_hw/3FE7A30D8C7A97F8_C0AB2C3A1DF97874.txt, 17.024163803373064, 0.07383100353607623
samples_hw/3FE79FEF4CB8128F_C09CB88E2B7C311E.txt, 6.55014094888198, 0.7671216712383089
samples_hw/3FE79FEF4CB8128F_40A8B4E6404949CE.txt, 4.912316950235004, 0.8418838161948642
samples_hw/3FE79BB8B073E3C7_40AF4C70853E78E0.txt, 5.690790872858919, 0.8405382604132348
samples_hw/3FE79BB8B073E3C7_40B288F5E07261EC.txt, 7.801200635759321, 0.6482482421164115
samples_hw/3FE7986E1D13C8DE_408A78123D6E7020.txt, 10.422885529541979, 0.4042074449463273
samples_hw/3FE7986E1D13C8DE_4093849FFBCC4940.txt, 6.826968194844858, 0.7416730131190311
samples_hw/3FE7948A5D3E4029_C0B32EA98E9F8D53.txt, 18.486437245715866, 0.04729192107671514
samples_hw/3FE7948A5D3E4029_40B0CD17C57CCA30.txt, 18.6983727511605, 0.04426534300894529
samples_hw/3FE79414FE6CB293_C0A4F8F41D11D1E8.txt, 8.648319950465947, 0.4703497029175112
samples_hw/3FE79414FE6CB293_C0980F816EB55F02.txt, 7.125890626032342, 0.7135090655461922
samples_hw/3FE78D922E86F7A4_40AAEB5AF4DDF6B8.txt, 9.365717728180183, 0.4977826356909322
samples_hw/3FE78D922E86F7A4_40AE1C24C6A3D848.txt, 10.041684250777356, 0.43684382590665793
samples_hw/3FE78C0C472D238C_C097C6635A17CCC6.txt, 15.833594547473597, 0.10449606418301359
samples_hw/3FE78C0C472D238C_40A3FF7AF8221EF6.txt, 4.947051539124592, 0.894686819642561
samples_hw/3FE7848AA4663428_40A49BA6FFD5574C.txt, 9.889216489254913, 0.4502659614703962
samples_hw/3FE7848AA4663428_40A74E6EE5A5FCDE.txt, 17.14424408041343, 0.07123254035731985
samples_hw/3FE783F64F60E89E_C0AA344AEF87C896.txt, 23.429899046025255, 0.00926628354643383
samples_hw/3FE783F64F60E89E_40A356F7C750CDF0.txt, 10.584119416785695, 0.30529526768950616
samples_hw/3FE7833777067249_C0A02023EACCA048.txt, 6.916159515856352, 0.7333355991323535
samples_hw/3FE7833777067249_C06145196F208A20.txt, 16.36096953836578, 0.08975500497863373
samples_hw/3FE77F537639BED4_C0AF8DF5C4A97BEC.txt, 5.533571402504677, 0.852811681057965
samples_hw/3FE77F537639BED4_40B02FDEAD2C0FBE.txt, 12.000986596225117, 0.28499047650172127
samples_hw/3FE77BFC9F6728DB_C0B0425B7F0A54B7.txt, 7.133786856549476, 0.7127571786224539
samples_hw/3FE77BFC9F6728DB_40A99F45DD6A9E8C.txt, 10.752452103961794, 0.3771267713248704
samples_hw/3FE77915F8C3316D_C0A8CD134CA63A26.txt, 5.280598688863021, 0.8091939102184703
samples_hw/3FE77915F8C3316D_C097FA858D4AB50A.txt, 11.979499453304232, 0.2864308701680103
samples_hw/3FE7786FCFF6866E_C0B2B916F2C8C22E.txt, 7.3516957719168134, 0.6918776249504097
samples_hw/3FE7786FCFF6866E_40A439D265FBD3A4.txt, 4.996863982626535, 0.8913874092634653
samples_hw/3FE777DF9581B1F3_C0A0DE3B44CC5C77.txt, 12.093227916392884, 0.2788655709526863
samples_hw/3FE777DF9581B1F3_407B987C548A30F0.txt, 7.417097087894598, 0.5937785505097224
samples_hw/3FE7764971184D96_C0B3239DBE55B73B.txt, 12.979445760854572, 0.22482329932167203
samples_hw/3FE7764971184D96_40AE69B83B073370.txt, 15.87624842280461, 0.10323015456845855
samples_hw/3FE77515C953C9B9_C0998658196BCCB0.txt, 10.967876445749488, 0.36002620461949486
samples_hw/3FE77515C953C9B9_C0533DF1C19A7BC0.txt, 12.133742609180025, 0.2762053486223179
samples_hw/3FE774B200DF3D7F_C0A504A03C2D2940.txt, 9.292690815439954, 0.5045697508406777
samples_hw/3FE774B200DF3D7F_C09F4B5057BED6A0.txt, 8.145831774515113, 0.6145947172432049
samples_hw/3FE772D5939AE5BA_409AE4CD436D099C.txt, 4.055420946281297, 0.9448122083967488
samples_hw/3FE772D5939AE5BA_40B1C25EAA7D34BE.txt, 9.164007993580544, 0.5166126795283147
samples_hw/3FE76C01214A3A87_C06EC1D6E0C383A0.txt, 4.177665860030892, 0.9389764047946048
samples_hw/3FE76C01214A3A87_409DB3FF0D54A800.txt, 7.093553999774805, 0.7165843552515354
samples_hw/3FE75FF79CD9E289_408D30235EDBE048.txt, 13.852097814080162, 0.1798454120951838
samples_hw/3FE75FF79CD9E289_40AFA932FA43B264.txt, 10.34313820913664, 0.41092178212030206
samples_hw/3FE75EEC8DFA1D8B_C0B2FECD9EA66D9B.txt, 10.48446334409957, 0.3990652231446944
samples_hw/3FE75EEC8DFA1D8B_C0985D636B777AC6.txt, 8.167008634350248, 0.6125276525045562
samples_hw/3FE75EA86900AA08_C089A29C398AC538.txt, 3.521876690358341, 0.9663503427804001
samples_hw/3FE75EA86900AA08_4097E996F7F8932C.txt, 7.335278511664484, 0.693458619941729
samples_hw/3FE75E0584CEF301_C0942DEFB5749BDE.txt, 7.999994109170711, 0.5341468105649385
samples_hw/3FE75E0584CEF301_C0688E29B7C71C60.txt, 7.213070636552592, 0.7051882996958145
samples_hw/3FE75BA28A3208D0_40A519946DD1D328.txt, 13.204725998214363, 0.2124495809674664
samples_hw/3FE75BA28A3208D0_40AB612359EEA248.txt, 2.2469060116858373, 0.9940735754937404
samples_hw/3FE755D127A0FBB2_C0AF5C70E48258E2.txt, 12.909579272615938, 0.2287713837239798
samples_hw/3FE755D127A0FBB2_40AB121C5B688438.txt, 10.65456545281564, 0.38505591415447316
samples_hw/3FE7533FB733782C_C0A86B599F7FF6B4.txt, 6.351800241662664, 0.7848914598384086
samples_hw/3FE7533FB733782C_C0A120D29113A1A5.txt, 9.683579476039014, 0.4686786265255293
samples_hw/3FE74AFE6C85014E_C0B22A850404050A.txt, 12.878600823564945, 0.23053882655566635
samples_hw/3FE74AFE6C85014E_C0A08545B77FAA8B.txt, 18.1506751297629, 0.052474536479773556
samples_hw/3FE74A951854B51E_C0A8CF7B017FBEF6.txt, 16.396204142834762, 0.0888384678071387
samples_hw/3FE74A951854B51E_40968FDFADEB5FC0.txt, 7.430815595353234, 0.6842428170816762
samples_hw/3FE74A933CD3A586_C0A7243DC96B287C.txt, 10.70622738144747, 0.3808589105964948
samples_hw/3FE74A933CD3A586_40B0AAB2EE7C2566.txt, 6.76017149032756, 0.7478756261401814
samples_hw/3FE74A729EF47F28_4080A4438D34C888.txt, 2.6144913350285868, 0.9891001995287172
samples_hw/3FE74A729EF47F28_408A6E9210B65D20.txt, 15.692795323225747, 0.1087706861686609
samples_hw/3FE748C208DC9D58_C091337AC1D9A6F6.txt, 4.775862171646292, 0.905638855995996
samples_hw/3FE748C208DC9D58_40AE96A443D18D48.txt, 9.644939975875529, 0.4721762766155534
samples_hw/3FE746A5F400B6A5_C0962E8B4C2A9D16.txt, 22.415718145966036, 0.013121321808805994
samples_hw/3FE746A5F400B6A5_40A49DE31E3C5BC6.txt, 15.56061647992132, 0.11292011249190478
samples_hw/3FE7442F974F4904_C0B26A45CC22848C.txt, 15.032915893379233, 0.1308664026057301
samples_hw/3FE7442F974F4904_BFFD6B8E9D3AD000.txt, 35.346649879221246, 0.00010894644881663759
samples_hw/3FE742048C5FBCED_C0A06B4BE38A7697.txt, 3.895437346880922, 0.9519407106603176
samples_hw/3FE742048C5FBCED_C09352770432E4EE.txt, 9.386193309856765, 0.49588604329574326
samples_hw/3FE73AC9823E4572_40A2C2AB6E052558.txt, 16.107704191205706, 0.09659047428253827
samples_hw/3FE73AC9823E4572_40B02B9CAD41473A.txt, 13.001487737021366, 0.22358864769303993
samples_hw/3FE73407CF2B4ABC_C0A44430CBBDA862.txt, 11.697949640905708, 0.3057801172893086
samples_hw/3FE73407CF2B4ABC_C061E6753049CCE0.txt, 11.436664556084809, 0.3245242813447026
samples_hw/3FE7333BA8B8A95B_C0904EA29C56DD44.txt, 9.58267439228743, 0.4778367692052887
samples_hw/3FE7333BA8B8A95B_C069EC83E361D900.txt, 6.491573593693449, 0.7724124787882924
samples_hw/3FE73075D2398CCC_C0B31030B1235061.txt, 14.498558594995828, 0.1514408533788173
samples_hw/3FE73075D2398CCC_C0A531A0658E0341.txt, 7.996318308591226, 0.6291965752909101
samples_hw/3FE730703C7CCDD2_C090290C8AD39218.txt, 11.938689085903766, 0.2891807777577623
samples_hw/3FE730703C7CCDD2_C043337291AE6700.txt, 3.683878748653431, 0.9604831150182361
samples_hw/3FE72E86702069CA_C0AE2CE2AF05F9C6.txt, 8.739455220440428, 0.5569959265415771
samples_hw/3FE72E86702069CA_40B1D1FE1FE0F3FC.txt, 6.796374996101516, 0.7445184008193635
samples_hw/3FE72B8CC9CCCF78_40963BA0E2103740.txt, 7.643450629386972, 0.6636187721863624
samples_hw/3FE72B8CC9CCCF78_40A779C9EF68D394.txt, 3.8179317976220775, 0.9551868097951838
samples_hw/3FE728578BEA3586_C0B34AB7B155456F.txt, 13.270633729228198, 0.20893156132682933
samples_hw/3FE728578BEA3586_C0ABBED76989DDAE.txt, 14.402912431044255, 0.1553939176499464
samples_hw/3FE72715982AA64F_C08424418CE2C888.txt, 8.367699169441337, 0.6800362170910736
samples_hw/3FE72715982AA64F_40A59C3B1C499876.txt, 8.462546558111894, 0.5837515049752111
samples_hw/3FE72647A81A86C7_C0A92F356388FE6B.txt, 10.13298695621148, 0.4289044402888342
samples_hw/3FE72647A81A86C7_40A35C5F5735D8C0.txt, 8.324852888684202, 0.5971383563638103
samples_hw/3FE725AD04FCEB98_C0B23DA08C126B41.txt, 4.844804014495356, 0.901301088238167
samples_hw/3FE725AD04FCEB98_40A4D1355D59C26A.txt, 8.71968843386781, 0.5588967589512011
samples_hw/3FE7248174EB0946_C0A93528DA3FCA52.txt, 10.471617338034095, 0.4001348924894935
samples_hw/3FE7248174EB0946_C0A148752F41F0EA.txt, 14.10142680796949, 0.1684152893127393
samples_hw/3FE723C7320FE6EE_40B21B26D8CC664E.txt, 7.294675639881982, 0.6973635940180769
samples_hw/3FE723C7320FE6EE_40B2B6EB9D8FDDD8.txt, 5.989400123124171, 0.816153012327206
samples_hw/3FE723A65E2A3C38_C0B01330068B1660.txt, 6.717143779489038, 0.7518511743010533
samples_hw/3FE723A65E2A3C38_C0A1958DC5C9CB1C.txt, 7.965906551512374, 0.6321672589887984
samples_hw/3FE7233241D52D88_C0B21EBA8D450D75.txt, 8.585636076212719, 0.5718266122609785
samples_hw/3FE7233241D52D88_C0AE2C167141B82D.txt, 6.603035551031392, 0.76231371328492
samples_hw/3FE7221E5FE380F4_C0ACCFF69604BFED.txt, 9.482529324999643, 0.4870016992040267
samples_hw/3FE7221E5FE380F4_40A2F5A51B2F4B4A.txt, 3.3240548187748646, 0.9727375426495812
samples_hw/3FE71FA0367BC939_C0AB0B88049CB710.txt, 11.848185771733863, 0.29534538607495736
samples_hw/3FE71FA0367BC939_C0A08AA221FFF544.txt, 14.340582479639357, 0.15801566393948438
samples_hw/3FE71BCDC07CE7C7_C0A534DBD7BA09B8.txt, 12.290821689416376, 0.2660643113860167
samples_hw/3FE71BCDC07CE7C7_C0A0664FF24E2CA0.txt, 9.134140019114, 0.5194223554406191
samples_hw/3FE718EECA0D4D96_C0A02B473845768E.txt, 5.822072187686074, 0.8299837997842165
samples_hw/3FE718EECA0D4D96_40B35D5768006AB0.txt, 6.272102422930806, 0.7919077490177902
samples_hw/3FE712B5B58887E8_C0AE3657A2350CAF.txt, 8.164499007464272, 0.6127725938788139
samples_hw/3FE712B5B58887E8_C0A4D4884DED4910.txt, 7.92511021167009, 0.6361519955117512
samples_hw/3FE70FB9DFD0C644_407D2954954B52A0.txt, 16.917557513826843, 0.07620824348324248
samples_hw/3FE70FB9DFD0C644_40AFFD36DBB91A70.txt, 2.383134213637072, 0.9924715103291413
samples_hw/3FE70FA310AFB853_C0A7522FD5678460.txt, 13.556182341681613, 0.1942146016519021
samples_hw/3FE70FA310AFB853_40882A210CAED440.txt, 17.356779065293196, 0.06683283186756528
samples_hw/3FE70E6BA20143BD_C047786DBB16F100.txt, 12.454067767283252, 0.255815727895582
samples_hw/3FE70E6BA20143BD_40A164D4DB6169A8.txt, 8.148268846409069, 0.6143568146310012
samples_hw/3FE70CDC03EA5023_409006664507CCCC.txt, 16.207529860373757, 0.09384373763984787
samples_hw/3FE70CDC03EA5023_409F6AC7DF529590.txt, 7.799529947292117, 0.6484112340885835
samples_hw/3FE70AF9EC256641_C0A6C1DA2EAEA3B4.txt, 9.14017134632313, 0.5188545656316521
samples_hw/3FE70AF9EC256641_C07ACC59184698B0.txt, 5.938738095797675, 0.8203836612968078
samples_hw/3FE707D5347C5D3A_C0A8638A28B4E714.txt, 4.338774996912468, 0.930772931859195
samples_hw/3FE707D5347C5D3A_407C3C7A949978F0.txt, 10.108024097028812, 0.43106766563848586
samples_hw/3FE6FE90B1C16FBF_407BEBD14CC6D7A0.txt, 7.001328029850826, 0.7253195731903602
samples_hw/3FE6FE90B1C16FBF_407DBBC585447790.txt, 9.915693651945693, 0.4479207038881381
samples_hw/3FE6FD6198366EBA_C0AF082CBBF8F05A.txt, 8.273435839841255, 0.6021472307357678
samples_hw/3FE6FD6198366EBA_40B04C88E3EFC912.txt, 8.381672581387765, 0.6787609565146727
samples_hw/3FE6FAFDD1547D8E_C095C3D883EF47B2.txt, 9.39277021548106, 0.49527745052257877
samples_hw/3FE6FAFDD1547D8E_C0932F4C91BB9E98.txt, 13.402980541754744, 0.20200505178472333
samples_hw/3FE6F7422B1A74DF_C0936422D51F8846.txt, 6.902891356409374, 0.7345797060641248
samples_hw/3FE6F7422B1A74DF_40AE9FFC182B1FF8.txt, 6.178048008857883, 0.8000891032617541
samples_hw/3FE6F4FA878FF00F_40A1DC387BB6D870.txt, 2.4022099148100775, 0.9922254201346945
samples_hw/3FE6F4FA878FF00F_40A6490D2F5CB21A.txt, 10.437446925190406, 0.4915198846281895
samples_hw/3FE6F12F88939E64_C0AEAB7ADD2AF6F6.txt, 11.315884731299988, 0.33344304078971565
samples_hw/3FE6F12F88939E64_C0A0AC7C8805F8F9.txt, 5.542707248037321, 0.8521098198488946
samples_hw/3FE6EE925182ACC5_C094E54B1D7F8A96.txt, 7.867172256524551, 0.6418095975644278
samples_hw/3FE6EE925182ACC5_C052738ACCB0E700.txt, 10.615219317637159, 0.3882705749812095
samples_hw/3FE6EBEC8D50AF77_C0AEB41FDF51C840.txt, 9.640139048679904, 0.4726116669092082
samples_hw/3FE6EBEC8D50AF77_40B08292496CF526.txt, 4.9109530368138055, 0.9354021751725914
samples_hw/3FE6E9A9A99FAD71_C0A576669CB80CCD.txt, 17.74400893911551, 0.05943846357707091
samples_hw/3FE6E9A9A99FAD71_40A2A4BD7972A97A.txt, 8.494998030690144, 0.5806033070998355
samples_hw/3FE6E9A4A3C1BB94_C0B2FEA4DA3FAD4A.txt, 11.832224018535568, 0.2964420874993996
samples_hw/3FE6E9A4A3C1BB94_C09ABD0C6EDEBA1A.txt, 8.053949852485808, 0.6235670889983064
samples_hw/3FE6E60ED8F8764F_4055609EA3AEC140.txt, 13.1403813421745, 0.2842493002543518
samples_hw/3FE6E60ED8F8764F_40AB8EEF790E3DE0.txt, 10.3386976803718, 0.5002029199362825
samples_hw/3FE6E4F1640D4860_C08B21B8F809C370.txt, 6.458819767876129, 0.7753558158301332
samples_hw/3FE6E4F1640D4860_40AAF10310330204.txt, 10.723557300576871, 0.4667050154700566
samples_hw/3FE6E3B6D56F4307_C0AFC557ECD16AB0.txt, 9.93724020517108, 0.44601660184666003
samples_hw/3FE6E3B6D56F4307_C0A42BC9498EB793.txt, 4.063078684220465, 0.9444565218058032
samples_hw/3FE6E24B5E8B0EF8_C0AFBF055C669E0B.txt, 16.745493843880617, 0.11563247273438686
samples_hw/3FE6E24B5E8B0EF8_C0ADA608AC21AC12.txt, 5.941903731154671, 0.8201203830447583
samples_hw/3FE6E05A43197A03_40ABE0AD8EB1E15C.txt, 7.124896821037537, 0.7136036709259963
samples_hw/3FE6E05A43197A03_40B30322808D3644.txt, 9.51250234249124, 0.4842509602789613
samples_hw/3FE6DCC3C5592F84_C0A8CFE5BE53FFCC.txt, 5.268107837396493, 0.872563649940407
samples_hw/3FE6DCC3C5592F84_C0A135BB892F4B77.txt, 12.386374688284075, 0.2600296264696136
samples_hw/3FE6DB146D05E698_C0705C4E7CF7B8A0.txt, 7.327862771159245, 0.694172377942713
samples_hw/3FE6DB146D05E698_40B0871438399E28.txt, 9.704817012212594, 0.4667611864004011
samples_hw/3FE6DAED4A419A54_C0A4FEBF1FF2DD7E.txt, 14.270958614972672, 0.16098723327897232
samples_hw/3FE6DAED4A419A54_40A00A2BC4B1B456.txt, 14.058766739442293, 0.17032791327161545
samples_hw/3FE6DA5A6FB62FAB_408DDD60A6643AC0.txt, 8.72060144282817, 0.558808926860881
samples_hw/3FE6DA5A6FB62FAB_40A65DF9D7AF1BF4.txt, 16.610491370466946, 0.08343951188931956
samples_hw/3FE6D92A21821EC4_40A6FC22DA74D846.txt, 19.271253638514963, 0.036949580979920106
samples_hw/3FE6D92A21821EC4_40ADDF770DF29EF0.txt, 5.839207092665109, 0.8285865388017652
samples_hw/3FE6D87BFE78E947_C0A9BAF365E6D5E7.txt, 10.762458227960469, 0.46337313561746374
samples_hw/3FE6D87BFE78E947_40B36F40EE0B8E82.txt, 7.859720924727653, 0.6425370400320394
samples_hw/3FE6D85C23613D24_C0A112A24D750545.txt, 2.1725041203240094, 0.9948388522519106
samples_hw/3FE6D85C23613D24_40ACA288337A2510.txt, 23.18940152531271, 0.010068647350020915
samples_hw/3FE6D7D374A01949_C0A5C52434596A48.txt, 16.613709223092222, 0.11983258238013939
samples_hw/3FE6D7D374A01949_C0905BA3B750F748.txt, 5.274994704453323, 0.8720673875780021
samples_hw/3FE6D7974A078E86_C08F45FEC8C90BFC.txt, 11.871581270521752, 0.29374305675507123
samples_hw/3FE6D7974A078E86_40B07D634E64EAC6.txt, 8.270425570505132, 0.6024406203565018
samples_hw/3FE6D51B55FFD3E0_C0A7F96C40A852D8.txt, 9.246674804731715, 0.5088643198872378
samples_hw/3FE6D51B55FFD3E0_409F4BE6B42D57D0.txt, 13.403288918609618, 0.20198912631096433
samples_hw/3FE6D2BA860A3E97_C0B1701FA4BB703F.txt, 5.7643329556200795, 0.8346590158458334
samples_hw/3FE6D2BA860A3E97_C0A37651299B8CA2.txt, 3.9075677482415605, 0.9514204259647532
samples_hw/3FE6D07AE2064212_4098D1D76E7863B0.txt, 8.68212330251327, 0.6512073092928052
samples_hw/3FE6D07AE2064212_40A86B6BCF42F6D8.txt, 17.82853813462274, 0.05792576182678907
samples_hw/3FE6CB9D7C56648D_C0AB475D0E1CEEBA.txt, 11.230530482493931, 0.3398419602665891
samples_hw/3FE6CB9D7C56648D_C09E6046DFF3008C.txt, 15.914624124453617, 0.10210260404896807
samples_hw/3FE6C8B545753721_4091CA25294AD44C.txt, 21.68843753216389, 0.026901150950616334
samples_hw/3FE6C8B545753721_40B09EE4CF75ADCA.txt, 3.950333612167337, 0.949559702450966
samples_hw/3FE6C691DCC0093D_40A0176D3FC60EDA.txt, 6.0704046618779435, 0.8093138533265892
samples_hw/3FE6C691DCC0093D_40A2981F0A7B103E.txt, 6.8265604787762175, 0.7417109833476041
samples_hw/3FE6C5A035FF6604_C09974EAEF50A9D6.txt, 6.674540528871693, 0.7557714451862381
samples_hw/3FE6C5A035FF6604_40AA04DDA9A2A9BC.txt, 8.499244721868358, 0.6680064110863584
samples_hw/3FE6C4B8426F4990_C0B2143D3044387A.txt, 9.085341963959188, 0.5240239502176391
samples_hw/3FE6C4B8426F4990_C0B04A149030E429.txt, 11.905714952225315, 0.2914162268528266
samples_hw/3FE6C436264668C1_C0A5156924B8CAD2.txt, 5.349706464951834, 0.8666273169542392
samples_hw/3FE6C436264668C1_C0A18C369810786D.txt, 24.326145380648306, 0.006780197437536193
samples_hw/3FE6C391EEBFEB1A_C0B15DF019942BE0.txt, 4.631178913129005, 0.9144163544823725
samples_hw/3FE6C391EEBFEB1A_40B313CB0355B796.txt, 8.20957065722352, 0.6083746004818964
samples_hw/3FE6C2F270FEB506_40A846BC551EED7A.txt, 13.487164541238986, 0.19769420142607655
samples_hw/3FE6C2F270FEB506_40AEE3609EE626C0.txt, 10.038837283617072, 0.4370925891894372
samples_hw/3FE6BB94C75F6899_C0AC3E367DA6DC6D.txt, 14.200701200455807, 0.16403227634684364
samples_hw/3FE6BB94C75F6899_404B2C8D751E5900.txt, 12.412608440255832, 0.25839054936619166
samples_hw/3FE6BB4A0C10084C_40A1ACBF37C0397E.txt, 14.101937392667262, 0.22740410976844375
samples_hw/3FE6BB4A0C10084C_40A40C997D047932.txt, 8.294719270399064, 0.600073310855087
samples_hw/3FE6BA808676314C_40A46BDF0480B7BE.txt, 18.056832735099967, 0.05401248805185187
samples_hw/3FE6BA808676314C_40AE1425C262884C.txt, 3.4810280986818016, 0.9677386342473803
samples_hw/3FE6B94412E394B5_C0AFFEF6E4FD1DEE.txt, 8.25545022635132, 0.6902546770818383
samples_hw/3FE6B94412E394B5_C0AB4561B792AAC3.txt, 13.003784138442255, 0.22346031843579953
samples_hw/3FE6B804BDE44232_C0B1593E1276627C.txt, 17.255036787984572, 0.06890773902985435
samples_hw/3FE6B804BDE44232_C094B269E244A4D4.txt, 6.434922185081908, 0.8428278974856567
samples_hw/3FE6B7111BC7D21C_C0A77A6B4B6494D6.txt, 12.027471334362206, 0.28322215425205066
samples_hw/3FE6B7111BC7D21C_40A5CA635C9DB4C8.txt, 6.355409049526057, 0.7845720005270508
samples_hw/3FE6B6911C3E13B5_40766F4C56B3DE90.txt, 14.439706614747433, 0.15386321824201962
samples_hw/3FE6B6911C3E13B5_40B04640289BFC80.txt, 6.140739310537074, 0.803303528216872
samples_hw/3FE6B38649070CD7_C09A5AA0C217F540.txt, 7.692467645371133, 0.6588475932916653
samples_hw/3FE6B38649070CD7_40B297C0D8DD1F82.txt, 19.811927534382885, 0.031082567629373073
samples_hw/3FE6B112C12F9D03_C0A929EE3C2633DC.txt, 6.846107216346007, 0.739889125282692
samples_hw/3FE6B112C12F9D03_408A15A55F7AAB48.txt, 13.599995198499107, 0.19203111206560627
samples_hw/3FE6AFD6C7C3284C_C07DF0DA5980E1B0.txt, 4.83658482906642, 0.9018234299563092
samples_hw/3FE6AFD6C7C3284C_40A9067B595F2CF8.txt, 4.001113414802421, 0.9472967405725625
samples_hw/3FE6AFAD826D6227_407A3CC1ED977990.txt, 6.854871517784736, 0.739071268050201
samples_hw/3FE6AFAD826D6227_40A26EFF257CFDFE.txt, 10.612483766454138, 0.47627535735514237
samples_hw/3FE6ABF02CA8C76B_C0A9BF10E72ADE22.txt, 11.116905322020793, 0.43352196019696965
samples_hw/3FE6ABF02CA8C76B_C0A06285C60C250B.txt, 4.882809944519402, 0.8988675873900485
samples_hw/3FE6A89AC1396E90_C0AF26C17D59AD83.txt, 6.2341475333693674, 0.8572931876002841
samples_hw/3FE6A89AC1396E90_40823FC4B226FF88.txt, 13.537698218439829, 0.19514169170140602
samples_hw/3FE6A717B27BDD93_C0A32AFB59A2F5F6.txt, 8.075202937487097, 0.7065518297431888
samples_hw/3FE6A717B27BDD93_409AB3692002A6D4.txt, 12.566057983210156, 0.24895559122909033
samples_hw/3FE6A67A6ABFB144_C0B244159BAA782B.txt, 9.654116378745435, 0.4713445758676317
samples_hw/3FE6A67A6ABFB144_C0A32F691A1D7ED2.txt, 5.86932170479978, 0.8261201209285557
samples_hw/3FE6A637F7430FEE_C0A627C8F9D32F92.txt, 10.950915288429105, 0.3613549386769188
samples_hw/3FE6A637F7430FEE_40A79AD3F41895A8.txt, 18.703308943850068, 0.06663158833022044
samples_hw/3FE6A4F305DC1942_C0ABFFA6963D1F4D.txt, 10.588794217107669, 0.39043833378708737
samples_hw/3FE6A4F305DC1942_C0513D5D482E7AC0.txt, 12.935862307451249, 0.22727997347384057
samples_hw/3FE6A34DB61F5FBA_C0ACCFCEF9A33F9E.txt, 8.624074165065132, 0.56811251855332
samples_hw/3FE6A34DB61F5FBA_409BC086B70D4110.txt, 14.400728675670035, 0.15548516006097868
samples_hw/3FE6A2625C396C65_C0901B40B5A7F682.txt, 3.027490622316053, 0.9807696892301613
samples_hw/3FE6A2625C396C65_409DD7BA54366F78.txt, 9.670732782565137, 0.4698402176223244
samples_hw/3FE6A20083BACEFD_C0B231B44551F369.txt, 5.911174647025493, 0.8226699121961889
samples_hw/3FE6A20083BACEFD_C0A90908B7F1F211.txt, 26.663788973459408, 0.00516377252453292
samples_hw/3FE6A0E2F595DFE3_C086FEC6B0AD7D90.txt, 7.009007831163117, 0.7245942860163653
samples_hw/3FE6A0E2F595DFE3_40A8D647E0574C90.txt, 19.941257266546586, 0.0298132168998056
samples_hw/3FE69DD3D28EEF0D_C0B13C345CFB4869.txt, 7.884144869143836, 0.6401524654478453
samples_hw/3FE69DD3D28EEF0D_C07AA2BF4C9E4580.txt, 9.559871613555575, 0.4799170860997696
samples_hw/3FE69D3BB4BEABAE_408F73794EA066F0.txt, 14.746407459795787, 0.1944033616074071
samples_hw/3FE69D3BB4BEABAE_40942FC7285F9F90.txt, 17.867154880908927, 0.05724632538435063
samples_hw/3FE69C04F4B73312_C0ABA362879DE6C5.txt, 5.096779375771462, 0.8846199334457377
samples_hw/3FE69C04F4B73312_409C5E470CF2FC90.txt, 13.633996340546032, 0.2539114121231642
samples_hw/3FE699479A9650E5_C0925DC1BE3FFB84.txt, 19.371048531262826, 0.05474967409927833
samples_hw/3FE699479A9650E5_40A2E3F4FE6827EA.txt, 5.142660251943832, 0.8814465728251786
samples_hw/3FE69490667C51E5_C074C09A9E208130.txt, 4.572536086832079, 0.9178464199380028
samples_hw/3FE69490667C51E5_40AE7D3E485F1A7C.txt, 4.752876624960188, 0.9425412516949428
samples_hw/3FE6946D948BB0BE_C0A1F5E541B84BCA.txt, 5.332735755048698, 0.867872029828642
samples_hw/3FE6946D948BB0BE_40A4A1229D652244.txt, 18.86581828456739, 0.06354504952905991
samples_hw/3FE6935C0F129A16_40A39B1944AE1632.txt, 16.14040221856716, 0.13599802115851065
samples_hw/3FE6935C0F129A16_40A578B27C531166.txt, 8.636563335193115, 0.6553989999528242
samples_hw/3FE690AE4490E20E_C08EF80DD91F701C.txt, 14.688947516637969, 0.14382047791656052
samples_hw/3FE690AE4490E20E_C074C57F4E9A8B00.txt, 7.812161149597557, 0.730024848974979
samples_hw/3FE68F52BFAC7EDC_C0A0A3AAA22C2756.txt, 10.595188893216802, 0.3899131079547754
samples_hw/3FE68F52BFAC7EDC_40AA362CB98B0C5C.txt, 6.2813876831821, 0.7910941829677862
samples_hw/3FE68EB9A7699428_C0AEF6D11E0DCDA2.txt, 3.124323944489978, 0.9889786631519633
samples_hw/3FE68EB9A7699428_40A9463C751BEC78.txt, 9.261092855947206, 0.5075172627524843
samples_hw/3FE68DB1B3626C27_4093D2B8FA966570.txt, 5.551936060964722, 0.851399371841954
samples_hw/3FE68DB1B3626C27_409EFA73890134E8.txt, 16.192595857035474, 0.13413009951299204
samples_hw/3FE68C96B3ADEF78_C0A8B62B5F7CCC57.txt, 24.256190698572937, 0.006948658058971512
samples_hw/3FE68C96B3ADEF78_40A595763368CAEC.txt, 11.633151260454591, 0.3103581766952071
samples_hw/3FE68C4E3F0C8750_403502847B9A0500.txt, 8.67136429664496, 0.5635502048276096
samples_hw/3FE68C4E3F0C8750_40AB332DA29D865C.txt, 21.390431274444754, 0.029544471156467453
samples_hw/3FE68B8E8BB3C417_C0A89BCB3086D796.txt, 14.969896660250257, 0.13316323042024567
samples_hw/3FE68B8E8BB3C417_C08A55A8436D2B50.txt, 15.755386570859196, 0.10685212901710782
samples_hw/3FE68B0E4AC01E9D_40A065768B65EAEE.txt, 7.772657373032375, 0.6510324145997946
samples_hw/3FE68B0E4AC01E9D_40AAFBA4A50D9748.txt, 17.663946096779853, 0.06090397950093749
samples_hw/3FE6884728A47E57_C0960896AFC5D12C.txt, 11.547755631782056, 0.31646254005772195
samples_hw/3FE6884728A47E57_40920D30469E5A60.txt, 8.351985819946718, 0.594497134351019
samples_hw/3FE685BFBF857A25_C07CED54579CDAB0.txt, 9.347436476065138, 0.4994783690888803
samples_hw/3FE685BFBF857A25_40A2909CD9CAC13A.txt, 5.269443500677469, 0.8724674722163175
samples_hw/3FE682A1A4947BF0_C0365BB5517CB700.txt, 20.280195114711574, 0.04164288516857799
samples_hw/3FE682A1A4947BF0_408A9B13426DB628.txt, 10.749898778260539, 0.46444770706114036
samples_hw/3FE6824DA36A1D30_40A518BE2715517C.txt, 11.355366664091115, 0.41398980070629177
samples_hw/3FE6824DA36A1D30_40A75B0C72C91618.txt, 9.783163634621356, 0.549990900144379
samples_hw/3FE67E84FBA2DEB1_C0B0D66FA87C5CDF.txt, 10.889321162430587, 0.45258173015084235
samples_hw/3FE67E84FBA2DEB1_C0B06725C75D1E4C.txt, 5.5927147250969815, 0.8482429131011588
samples_hw/3FE67E3BB7E06FE0_4082E04B94AF4090.txt, 6.2013659489209685, 0.798071058885955
samples_hw/3FE67E3BB7E06FE0_4094C4271989C850.txt, 6.851947125304274, 0.7393442300459705
samples_hw/3FE67D89D6198797_408ABC059F34F810.txt, 7.840416240680813, 0.7275238219760212
samples_hw/3FE67D89D6198797_409FE3171F7B062C.txt, 6.277814707451534, 0.7914073665642976
samples_hw/3FE67C741562834A_40721F2751F73E50.txt, 11.696383834877752, 0.3058901931218478
samples_hw/3FE67C741562834A_408C2266FABDC4C8.txt, 19.468630604290315, 0.0346985977603314
samples_hw/3FE67A2CB03961C2_408BA6C82A43CD90.txt, 7.317002064181015, 0.6952172718902324
samples_hw/3FE67A2CB03961C2_4094B72B3D55AE58.txt, 6.343712398270412, 0.7856068692197201
samples_hw/3FE670E379F268CE_4094EDEBCE4D9BD8.txt, 22.922637480280983, 0.018124409743879827
samples_hw/3FE670E379F268CE_4096C3CD032EC798.txt, 6.860584020969954, 0.7385378723767771
samples_hw/3FE6709B1D75F053_408C0FAD11879F60.txt, 6.2917342023673335, 0.7901864125132114
samples_hw/3FE6709B1D75F053_40AC2FD72607BFAC.txt, 5.7840529620614305, 0.8330680518515046
samples_hw/3FE66FC48F8C888A_40A27E68D5505CD2.txt, 16.229351613803782, 0.09325248161303439
samples_hw/3FE66FC48F8C888A_40B30E8733F78D0E.txt, 9.243264816174676, 0.5994489169097683
samples_hw/3FE66B9F6CC2D19D_4085BE2EAE18FC58.txt, 2.6337622045182405, 0.988779823070302
samples_hw/3FE66B9F6CC2D19D_40920317CF154630.txt, 14.652500794419879, 0.145253975565227
samples_hw/3FE66A658DEFB498_C0B2A4F95B30B9F3.txt, 13.061084429466945, 0.22027655016505165
samples_hw/3FE66A658DEFB498_C0419BD7570B3800.txt, 15.205403775675462, 0.12475072504778975
samples_hw/3FE66885B5D73778_C0A331627D6342C5.txt, 20.32401152790088, 0.0410901637138243
samples_hw/3FE66885B5D73778_408DF9D2B4EF73A0.txt, 8.952336529838343, 0.536632930596751
samples_hw/3FE66371D3478B42_C08681F6985883F0.txt, 25.069384863909264, 0.005215528130755664
samples_hw/3FE66371D3478B42_40A97174525A82E8.txt, 13.384183864462715, 0.20297763674645947
samples_hw/3FE6633F9A06D738_C0A8880D89C8F01B.txt, 9.793702034090886, 0.45877527998809453
samples_hw/3FE6633F9A06D738_C08EBFF0E3EBFFE4.txt, 15.997431185928784, 0.0997059593452807
samples_hw/3FE65E2B7DA2E9A0_C06B3BF480107800.txt, 8.497537516085579, 0.5803570684883753
samples_hw/3FE65E2B7DA2E9A0_40AFEE7A3736BCF4.txt, 6.297289348454512, 0.789698494834305
samples_hw/3FE65C05EBC5E079_40A9CFED598B3FDC.txt, 8.32335157615653, 0.5972845416540935
samples_hw/3FE65C05EBC5E079_40AC7EA8014D1D50.txt, 11.737458810604242, 0.38369769370284
samples_hw/3FE65A0B6F510F4F_C09F29388B569270.txt, 15.80325408233323, 0.14859359950088705
samples_hw/3FE65A0B6F510F4F_C0970413AA8AC828.txt, 4.981294889429976, 0.8924240269960136
samples_hw/3FE659A908B5A0E6_C0AAD8E0557011C1.txt, 11.2900156473093, 0.41929633577282044
samples_hw/3FE659A908B5A0E6_4095C7FBC425CFF8.txt, 17.74213443544232, 0.05947240900170369
samples_hw/3FE658A8DD75171F_C0B22885355F210A.txt, 10.742567552272474, 0.4650754663066963
samples_hw/3FE658A8DD75171F_40A3F671AA528CE4.txt, 10.115194415154598, 0.4304457231288782
samples_hw/3FE658A17D862739_BFC62CF4C82C8000.txt, 4.075351859921, 0.9438837000517349
samples_hw/3FE658A17D862739_409E20708F2280E0.txt, 5.473912222010787, 0.857359683936307
samples_hw/3FE658179041E9EC_C09EDBD4FB14F7AA.txt, 4.48886968051673, 0.9226109106069338
samples_hw/3FE658179041E9EC_40B1DDC76D622B8E.txt, 25.616461740795977, 0.00429174886450043
samples_hw/3FE65682072A1C97_C0B0E2704DC6B4E0.txt, 16.53824885082295, 0.12229538229516825
samples_hw/3FE65682072A1C97_4073C48ACD068910.txt, 7.843395145372916, 0.7272598341265608
samples_hw/3FE6564D56C35C5E_C097D5650754EACA.txt, 16.255940356445485, 0.13189200984343588
samples_hw/3FE6564D56C35C5E_40A1F75AAF410EB4.txt, 17.553792408798646, 0.09252852233416309
samples_hw/3FE65645C1EEE210_C068D98D2FD7B320.txt, 10.97794493402563, 0.35923888129507037
samples_hw/3FE65645C1EEE210_40A21CA16B519944.txt, 11.157342238504283, 0.4301774040152294
samples_hw/3FE64E3229E689DE_C0AB0570FB73EAE2.txt, 7.879422097955962, 0.7240626129987431
samples_hw/3FE64E3229E689DE_40A50BCF4BBCB7A0.txt, 7.802187778473744, 0.6481519350737779
samples_hw/3FE64D2009DBC750_C09382F98A0BC5F2.txt, 8.682429564478998, 0.5624838687028058
samples_hw/3FE64D2009DBC750_40A9F569AAA64AD4.txt, 13.335761857375555, 0.27194774532266947
samples_hw/3FE64AB18B9D5C40_C0746197C89DC330.txt, 8.895095609719554, 0.5420875596064009
samples_hw/3FE64AB18B9D5C40_40A1B1A26D330344.txt, 7.325394124383107, 0.6944099291513853
samples_hw/3FE649DD60639796_C0B20667A34D9CCF.txt, 14.942363932724954, 0.18515077319818132
samples_hw/3FE649DD60639796_40B22CA80547A950.txt, 10.446805778999265, 0.49069996329994303
samples_hw/3FE647E49045C6E9_C0666295A122C520.txt, 11.042128107868502, 0.35424526823642377
samples_hw/3FE647E49045C6E9_4065EDE72D31DBE0.txt, 6.642144085046156, 0.8272791036429097
samples_hw/3FE64684743C0B01_C0B0C48D1F13D91A.txt, 13.450084601794513, 0.2649281155685857
samples_hw/3FE64684743C0B01_C0A7CF1D0A20FE3A.txt, 12.450904262566354, 0.3307213278976566
samples_hw/3FE645D866D69720_C0A2E5AE16542B5C.txt, 10.858462357211444, 0.36865097558703763
samples_hw/3FE645D866D69720_C09DCFB453045F68.txt, 10.219637101012559, 0.42143981592457036
samples_hw/3FE640DBF386CE5A_C0B0D2C77EE4958F.txt, 10.566116334300595, 0.3923042865850128
samples_hw/3FE640DBF386CE5A_40B2993A9A2FA276.txt, 16.751574271646074, 0.08004494895695738
samples_hw/3FE63CED87F5C2F6_408913B8853DA770.txt, 10.36859356585761, 0.4975681462295798
samples_hw/3FE63CED87F5C2F6_40A0D3B65997476E.txt, 13.44048365910955, 0.20007553397488947
samples_hw/3FE6398E7E5263B6_C085FB77A22B76F0.txt, 12.453293159565805, 0.3305521559697379
samples_hw/3FE6398E7E5263B6_409D0BCFBB75D79C.txt, 18.101339789650407, 0.05327805504372084
samples_hw/3FE635032CFC59FE_C0A8C75F35B0AEBE.txt, 8.304814486266952, 0.6857667278435833
samples_hw/3FE635032CFC59FE_40912A6EF59C94E0.txt, 9.10110219416624, 0.61256055997625
samples_hw/3FE632A923F1630A_C0A63AA76DE5154F.txt, 15.143286932177762, 0.176030723949814
samples_hw/3FE632A923F1630A_C087AE6972FDDCD0.txt, 4.220260160550233, 0.9368640614486362
samples_hw/3FE6310FCBE495FB_C09769A457A4134A.txt, 10.525018370988239, 0.4838688413471659
samples_hw/3FE6310FCBE495FB_40AA5F5A6EE99EB4.txt, 21.299434577436575, 0.030398255561036754
samples_hw/3FE62DC789505EC7_C0A0C673BDD0ACE8.txt, 5.763383336889379, 0.8347354760217249
samples_hw/3FE62DC789505EC7_407F531EF233A630.txt, 17.4280198101951, 0.06541345028526796
samples_hw/3FE62D6346660CA6_C0A398F896D051F1.txt, 15.145257839895566, 0.17594307929409916
samples_hw/3FE62D6346660CA6_40907B0955EEB614.txt, 14.473872772632676, 0.2078717100701419
samples_hw/3FE62D3A461DC4A8_408BE865ADD750C8.txt, 9.165446874308383, 0.5164774577912248
samples_hw/3FE62D3A461DC4A8_40926C10BD4D1820.txt, 7.867065265849348, 0.6418200429481806
samples_hw/3FE62AAD4F8D4DEB_C0A350B8BBD8C172.txt, 12.209143728682772, 0.348129717467769
samples_hw/3FE62AAD4F8D4DEB_C04C9CDC6A113980.txt, 7.746742940132017, 0.6535591628010634
samples_hw/3FE6298FDA6F9AB8_40B0ED6458DC0AC8.txt, 7.855655984949814, 0.7261726807946709
samples_hw/3FE6298FDA6F9AB8_40B381B4220F7368.txt, 10.913136399216187, 0.4505689300684961
samples_hw/3FE62764248722B8_C0A91C5E6408D8BD.txt, 3.262262539928047, 0.9745611574278538
samples_hw/3FE62764248722B8_4093C7785F48CEF0.txt, 12.666690589916708, 0.24290905830270854
samples_hw/3FE626C8D2010096_C0A3D5EB86030BD7.txt, 4.686856767760543, 0.9110912693318486
samples_hw/3FE626C8D2010096_40B2CADBB498A5B8.txt, 6.7578367883056325, 0.7480917496345686
samples_hw/3FE624F3EF944F45_C0AF293F8F4C327F.txt, 12.238069148402449, 0.34601704372427766
samples_hw/3FE624F3EF944F45_40B0DE693EF86CD2.txt, 6.532438289513008, 0.8355864308727514
samples_hw/3FE61E7C3A34D5FE_C06FD4B00DB5A960.txt, 10.08079239596002, 0.5231348088582393
samples_hw/3FE61E7C3A34D5FE_409193F93C14E7F0.txt, 4.628884735287533, 0.9145519368220135
samples_hw/3FE61DA38933BC85_C0B3863F34565C7E.txt, 15.14580903704164, 0.17591857427741717
samples_hw/3FE61DA38933BC85_C0A73DC112B25B82.txt, 7.803760574805702, 0.6479984883467105
samples_hw/3FE61C58C403D2A6_C0A173133C480626.txt, 8.756443655909427, 0.6443622790447168
samples_hw/3FE61C58C403D2A6_C0A0019891DE6331.txt, 8.279942443978497, 0.6015131282061782
samples_hw/3FE61933E925C7B5_C0ACE82B12ADB056.txt, 11.480393165501885, 0.3213347145231805
samples_hw/3FE61933E925C7B5_C0ACD48939DB4912.txt, 6.987790934395237, 0.8000713524523763
samples_hw/3FE613AD71830EA3_C0A92F8A60BCBF14.txt, 18.906494605153586, 0.06279274972128636
samples_hw/3FE613AD71830EA3_409A010267E74204.txt, 10.02904651654865, 0.527776301545386
samples_hw/3FE612DC6A40DB58_407CAE4901B05CA0.txt, 7.478995656534731, 0.6795820266948762
samples_hw/3FE612DC6A40DB58_4091737D2BBA26F8.txt, 11.544867294931214, 0.31667041876942736
samples_hw/3FE610BDE6BA6C18_C0A2BD1823AADA30.txt, 19.11593809285282, 0.05904386872984962
samples_hw/3FE610BDE6BA6C18_C08E76CCB4CE6D98.txt, 5.4290629125268275, 0.8607378130930576
samples_hw/3FE60C23866FCD9D_C05FA2FBBAF34600.txt, 7.347355772774175, 0.7702968380335209
samples_hw/3FE60C23866FCD9D_409F91791EBB62F4.txt, 8.473099113446901, 0.6704015496633577
samples_hw/3FE60C172A436377_C0B35E19056E6C32.txt, 8.750797011139152, 0.5559059815227951
samples_hw/3FE60C172A436377_4099213E1314027C.txt, 17.687410828682907, 0.089122970392329
samples_hw/3FE60BC101188E2E_4051C49B796F8940.txt, 10.943693986085895, 0.36192157721819085
samples_hw/3FE60BC101188E2E_40B2F91772DAA230.txt, 17.818708170367977, 0.05809987202220473
samples_hw/3FE60A2C8269C86B_C0A4000D5947201B.txt, 3.928524619301078, 0.950513753154779
samples_hw/3FE60A2C8269C86B_C096CC8A9490D914.txt, 6.780812662967706, 0.7459628691427855
samples_hw/3FE60A289FBF0B29_C0ACD25E813084BD.txt, 8.986536284333765, 0.5333818103735286
samples_hw/3FE60A289FBF0B29_40990F43FEC0DE88.txt, 17.299472547685546, 0.06799454251956497
samples_hw/3FE60A0F636723BF_C0A7FB35E814D66C.txt, 9.568661487690573, 0.5695517125618923
samples_hw/3FE60A0F636723BF_C0A515BB49C64B76.txt, 25.716980097597073, 0.004140068757033859
samples_hw/3FE60952E1CD2CC2_C0A27AF06F8115E1.txt, 9.356004860427351, 0.5890676338162024
samples_hw/3FE60952E1CD2CC2_40A3701BEDBC4038.txt, 8.496446255444816, 0.5804628792255253
samples_hw/3FE6087CAD6E054D_C0AFD51D10824A3A.txt, 12.375856711167836, 0.3360643591407952
samples_hw/3FE6087CAD6E054D_40AB043E4AE1287C.txt, 15.2673575217918, 0.12261424762431868
samples_hw/3FE606114E40FBDE_40604FF738FE9FE0.txt, 4.8891479934686, 0.9364158651736743
samples_hw/3FE606114E40FBDE_40A2B20B25DD8416.txt, 16.7435806299877, 0.08023396612914026
samples_hw/3FE6050F266BBEFB_C0A0A534062E2A68.txt, 13.493656577230546, 0.26228733914772545
samples_hw/3FE6050F266BBEFB_40A151E6191DC3CC.txt, 7.9872293089425686, 0.6300844176763085
samples_hw/3FE603EFF4F87CE0_C0B17160D4DA72C2.txt, 10.029084371612841, 0.5277729014551147
samples_hw/3FE603EFF4F87CE0_40A4B363006086C6.txt, 13.643256216487003, 0.25336570302146866
samples_hw/3FE603BEF51C26AC_4074128057E32500.txt, 6.464210550420888, 0.7748721695726328
samples_hw/3FE603BEF51C26AC_40A0E05DDCC6E0BC.txt, 6.296791224638361, 0.789742260853751
samples_hw/3FE6016480BD808C_C0B0D9F33C3BE3E6.txt, 16.748108642238204, 0.080126848571113
samples_hw/3FE6016480BD808C_C06DA42AE5A54860.txt, 9.014380286327075, 0.5307393797341482
samples_hw/3FE600E57FDDB9C1_C0A27D83C665DB08.txt, 8.524576010834947, 0.665684109220315
samples_hw/3FE600E57FDDB9C1_40908796AF1ECF2C.txt, 8.296637806891454, 0.5998864007454118
samples_hw/3FE5FF0020A3A685_C093BA612F3B34C2.txt, 12.888914923114267, 0.3006478739578129
samples_hw/3FE5FF0020A3A685_C08F857B12B98AF4.txt, 9.71363429284994, 0.5563150805444801
samples_hw/3FE5FE43BED58D58_4092A72F267B8E5C.txt, 15.021931517746745, 0.18149509466315067
samples_hw/3FE5FE43BED58D58_40A041676320A2D0.txt, 5.9081168850047545, 0.8794240230335368
samples_hw/3FE5FCF272BE4BD3_40494FABDA7A9F80.txt, 3.0566110569222174, 0.9899563700147417
samples_hw/3FE5FCF272BE4BD3_40985EBAFD917D74.txt, 10.125245924989926, 0.5191576715021418
samples_hw/3FE5FB6EA7FFD27D_C0AB2A81154FB502.txt, 8.210407573496218, 0.6943410378568659
samples_hw/3FE5FB6EA7FFD27D_40AD9A6E21C1D4DC.txt, 15.098306322531613, 0.17804051602905488
samples_hw/3FE5FAE48A13898B_C0994935908DD26A.txt, 7.6569388884836, 0.7436651490326702
samples_hw/3FE5FAE48A13898B_409A49ADBD84D35C.txt, 21.55952403544409, 0.02801652880960604
samples_hw/3FE5F85C0CA39222_C0A5271391CFAE27.txt, 10.720624649060573, 0.46695662317381403
samples_hw/3FE5F85C0CA39222_40B059021B9F0204.txt, 6.860434545615074, 0.7385518326248609
samples_hw/3FE5EF2EA2E79DA3_C0810BFCB71297F8.txt, 11.004357304205898, 0.44289830814113357
samples_hw/3FE5EF2EA2E79DA3_40A652C7F993058E.txt, 14.089690939791739, 0.22807019098986597
samples_hw/3FE5EC6323C38057_4097D643B9D46C88.txt, 13.603778404122929, 0.25569821500521306
samples_hw/3FE5EC6323C38057_409BBF6FE1373EE0.txt, 15.60827656011051, 0.11140849721005476
samples_hw/3FE5EB6EF74C2FD6_C0ADE866535470CC.txt, 6.838528985446089, 0.8120049037751296
samples_hw/3FE5EB6EF74C2FD6_C09FAF7146FF9EE4.txt, 5.386884263214976, 0.863882233439806
samples_hw/3FE5EAFA45871CD4_C0A4DDFED48D9BFE.txt, 11.193370597887501, 0.34265252389552187
samples_hw/3FE5EAFA45871CD4_408B4DD000051B98.txt, 14.10973981887373, 0.22698050669640715
samples_hw/3FE5EA08EB867B13_C0B0AE7238CB0CE4.txt, 7.813240794481267, 0.7299293809064298
samples_hw/3FE5EA08EB867B13_40AD77204BD7CE40.txt, 8.614156944180895, 0.6574590322757479
samples_hw/3FE5E9FF16FB577E_C0A9FB8989C59713.txt, 10.87975376798904, 0.4533915147446922
samples_hw/3FE5E9FF16FB577E_C0987B01487FB602.txt, 7.770124218924475, 0.7337358164734655
samples_hw/3FE5E5E7E3862B13_C0ABB803B87B1007.txt, 4.107438886804002, 0.9423700738433923
samples_hw/3FE5E5E7E3862B13_40AFE8F132DDB1E0.txt, 11.07439798467446, 0.4370516681528535
samples_hw/3FE5E4532A278ACE_C0A4373B82E30E77.txt, 8.210115783143088, 0.6943674814223537
samples_hw/3FE5E4532A278ACE_C097A8D961D591B2.txt, 16.954015596433397, 0.10924317364850082
samples_hw/3FE5E3885803CD64_40A59A591F9D94B2.txt, 13.216884327070517, 0.279386690592398
samples_hw/3FE5E3885803CD64_40A7C54EDB512A9E.txt, 7.015109492963772, 0.7978585864051329
samples_hw/3FE5E0C6220D9993_C09B661983FB0C32.txt, 12.559687538681338, 0.32307468499130326
samples_hw/3FE5E0C6220D9993_40AAABFE79A0B7FC.txt, 5.611975122549276, 0.8467423678075596
samples_hw/3FE5D9924F65103F_C08CF91BA0747238.txt, 10.296869947894189, 0.4148453399398797
samples_hw/3FE5D9924F65103F_40A7A3C888BB2792.txt, 6.161237739927194, 0.8015396515547346
samples_hw/3FE5D9492AECC5A9_C0A138477100908F.txt, 8.942049596856373, 0.5376120001537704
samples_hw/3FE5D9492AECC5A9_40B1398CDF17631A.txt, 18.27750748904707, 0.07536082683247564
samples_hw/3FE5D2C4F41D383F_C0B125F694F2DBED.txt, 13.168295708440441, 0.21441387690615737
samples_hw/3FE5D2C4F41D383F_40A28929BC5B3254.txt, 11.529359643974598, 0.40003766868522
samples_hw/3FE5D226799492A6_C0AE68FB7F9931F7.txt, 9.842451115866822, 0.5446121164637536
samples_hw/3FE5D226799492A6_40A0AF07CF517E10.txt, 11.649550930432062, 0.3905532413225687
samples_hw/3FE5D0736E968967_C0AAEAAE353BF55C.txt, 15.75787429131865, 0.15036039868004356
samples_hw/3FE5D0736E968967_40B2FF8289A70F06.txt, 12.793864433579387, 0.3070116309218054
samples_hw/3FE5D0335432E137_C0B1832B8893B657.txt, 7.0447474165587245, 0.7954482680881181
samples_hw/3FE5D0335432E137_401FC1FC3EFF8400.txt, 22.50828392301142, 0.012714563633044391
samples_hw/3FE5CF5A583B4FA0_C0AFABBD987DF77B.txt, 10.154916661979868, 0.4270087433652165
samples_hw/3FE5CF5A583B4FA0_40A96E9E29BF3D3C.txt, 5.892177579787299, 0.8804606666930215
samples_hw/3FE5CB77A02DB2E1_C080C5D79E780BB0.txt, 14.285709367061097, 0.21758522769099142
samples_hw/3FE5CB77A02DB2E1_40981F0F936B7E20.txt, 6.145662714735626, 0.8634704326348401
samples_hw/3FE5CA9D22D3ACF2_C09653152177662C.txt, 26.34937075217767, 0.005755920854529928
samples_hw/3FE5CA9D22D3ACF2_C090D552508AEAA4.txt, 10.765452088451243, 0.4631171473234027
samples_hw/3FE5CA22FBA0F879_C0AA24575ACD28AF.txt, 13.144413484049354, 0.2839915409181881
samples_hw/3FE5CA22FBA0F879_C086B8AE6470F158.txt, 13.866194426756955, 0.17918285366296013
samples_hw/3FE5C88EA7FB10E3_C0A7B7E76A384FCE.txt, 5.936553837966594, 0.8205652364550688
samples_hw/3FE5C88EA7FB10E3_C07020EEFABF41E0.txt, 13.527175908302809, 0.19567101695007777
samples_hw/3FE5C7396DEF0B88_C08E57BEF1A52F7C.txt, 13.933860784371877, 0.17602985632865067
samples_hw/3FE5C7396DEF0B88_408EAA6F2343D4E0.txt, 18.881396006844334, 0.06325599629022607
samples_hw/3FE5C1F9A3B537E8_C09920141475002A.txt, 15.605399406697954, 0.11149925411681849
samples_hw/3FE5C1F9A3B537E8_C0906F8EA8E81F1E.txt, 18.881728817111554, 0.04179087723677993
samples_hw/3FE5BDDF48204721_40A78468833868D0.txt, 11.354301530522113, 0.4140760042268679
samples_hw/3FE5BDDF48204721_40B12FA846F98F50.txt, 6.76874965321217, 0.8174894797934322
samples_hw/3FE5BD7E219E2B50_C0B0E09B46AB9137.txt, 8.680999133558366, 0.6513107813353153
samples_hw/3FE5BD7E219E2B50_C068D6241437AC40.txt, 11.362202966861544, 0.4134367509982522
samples_hw/3FE5B822AB6D1CD6_C0990FA9083B5F50.txt, 14.485415842855334, 0.15197905118571106
samples_hw/3FE5B822AB6D1CD6_C08A2A043C5CD408.txt, 8.460164945988915, 0.67158570546674
samples_hw/3FE5B69A65A52F14_C07ABE8E8DEA7D20.txt, 11.17210612319809, 0.34426757108735284
samples_hw/3FE5B69A65A52F14_40B2F15D557432BA.txt, 8.832105565853137, 0.6373864283178078
samples_hw/3FE5AE92A545D02B_4087766D86D26CE0.txt, 8.074021021773184, 0.7066581785268649
samples_hw/3FE5AE92A545D02B_4096D690C8CEED24.txt, 17.64204022665651, 0.09026687316936842
samples_hw/3FE5AE502D3B790E_409DE9F35EB393E4.txt, 2.2596883243559787, 0.9973557254570875
samples_hw/3FE5AE502D3B790E_40A009070303F20E.txt, 9.032703319090933, 0.6188735481608167
samples_hw/3FE5ABF34CCCB99D_C0B2E783B4581F07.txt, 11.973916549213879, 0.3656070268868398
samples_hw/3FE5ABF34CCCB99D_409B7F49C045BE94.txt, 16.17081321785751, 0.1349070363942353
samples_hw/3FE5AB06EF931D23_C092404E0492409C.txt, 9.150276781344104, 0.5179037179737578
samples_hw/3FE5AB06EF931D23_C0844B5FB8D116C0.txt, 8.905909293160224, 0.6305770414283347
samples_hw/3FE5A7D0DB908FB9_C09CDCA884BEF952.txt, 7.174306755991835, 0.7847971713804819
samples_hw/3FE5A7D0DB908FB9_C091F9A3AA32B348.txt, 19.24631069000617, 0.05681293066428218
samples_hw/3FE5A6BA80D781BA_C091226A727F04D4.txt, 6.6287927619858475, 0.8282989877277608
samples_hw/3FE5A6BA80D781BA_C075B2C6900C6590.txt, 12.747470316242227, 0.3101505992429839
samples_hw/3FE5A2A7E3E1D32C_4076496A67CD92D0.txt, 6.951152635993416, 0.8030253466503945
samples_hw/3FE5A2A7E3E1D32C_40B2EE12F8EC2C26.txt, 9.64668997154325, 0.4720176159209216
samples_hw/3FE5A285FD610FB6_C0A7E989051BF312.txt, 10.672594055313462, 0.47108579764938396
samples_hw/3FE5A285FD610FB6_40B2562EE09C1C5E.txt, 19.67873807373705, 0.04994606666630168
samples_hw/3FE59C0461B85520_C079721C1FCFE440.txt, 15.258231740789158, 0.170977556006107
samples_hw/3FE59C0461B85520_C072FAC1D954F580.txt, 12.224533796991322, 0.3470046444510809
samples_hw/3FE599A1DF9C5EA6_C0634A43BA989480.txt, 10.525785185717435, 0.4838020560565859
samples_hw/3FE599A1DF9C5EA6_40A8E5136D60EA28.txt, 6.833955252048612, 0.8123662773753585
samples_hw/3FE598DF540B2E27_C0B1765A1B691CB4.txt, 15.272874804742338, 0.17034230698962013
samples_hw/3FE598DF540B2E27_C0B142D34661B5A7.txt, 8.746550632345599, 0.6452739000791355
samples_hw/3FE594FF012ECE46_C0B35A26B683E44D.txt, 9.993784613675704, 0.530946317745113
samples_hw/3FE594FF012ECE46_C0B1E8646D2440C9.txt, 5.628698116971448, 0.8969552199952595
samples_hw/3FE59346583AB858_C075F93F9024F280.txt, 8.262047133307082, 0.6896554820512222
samples_hw/3FE59346583AB858_C03CA1D0A6094300.txt, 8.333621818611501, 0.6831433769296531
samples_hw/3FE592DFAF5E0C4B_C09682025EDF4404.txt, 7.957065709551911, 0.7171445934293144
samples_hw/3FE592DFAF5E0C4B_40AC58CED1C8119C.txt, 14.875878945739844, 0.188250068919719
samples_hw/3FE590D04097B95F_C07C4ADA37E795B0.txt, 3.878120995023887, 0.9733474726398993
samples_hw/3FE590D04097B95F_40A3B6C651DFCD8C.txt, 13.809496252301768, 0.24371467503374278
samples_hw/3FE5895DDF0B3CB9_C0A8A5924E41AB24.txt, 4.8931844059655845, 0.9362289147552023
samples_hw/3FE5895DDF0B3CB9_40722E1219635C30.txt, 5.5960085913730175, 0.8989155597933328
samples_hw/3FE5840B9D76FBF9_C08661A3DBD34348.txt, 6.537723711411156, 0.8351900502093682
samples_hw/3FE5840B9D76FBF9_40A0AB570F3D36AE.txt, 10.259707704223683, 0.5071887605796166
samples_hw/3FE58255518A6A67_C0B0CAC2615BC585.txt, 8.01752302287565, 0.7117332839354562
samples_hw/3FE58255518A6A67_40936CDFF63399C0.txt, 9.453197269619778, 0.580135596807686
samples_hw/3FE5821BB4A44D54_C0B26067335B90CE.txt, 9.394714910933743, 0.5855079383091255
samples_hw/3FE5821BB4A44D54_409FC8311F515064.txt, 6.041671504877988, 0.8117501115084114
samples_hw/3FE58187EBED8BD2_C0A3310D48A4C21A.txt, 10.816144526101318, 0.4587923180883605
samples_hw/3FE58187EBED8BD2_408A8A3422A09468.txt, 6.709080633845712, 0.8221297225498497
samples_hw/3FE5809574495E43_C0A54C52A12778A5.txt, 8.866004822547517, 0.6342592302675734
samples_hw/3FE5809574495E43_40A418994B76D134.txt, 10.150315295226592, 0.516919088876063
samples_hw/3FE57D943DECE62E_40ABB0B4BB178168.txt, 12.020786233934734, 0.3620828141239051
samples_hw/3FE57D943DECE62E_40ACBD9C474B5B38.txt, 17.402195305114752, 0.0965289044226308
samples_hw/3FE57D6727190D7F_C0B07338ABFAD671.txt, 8.788259881135508, 0.6414296574291632
samples_hw/3FE57D6727190D7F_40839A795F25B4F8.txt, 15.477128295508264, 0.16167877646645082
samples_hw/3FE57D40DDA9CD3F_C0AA1DED5E4A5BDA.txt, 13.815825617488741, 0.18155934121430206
samples_hw/3FE57D40DDA9CD3F_409BEBB53D8C976C.txt, 21.877487605540203, 0.0253397275520398
samples_hw/3FE57CB2836ABEDE_C093865A59A5CCB6.txt, 10.876386885265399, 0.45367664720521084
samples_hw/3FE57CB2836ABEDE_409AA70EFABB8E20.txt, 11.468760187920957, 0.40486755477210895
samples_hw/3FE57BC9488E12CB_40606B4559A6D680.txt, 16.746730844737073, 0.11559364972755537
samples_hw/3FE57BC9488E12CB_40A3E144D3F2628A.txt, 8.032450881826845, 0.710394004361278
samples_hw/3FE579890F7E2116_C0B0322FA7D8745F.txt, 5.55129852127205, 0.9015653296893056
samples_hw/3FE579890F7E2116_C0AD0A4EE2A5B49E.txt, 11.671650226202061, 0.38882329189372705
samples_hw/3FE571ECC7B41FB4_408407A7D4888F50.txt, 7.169335394579176, 0.7093677970056801
samples_hw/3FE571ECC7B41FB4_4097B9D85AB633B0.txt, 20.551170404263384, 0.03833061420966535
samples_hw/3FE5700128455839_C0A598FEEE2091FE.txt, 6.348117196729865, 0.8491568425001745
samples_hw/3FE5700128455839_40B3338FB1E37720.txt, 20.729328049399093, 0.03628621188939741
samples_hw/3FE56E160537AF85_C0B1B57B8DBC1AF7.txt, 6.2493584274299465, 0.856218869533715
samples_hw/3FE56E160537AF85_40A6135FB86B46C0.txt, 7.533810657363421, 0.7543550480656094
samples_hw/3FE56B3C45524719_C0AB58DF53A951BE.txt, 15.794111632349077, 0.14894816335966088
samples_hw/3FE56B3C45524719_40A9751358780A28.txt, 4.5026395453643335, 0.9528476688723942
samples_hw/3FE5668A122471CD_C0A981C54473238B.txt, 12.855446740300751, 0.30287829236343927
samples_hw/3FE5668A122471CD_40A32204DDF0E40A.txt, 5.298604976803085, 0.8703593537355021
samples_hw/3FE562D36986A130_C083D832AFDE3060.txt, 9.07826266074111, 0.5246926468179335
samples_hw/3FE562D36986A130_40B1C36D42F336DA.txt, 9.011880648832514, 0.6207956411044511
samples_hw/3FE5624CB106B13C_C0B2CBAC0C2AE758.txt, 30.7319042120219, 0.0012148160397712582
samples_hw/3FE5624CB106B13C_40A3902324C28048.txt, 6.385359282226246, 0.8464552653710784
samples_hw/3FE5605AD0C5218D_C0AD0FC68BA2BF8D.txt, 13.206316155093548, 0.2800549037097454
samples_hw/3FE5605AD0C5218D_40A3F6CBD7A64D98.txt, 3.6712174828034754, 0.9785674496809171
samples_hw/3FE560335BD87B85_C0B18F2279BC8E45.txt, 8.453069296312648, 0.6722351234297719
samples_hw/3FE560335BD87B85_C0916E368B3A9C6E.txt, 12.787120130703846, 0.30746660628326056
samples_hw/3FE55DD991218113_C0AABA74B5D854EA.txt, 6.730245091552552, 0.8204891620282692
samples_hw/3FE55DD991218113_C092BA4C30E43498.txt, 13.24393403254475, 0.2776814970171813
samples_hw/3FE55D64ECFC86AF_409A85955562CB28.txt, 3.74075485346965, 0.9768962247972977
samples_hw/3FE55D64ECFC86AF_409AED3BE7BB1A78.txt, 8.967824297127214, 0.6248624120569535
samples_hw/3FE55D0EE8667E02_C09CB6FBFDB8ADF8.txt, 6.795501408881307, 0.8153941326390124
samples_hw/3FE55D0EE8667E02_C092CDE11A8E5BC4.txt, 7.56844173801781, 0.7513607891854689
samples_hw/3FE55AB54C6AE02A_C09641C77AFCC390.txt, 10.4876246398577, 0.48713010206206253
samples_hw/3FE55AB54C6AE02A_40B0EFD8F7ADAFB2.txt, 17.586062636717415, 0.09169582971358405
samples_hw/3FE559BB4D850847_C07A18194BC53030.txt, 11.229083978283759, 0.4242758166270103
samples_hw/3FE559BB4D850847_40AE4F81F2FEFF04.txt, 7.037999420895423, 0.7959979309275693
samples_hw/3FE5584072B4974C_409B24719A0D08E4.txt, 11.06617405134599, 0.43773619506359
samples_hw/3FE5584072B4974C_40A6EE7A8089BCF6.txt, 9.176176840431289, 0.6056342381922619
samples_hw/3FE557C6FB434FCF_4075458DE1798B20.txt, 11.16097593846859, 0.4298774958299682
samples_hw/3FE557C6FB434FCF_40ABB990F28B5324.txt, 19.168877955939692, 0.058128644559978036
samples_hw/3FE55520FB8C1C7B_C09B889E6B4BD13E.txt, 11.376938172055254, 0.41224602524015963
samples_hw/3FE55520FB8C1C7B_406C515EDF32A2C0.txt, 8.008870517698199, 0.7125089996658074
samples_hw/3FE55415047E5EBE_C0B1FD63F3C92AC8.txt, 21.384080100835874, 0.029603334714324685
samples_hw/3FE55415047E5EBE_C0A578C5F29FD18C.txt, 7.368534946074668, 0.7685019652727734
samples_hw/3FE553EA7665F697_C0AEB53629FECA6C.txt, 10.874053974150254, 0.45387426390554486
samples_hw/3FE553EA7665F697_C0AEA43CD842E87A.txt, 5.75710810960649, 0.8890690763090197
samples_hw/3FE552B70E9C1E94_40972C54F60F98A8.txt, 12.313438439645262, 0.3405501309495051
samples_hw/3FE552B70E9C1E94_40A1C13DF508E27C.txt, 6.522283153160316, 0.8363469055842631
samples_hw/3FE551A47BD2D418_C09133FC910D27FA.txt, 10.586054306053907, 0.39066350171989095
samples_hw/3FE551A47BD2D418_40B02B019FF4E604.txt, 8.629813258624477, 0.5675584125107411
samples_hw/3FE5511E59D3349B_C07C534FE115A6A0.txt, 8.237324690213306, 0.6919000913807312
samples_hw/3FE5511E59D3349B_40B1E78DCA8C1F1C.txt, 9.496301772596578, 0.5761806710371353
samples_hw/3FE54D765EE86F08_C096EA79C37814F4.txt, 11.993455953024695, 0.36413531775112207
samples_hw/3FE54D765EE86F08_C09245D05AB6CBA2.txt, 10.761417237020087, 0.4634621596490137
samples_hw/3FE54670B8CD6C65_C0A6E6E112C0ADC2.txt, 9.638485825242642, 0.5631685006359556
samples_hw/3FE54670B8CD6C65_40ABE30C52B9E618.txt, 6.9910203312131225, 0.7998102261535149
samples_hw/3FE53E0A7E4047C8_C09BBC5FE0DEB8BE.txt, 18.878316710505448, 0.06331304096661032
samples_hw/3FE53E0A7E4047C8_C07AD5A92A8AAB50.txt, 7.125881508173492, 0.7887996294251373
samples_hw/3FE53D620766D0B7_C090CA18C8C35430.txt, 8.741026904222421, 0.6457828433438707
samples_hw/3FE53D620766D0B7_40B357502FEA1EA0.txt, 2.623489988600963, 0.994825334164676
samples_hw/3FE53B4A874FF864_C09D383537ABB06A.txt, 9.618727703960106, 0.5649733198354445
samples_hw/3FE53B4A874FF864_C091F58BBF98AB16.txt, 7.638476545297106, 0.7452757085819046
samples_hw/3FE53B297CD8F644_40AB52D7263685AC.txt, 12.015899561047878, 0.3624492872869432
samples_hw/3FE53B297CD8F644_40B376CA5E81FD94.txt, 12.213465611522432, 0.34781354108520735
samples_hw/3FE53B125D3AE1AC_C0A9C1CF9D93A3A0.txt, 19.26927862677538, 0.05642784858530627
samples_hw/3FE53B125D3AE1AC_C09261DF93BE83BE.txt, 7.488803120815806, 0.7582313816850779
samples_hw/3FE53A5D5C2587DD_407343FD54CD87F0.txt, 5.955537285295938, 0.8763143890241837
samples_hw/3FE53A5D5C2587DD_409C09160F23D22C.txt, 14.420784549673945, 0.21057768387193196
samples_hw/3FE539AE69F0D6B3_C0A3D1AC31B04358.txt, 7.954890242409215, 0.7173389204481979
samples_hw/3FE539AE69F0D6B3_40B084BED37C597E.txt, 6.459768408315601, 0.8409958833876494
samples_hw/3FE53994845CA55F_C0B238E4B7CCE1C9.txt, 16.266692710435038, 0.13151523445466007
samples_hw/3FE53994845CA55F_C09E5299DFD86532.txt, 5.171114200589098, 0.9225970348201868
samples_hw/3FE5393C505C30F0_409E4E0C771E5C18.txt, 10.68626541330655, 0.4699088764637822
samples_hw/3FE5393C505C30F0_40B249EAA3DA43D6.txt, 7.450290762018156, 0.7615343861273719
samples_hw/3FE53632BF4258F7_C0B18401BF71B804.txt, 11.497114201012119, 0.48686317331979045
samples_hw/3FE53632BF4258F7_C0ACB886E32A910E.txt, 6.166488708847883, 0.8620277313600824
samples_hw/3FE532B8A56E15DF_409A2F1057C81E20.txt, 2.6316659369231687, 0.9947536461870111
samples_hw/3FE532B8A56E15DF_40ABCBDDF8FFF7BC.txt, 7.421882911687209, 0.7639623370208996
samples_hw/3FE53164E49C1A34_C0A53FF1E9BF5FE4.txt, 12.143585838263714, 0.3529477263793951
samples_hw/3FE53164E49C1A34_C0A44E749F213CE9.txt, 19.63156289427705, 0.05065691391901385
samples_hw/3FE530DA45F0E2BB_4096101A46BCE034.txt, 5.941981367967394, 0.8772072196604876
samples_hw/3FE530DA45F0E2BB_409A6E613E8B1CC0.txt, 6.6159083790071405, 0.8292808967938623
samples_hw/3FE53051D30FE861_C0B2E191D99E1324.txt, 12.510435381702607, 0.3265222957017915
samples_hw/3FE53051D30FE861_C09B1ECE34C5FD9C.txt, 14.596849859619617, 0.2017070492185456
samples_hw/3FE52C699A4E7553_408125DD9D31CBB8.txt, 8.541361713206882, 0.6641443332328052
samples_hw/3FE52C699A4E7553_40B36FA60B0E0F4C.txt, 9.60421295481364, 0.5662999124638246
samples_hw/3FE52BABCF56B8D0_C0ADEB0099203602.txt, 7.847221412473329, 0.7269206687294696
samples_hw/3FE52BABCF56B8D0_409CB41974C7A834.txt, 5.870863909130392, 0.8818400449096608
samples_hw/3FE52AD051F47D17_C07F2AA0CAD95540.txt, 5.578997701926544, 0.8999280110740472
samples_hw/3FE52AD051F47D17_40ABDF232D641E48.txt, 4.529104179460777, 0.951815210359148
samples_hw/3FE5286E8B696490_C0B37A14C961E42A.txt, 9.076810759964424, 0.614802387091777
samples_hw/3FE5286E8B696490_C0B18EE5F1854DCC.txt, 11.894907886383761, 0.3715943276766091
samples_hw/3FE527872BDD9255_C09207A30ED4CF46.txt, 8.787465610993376, 0.6415028827086697
samples_hw/3FE527872BDD9255_408229190667D238.txt, 5.561792883181602, 0.9009466474691853
samples_hw/3FE52716995C37AA_C0B1BF4115468E82.txt, 14.764002287875545, 0.19355795633461187
samples_hw/3FE52716995C37AA_40B1C164E35012CA.txt, 8.558404694581375, 0.6625802466955526
samples_hw/3FE527003506491A_C0A514B018490960.txt, 8.823473551256159, 0.6381825768006808
samples_hw/3FE527003506491A_4097828B781CC518.txt, 9.257088362310396, 0.5981750550809832
samples_hw/3FE526C97AD0E5EA_40A3E5E107E7ABC2.txt, 8.319978997258152, 0.6843861510435312
samples_hw/3FE526C97AD0E5EA_40AE806F253160DC.txt, 12.641843985507867, 0.3173771940769053
samples_hw/3FE5268475038C5C_C0A19BF4762ED7E9.txt, 9.381120695217568, 0.6700788774697995
samples_hw/3FE5268475038C5C_4083062E335D8C60.txt, 3.807837969783174, 0.9752046595471279
samples_hw/3FE526004BA41976_4071E6EFB9EACDE0.txt, 8.665310668346276, 0.6527545704307206
samples_hw/3FE526004BA41976_40B2DBD0FC6507A2.txt, 13.322071205042684, 0.2727972030483653
samples_hw/3FE525AF8018DCB9_C0A9BF1D83511E3B.txt, 12.584975993819986, 0.321313826104566
samples_hw/3FE525AF8018DCB9_40B13310CC741622.txt, 6.5811614129516, 0.8319175547605929
samples_hw/3FE524652B232942_C0A72A27C55FF450.txt, 9.328802552021656, 0.5915706864315171
samples_hw/3FE524652B232942_C09C9EEE7CEB7DDE.txt, 11.201021440928749, 0.4265793420284179
samples_hw/3FE5216D30B08261_C0A03082F3768106.txt, 5.227769207926318, 0.9196357823442336
samples_hw/3FE5216D30B08261_40AD311BE1540238.txt, 17.094770535334256, 0.10510338058307019
samples_hw/3FE51DAE50F118AC_40A3299ED02C333E.txt, 9.841868031010202, 0.5446649511378006
samples_hw/3FE51DAE50F118AC_40ACA01CB5FFE03C.txt, 20.958114305625152, 0.0338076091215699
samples_hw/3FE515BE6BBE7A67_C0AB1F9C3C9BDF38.txt, 10.510678535295837, 0.4851184430792447
samples_hw/3FE515BE6BBE7A67_407E9734860E2E60.txt, 7.215744822281145, 0.7813525529220763
samples_hw/3FE515A5E9265940_C0AF630DA403E61B.txt, 3.669818502857224, 0.9786002229682961
samples_hw/3FE515A5E9265940_C0A433E83B07C7D0.txt, 16.650802342947703, 0.1186374823139049
samples_hw/3FE513824E97639F_C082854DE2A58AA0.txt, 12.606747318013262, 0.3198029394098985
samples_hw/3FE513824E97639F_4097C0E2D77AC1C4.txt, 14.16440512996814, 0.22402941947357655
samples_hw/3FE51284D3AEB320_C0ACAEC440497D88.txt, 10.521691340373005, 0.4841586501309163
samples_hw/3FE51284D3AEB320_C0AA31CB3CB68396.txt, 27.163115830861802, 0.004341501255028411
samples_hw/3FE51225E643EA49_C098ED4E409B9A9E.txt, 10.359592649316722, 0.49836086946928226
samples_hw/3FE51225E643EA49_C055EF61E16FDEC0.txt, 12.250274775634855, 0.34512798067999134
samples_hw/3FE51110E5557D4C_C0A0C4840C3B6909.txt, 4.343100266595901, 0.9587853653527668
samples_hw/3FE51110E5557D4C_40957E1E59993C3C.txt, 7.121490223124386, 0.7891613327914544
samples_hw/3FE5104A19E66912_C0AA25C4D879AB8A.txt, 9.172939900257624, 0.6059327875485827
samples_hw/3FE5104A19E66912_40A721A909CEA352.txt, 17.18052407491052, 0.10264797437790472
samples_hw/3FE50FEED3F8716E_C0B3699B5CBCC337.txt, 11.355382242244621, 0.41398854000390795
samples_hw/3FE50FEED3F8716E_C0AB87D8A346EFB2.txt, 11.762780851212298, 0.3817358655279205
samples_hw/3FE50E7D92FD3DCD_409FC80452CFD008.txt, 15.349176853337887, 0.22289408967089933
samples_hw/3FE50E7D92FD3DCD_40B1182B30154056.txt, 9.087514305770897, 0.613814537114959
samples_hw/3FE50DA66A8C381A_C0A16594393FAB28.txt, 7.274633406718302, 0.7764269902048975
samples_hw/3FE50DA66A8C381A_C094EF25B8DA1E4C.txt, 8.384857668898258, 0.6784701821415782
samples_hw/3FE50D3C00A8B171_C0954D225CC7DA44.txt, 8.744992068983697, 0.6454175065911918
samples_hw/3FE50D3C00A8B171_C07FF339B682E670.txt, 8.37379371783596, 0.6794800899488396
samples_hw/3FE50C7D7E71C307_C0A0A1574AF222AE.txt, 12.28236799478518, 0.34279716466548327
samples_hw/3FE50C7D7E71C307_406CB0FB61876200.txt, 11.48960097737831, 0.4032029204276982
samples_hw/3FE50AD0C0C85135_409E4A06CFCF5410.txt, 16.64830472024736, 0.11871763390471306
samples_hw/3FE50AD0C0C85135_40B30315710BB62C.txt, 9.13677638334232, 0.6092688006439515
samples_hw/3FE50A622EEB3116_408CFBEE104D77D8.txt, 10.260656001629105, 0.5071046887690421
samples_hw/3FE50A622EEB3116_40B19B53CF5246A8.txt, 2.2438877230897645, 0.9974392015705608
samples_hw/3FE508D8F87B77F2_C0AED119F6150234.txt, 7.488429832082428, 0.7582634589908456
samples_hw/3FE508D8F87B77F2_4095FEC6A30E3D90.txt, 7.742483471183614, 0.7361692180300479
samples_hw/3FE508043891EDD1_C0AA32E3CD0DC5C8.txt, 15.274648024584973, 0.17026551026431286
samples_hw/3FE508043891EDD1_40B14A2C6C7A845A.txt, 19.820156886710272, 0.04786891926241886
samples_hw/3FE507C48827DD48_C08682E71C9C85D0.txt, 9.116899545152148, 0.6111027993387103
samples_hw/3FE507C48827DD48_40A5340D062B881A.txt, 9.561150418205836, 0.6543994547926641
samples_hw/3FE5060ECFED8393_C0AD8FD850FCFFB0.txt, 19.425300402996193, 0.05387356138629485
samples_hw/3FE5060ECFED8393_C0A985A2D2416B46.txt, 14.285471847761745, 0.21759770561899225
samples_hw/3FE5011C4A13CB0D_C0A04DFC37993BF8.txt, 10.150094683532517, 0.6027947485523084
samples_hw/3FE5011C4A13CB0D_40A798638CAF10C6.txt, 12.345895521583767, 0.33821282585521734
samples_hw/3FE500333B1D6C41_C0A1939E379B073D.txt, 12.838459340565787, 0.3040146769799058
samples_hw/3FE500333B1D6C41_407CC75B76B08EC0.txt, 6.887255794226174, 0.808138854656963
samples_hw/3FE4FE7BC8A632F5_C0AA3F7527059EEA.txt, 8.103131747629764, 0.7040367220568036
samples_hw/3FE4FE7BC8A632F5_40A63D60DF6D5AC2.txt, 13.618921415754762, 0.25480165606242794
samples_hw/3FE4FDA4CEB95E54_C0A3E4E9B033E9D3.txt, 7.223462583962159, 0.7807090320534777
samples_hw/3FE4FDA4CEB95E54_C0A1FEABB063DD58.txt, 16.575146486519166, 0.12108584799230679
samples_hw/3FE4F9785EFBD2FC_C0934D1A5863DA34.txt, 9.484129620377669, 0.5772970553372938
samples_hw/3FE4F9785EFBD2FC_408B8B9AE1CF9730.txt, 8.463662975383066, 0.6712654996980043
samples_hw/3FE4F972D455CD63_C0B2F6C119F95D82.txt, 11.744131819225915, 0.3831801375878158
samples_hw/3FE4F972D455CD63_C0A7622C6999A458.txt, 7.877178305574043, 0.724261981311302
samples_hw/3FE4F81E09762350_4084B6999658ED30.txt, 10.568157199467638, 0.4801174976386947
samples_hw/3FE4F81E09762350_40B293AE510BD75C.txt, 5.769329214313555, 0.8883032778707733
samples_hw/3FE4F7471A662F33_C0AC2A1352C03427.txt, 10.65425342139389, 0.5587582842380621
samples_hw/3FE4F7471A662F33_C0A0597C7BE612F9.txt, 11.711445826583086, 0.38571909371860486
samples_hw/3FE4F6F3C7FBF85B_40AEA170B592A2E0.txt, 3.893430516706486, 0.9729312700559175
samples_hw/3FE4F6F3C7FBF85B_40B299821A04E304.txt, 9.018510835686513, 0.6201836186973095
samples_hw/3FE4F5A953DAC8F6_C0B10B15B0C4E62B.txt, 28.334120652323282, 0.002876731257710821
samples_hw/3FE4F5A953DAC8F6_C09E6191C9158324.txt, 12.045502184711589, 0.36023270479699376
samples_hw/3FE4F3B32596D31B_C0987D249A063A4A.txt, 7.809154383074085, 0.730290682291362
samples_hw/3FE4F3B32596D31B_40A62DD230C6BBA4.txt, 9.203390132703325, 0.6031246858453898
samples_hw/3FE4F34E5D6A7AB1_C0A5C94446F6B288.txt, 4.5804154589727535, 0.9497747261044958
samples_hw/3FE4F34E5D6A7AB1_C065F8655571F0C0.txt, 10.758607284796314, 0.4637025005370109
samples_hw/3FE4F2D75A0112D6_C09C3519D85D2A34.txt, 8.44163203503279, 0.673281585799548
samples_hw/3FE4F2D75A0112D6_40A3AE673A483CD0.txt, 11.55041056864205, 0.39836734080227165
samples_hw/3FE4F0CFC4099E5C_C08C560554472C08.txt, 13.559306125528552, 0.25834454656358774
samples_hw/3FE4F0CFC4099E5C_C04BECA2956FD900.txt, 29.30294900853809, 0.0020366966536067696
samples_hw/3FE4EF3B7C59223D_C0A4D64E58AB0C9D.txt, 14.82535480622614, 0.19063270533521423
samples_hw/3FE4EF3B7C59223D_40223276D5846400.txt, 9.249716074694064, 0.5988543935296775
samples_hw/3FE4EF0580CB4622_C0B331348ECFF269.txt, 7.807150199860903, 0.7304678416846764
samples_hw/3FE4EF0580CB4622_4094204EAAE000A0.txt, 8.855743535681567, 0.715199989430731
samples_hw/3FE4ED9001F9DAC6_C0A65C2001CDD840.txt, 14.14855375256006, 0.29132270402098714
samples_hw/3FE4ED9001F9DAC6_C0974FFAF762DFF6.txt, 10.348853105286942, 0.5853849682117307
samples_hw/3FE4EAB18EE5DFBC_40A235D4E206CBAA.txt, 11.402486065975985, 0.4947763443185671
samples_hw/3FE4EAB18EE5DFBC_40ACCDEFD9FF7BE0.txt, 7.377727153748321, 0.8316762232646067
samples_hw/3FE4EA1BF7B91FE4_C09F77E7861FAFD0.txt, 15.828304903949551, 0.19922718535575326
samples_hw/3FE4EA1BF7B91FE4_C094FFD2D1093FA6.txt, 14.623337434811836, 0.2626839294023355
samples_hw/3FE4E9954586865A_C0A14CD22296B9A4.txt, 15.510061827304375, 0.16031604418702086
samples_hw/3FE4E9954586865A_C06A0904734E1200.txt, 6.069073502182226, 0.8687159014659154
samples_hw/3FE4E93C18ECA625_C0B2D823DC5AE048.txt, 13.948132039325632, 0.23587684846562595
samples_hw/3FE4E93C18ECA625_40A7237BC88066F8.txt, 13.195884392063828, 0.28071559571545124
samples_hw/3FE4E7CE873B1CBB_C0AE9343418EC686.txt, 10.048182240576487, 0.5260584033031475
samples_hw/3FE4E7CE873B1CBB_C0917878E6A430F0.txt, 13.881456781060143, 0.23962252234043777
samples_hw/3FE4E4AF3B43D32B_C0A0CC4D3ABFB89A.txt, 7.911405896028998, 0.7212173215187201
samples_hw/3FE4E4AF3B43D32B_40A823E77FC4E7D0.txt, 6.944343758041025, 0.8612695184634356
samples_hw/3FE4E45BBB8D578B_407953B8E36FA770.txt, 15.102124755658847, 0.17786919231969997
samples_hw/3FE4E45BBB8D578B_40A185E354342BC6.txt, 11.132956351088588, 0.5175600158868539
samples_hw/3FE4E3A183A4359F_C0A9946FEE7688E0.txt, 8.406666989275493, 0.6764782532201401
samples_hw/3FE4E3A183A4359F_40A2339A05E3C734.txt, 13.054285691113947, 0.28979214083936505
samples_hw/3FE4E30AD23D5DB1_4093A4B9E8DC8974.txt, 10.023556354875693, 0.5282694902053582
samples_hw/3FE4E30AD23D5DB1_40AFCEB3604ABD68.txt, 5.886920894923146, 0.8808015926419727
samples_hw/3FE4E2D0CE0DECFE_C0A6F4F80A8AC9F0.txt, 14.556004815520373, 0.20373855015427583
samples_hw/3FE4E2D0CE0DECFE_409A608BA2EE8118.txt, 3.6736100149796513, 0.9785113237222512
samples_hw/3FE4DF008F411669_C0AC71A04D7B4340.txt, 9.095088105515405, 0.6131155675666566
samples_hw/3FE4DF008F411669_C0A30768565F2ED0.txt, 15.918726674906566, 0.14417504513493265
samples_hw/3FE4D8E2BFC8434F_408F51F40F4F23E8.txt, 10.532009022863427, 0.48326013195904605
samples_hw/3FE4D8E2BFC8434F_4096F6963E9D2D30.txt, 6.604553814270761, 0.8301443325555778
samples_hw/3FE4D855ECF5996D_C0A6A80A214DF014.txt, 11.609161229186952, 0.47755639412632134
samples_hw/3FE4D855ECF5996D_C08436EB8681EDD8.txt, 7.987323742646465, 0.71443890179439
samples_hw/3FE4D71F723A788F_C0A7F592CD444B26.txt, 13.027188994316383, 0.29155206562364955
samples_hw/3FE4D71F723A788F_40A164ACA530E95A.txt, 7.198479218941354, 0.7827899636036881
samples_hw/3FE4D005FA196CE2_C0959F3FE059FE80.txt, 13.201505855098368, 0.28035942609504627
samples_hw/3FE4D005FA196CE2_40A7117FDD988300.txt, 10.5124775071471, 0.4849616062370238
samples_hw/3FE4CFEB7EFCC644_C07E4F2BBE359E50.txt, 6.465581220213223, 0.8908200898459753
samples_hw/3FE4CFEB7EFCC644_40ADADBC626EBB78.txt, 3.4172601451645774, 0.9839842627019967
samples_hw/3FE4CFA3F6957F5E_407B5A06F349B410.txt, 12.848708519182454, 0.30332870477007107
samples_hw/3FE4CFA3F6957F5E_40811AED01A0B5D8.txt, 19.745863912294105, 0.0489501586409637
samples_hw/3FE4CF7BC042B633_C0ACCCAD3CE2F95A.txt, 15.065458216902822, 0.17951979413203972
samples_hw/3FE4CF7BC042B633_C0AC0D85BBDDFB0C.txt, 18.498688673041624, 0.07070750353653033
samples_hw/3FE4CF05BCC0854A_C0A088C85A287191.txt, 12.599451056249496, 0.3203087623646627
samples_hw/3FE4CF05BCC0854A_409B5DE975677BD4.txt, 18.370500107986487, 0.07337235437873817
samples_hw/3FE4C955B6D7C29B_C0A182EF26A925DE.txt, 16.84692822156267, 0.11248566251232471
samples_hw/3FE4C955B6D7C29B_409E5F91AAC9FF24.txt, 10.0908724784174, 0.6079886235674585
samples_hw/3FE4C8FA06E63F24_C041523712CAA480.txt, 2.966210499020784, 0.991164928417781
samples_hw/3FE4C8FA06E63F24_40A2A3E0241227C0.txt, 5.052210844177719, 0.9562122941735934
samples_hw/3FE4C821F7A3F355_C0A1680B66AB7017.txt, 6.15939094592567, 0.9078348287757906
samples_hw/3FE4C821F7A3F355_40966E859AD91D0C.txt, 10.113071510135498, 0.520245921520542
samples_hw/3FE4C79DB4A14323_4047B577F3976A80.txt, 12.18637600425745, 0.34979830201378564
samples_hw/3FE4C79DB4A14323_40B19966444682CE.txt, 7.796196532944097, 0.7314356085098659
samples_hw/3FE4C73D1DB1D477_C0A6044B4545A896.txt, 8.783163881623256, 0.6418994550564088
samples_hw/3FE4C73D1DB1D477_40A8F33199A68664.txt, 12.229446767720415, 0.3466459676604102
samples_hw/3FE4C6B8CE73B5D4_C0B0DC4004622880.txt, 12.205074854643229, 0.3484275486355069
samples_hw/3FE4C6B8CE73B5D4_409C561BD562EC34.txt, 3.5198058638270546, 0.9819240148725943
samples_hw/3FE4C53051DFBAB9_C09B708DDD3EA11C.txt, 22.033989052681676, 0.0241112442309655
samples_hw/3FE4C53051DFBAB9_40A6F25A040D84B4.txt, 22.187665131244813, 0.02295902397337169
samples_hw/3FE4C1865DC14A3B_40AD4F4DEBB5BE9C.txt, 10.630538584014966, 0.4747140884471416
samples_hw/3FE4C1865DC14A3B_40B1DF836563AF06.txt, 5.056083885665117, 0.9284200783717917
samples_hw/3FE4BF2AE2E91EC5_40B2AF2D7D3ECE5A.txt, 11.160441096951303, 0.42992163246851745
samples_hw/3FE4BF2AE2E91EC5_40B2BC66C55368CE.txt, 10.230895027114443, 0.5097454835687356
samples_hw/3FE4BEB01B1C1519_C0A84E5C87157CB9.txt, 14.846946320271837, 0.18961158272776077
samples_hw/3FE4BEB01B1C1519_408AAB980FABD738.txt, 13.63739752619741, 0.2537108713618999
samples_hw/3FE4BE7BA69892CF_C0A1E430FBE0E861.txt, 23.796750318205408, 0.021674860878561703
samples_hw/3FE4BE7BA69892CF_40B32C02D3BD8806.txt, 11.77150621810531, 0.4642004823025908
samples_hw/3FE4BD71B89BE54C_40B063A30C4A5746.txt, 10.00774850581248, 0.5296903007034087
samples_hw/3FE4BD71B89BE54C_40B1DC48A2636892.txt, 11.707201903947546, 0.3860494568093248
samples_hw/3FE4BC4615B87823_40737C637BCBF8D0.txt, 12.824813281753581, 0.30492963305575455
samples_hw/3FE4BC4615B87823_409F38C142E3B184.txt, 4.625367615077363, 0.9479450993664229
samples_hw/3FE4BB98DAF3D4C3_C0A389DED50633BE.txt, 13.245670340239275, 0.3514401361370726
samples_hw/3FE4BB98DAF3D4C3_4086BC13C7EAF828.txt, 7.280641725261408, 0.7759224809377334
samples_hw/3FE4BA895115C463_C0963B6FB3BB36E0.txt, 10.820459499314829, 0.5443648603238329
samples_hw/3FE4BA895115C463_4063D4D18245A9A0.txt, 19.881502601310277, 0.04699248796633973
samples_hw/3FE4BA797E7666B1_C0AE7F2796D29E4F.txt, 14.850679837348983, 0.18943545390034583
samples_hw/3FE4BA797E7666B1_40A17FD0A31ADFA0.txt, 6.992631638578352, 0.8581001014369358
samples_hw/3FE4BA6E3710716C_C0921AF3226CF5E6.txt, 9.664168093780795, 0.560824305909394
samples_hw/3FE4BA6E3710716C_40AB5AAF5ED3D55C.txt, 12.537049181089246, 0.32465637798595987
samples_hw/3FE4B938637824F0_40A89F9925699F32.txt, 13.665405174192804, 0.25206389113370564
samples_hw/3FE4B938637824F0_40B00A166384E42C.txt, 18.479811520380782, 0.10187945915189056
samples_hw/3FE4B918FA4B09D5_C0A0548396B14908.txt, 8.45099099441318, 0.6724253085470039
samples_hw/3FE4B918FA4B09D5_40A5F694F82FCD2A.txt, 9.174954700700665, 0.6057469574613853
samples_hw/3FE4B5D67CF66A5F_C083FD1BD0EB7A38.txt, 7.161167172251262, 0.7858856617831006
samples_hw/3FE4B5D67CF66A5F_40863CFBEEAAF9F8.txt, 20.476714790952638, 0.03921584723157749
samples_hw/3FE4B3B1BF556221_C093860CB628CC1A.txt, 2.7128071829159186, 0.9940029225178845
samples_hw/3FE4B3B1BF556221_40A2E0F234A121E4.txt, 10.329293670699581, 0.5010327704254849
samples_hw/3FE4B365C6E75672_C0237C246AC6F800.txt, 11.254891809406255, 0.42216302429513675
samples_hw/3FE4B365C6E75672_409AEDBB57059B74.txt, 4.42426088427258, 0.9558259927650947
samples_hw/3FE4B29081DBDA08_C0AC7C8BAE8C1918.txt, 14.245301344577845, 0.21971593258729225
samples_hw/3FE4B29081DBDA08_C0A9B97CE34492FA.txt, 15.783226114453125, 0.14937123737709304
samples_hw/3FE4B20CF44F03F6_C09DD97BCCE8F2F6.txt, 9.079171658757595, 0.6145844913275655
samples_hw/3FE4B20CF44F03F6_40B299348AAC2268.txt, 12.954993400882788, 0.2962772024600151
samples_hw/3FE4AFF1475B24A9_C0B1F99F3A2E633E.txt, 8.697690416085734, 0.6497742477557658
samples_hw/3FE4AFF1475B24A9_C08AF5CB0CF56B90.txt, 11.12183924462308, 0.4331131791191069
samples_hw/3FE4AF0C159184E8_C09073DE120D27BE.txt, 21.731394558563753, 0.040642849183557504
samples_hw/3FE4AF0C159184E8_40A5682A35307054.txt, 21.134378010573094, 0.04844698374955774
samples_hw/3FE4AD9600EFBCA1_4087E81AFBF85038.txt, 22.379589249910847, 0.03347930006933236
samples_hw/3FE4AD9600EFBCA1_40A00B7EA46736FE.txt, 15.439470171020183, 0.16324855449715286
samples_hw/3FE4AD6D74ACD683_C0ACBCE2CBC619C6.txt, 2.827937259436894, 0.9928098345878578
samples_hw/3FE4AD6D74ACD683_409D9D9B7F7F7B38.txt, 21.69364596444238, 0.02685696366812527
samples_hw/3FE4ACD8FA648224_4085DA07E6AA3410.txt, 8.287312638748139, 0.6873590055193133
samples_hw/3FE4ACD8FA648224_40B18D1F758F2A3E.txt, 14.961594815288505, 0.2435434513372819
samples_hw/3FE4A6C61B91E12A_C076AEEA7BA25DE0.txt, 8.798280516620665, 0.7200565737492948
samples_hw/3FE4A6C61B91E12A_40B14AF5C85485EC.txt, 13.391897150712262, 0.3412108204676395
samples_hw/3FE4A55A1DD15318_409052F462F3E5E8.txt, 15.746891587123834, 0.15079058766405587
samples_hw/3FE4A55A1DD15318_40A7A248AC4C6490.txt, 12.69362915429985, 0.3916966473506999
samples_hw/3FE4A48034994F13_C0B002017B041403.txt, 17.682050619838215, 0.12569111896980417
samples_hw/3FE4A48034994F13_C090E2CC8A99859A.txt, 13.569685484156505, 0.2577251448621625
samples_hw/3FE4A4565EC4AB63_40905F22B4BF7E44.txt, 13.035760081504032, 0.29099457644156074
samples_hw/3FE4A4565EC4AB63_4097A273ED9A04E8.txt, 8.591979520048813, 0.6594969959842945
samples_hw/3FE4A3E1127FDA54_C0AF2E757D80FCEB.txt, 8.21706523262171, 0.6937375854985017
samples_hw/3FE4A3E1127FDA54_C0A8D89DE6D2D13C.txt, 18.584219943506533, 0.06897756113377831
samples_hw/3FE4A0D2D4E9A656_C0A9E3E93B1267D2.txt, 10.657642129935565, 0.5584640293092831
samples_hw/3FE4A0D2D4E9A656_C0A54225AF4F244B.txt, 5.8408033571783, 0.9238932745993635
samples_hw/3FE49FFAA69C8507_C0B12C306FAEA861.txt, 14.780559467135161, 0.1927650558833974
samples_hw/3FE49FFAA69C8507_C0AF5A3C00151478.txt, 11.305424360656435, 0.5029409746608613
samples_hw/3FE49B312D4E466F_40B1580ADB4E8016.txt, 18.120532984397542, 0.11207943774103937
samples_hw/3FE49B312D4E466F_40B27B1F353A863E.txt, 14.904897769213049, 0.24667859469545675
samples_hw/3FE497D0EDA48F34_C0A82267FD0EE4D0.txt, 13.408806685599478, 0.26744747660400603
samples_hw/3FE497D0EDA48F34_C0647948EED6F280.txt, 8.953242493107847, 0.6262083857658656
samples_hw/3FE4964EA48157D1_C0A5ACBEB2DC797E.txt, 8.944394154468537, 0.6270251078799118
samples_hw/3FE4964EA48157D1_4088E41ADD7B4838.txt, 3.8005325119635827, 0.9753926929342309
samples_hw/3FE4934EC9151CD9_C0B37F35A0B94E6B.txt, 22.03418953080571, 0.02410970667290886
samples_hw/3FE4934EC9151CD9_C0A7708B7BA44117.txt, 13.041482231288523, 0.2906228021380779
samples_hw/3FE49335F7660076_409062AD86BE855C.txt, 3.5344196236713272, 0.9816165996351598
samples_hw/3FE49335F7660076_40AF142A793E8854.txt, 13.538859306037908, 0.33111915049542484
samples_hw/3FE4931F26827792_40A23D83CC4CDB08.txt, 7.886973428189682, 0.723391419247702
samples_hw/3FE4931F26827792_40B2D1A767253350.txt, 17.320807177330455, 0.09873785054937247
samples_hw/3FE491BD664C79EE_409821F5FA5A03EC.txt, 8.751916828500248, 0.6447794324227966
samples_hw/3FE491BD664C79EE_40B06EA6577CCD4C.txt, 22.81676004531053, 0.018756644819737295
samples_hw/3FE4915739201184_C08D36E4559AEDCC.txt, 13.390525447670392, 0.34130591019642137
samples_hw/3FE4915739201184_40A62E9D070BBD3C.txt, 9.217397384414797, 0.601833254575848
samples_hw/3FE48C085FF18787_C09881D9A7AD43B4.txt, 10.200954971451724, 0.5124069434426965
samples_hw/3FE48C085FF18787_40A40AEE8398F5DC.txt, 4.765078875538829, 0.9420075103540112
samples_hw/3FE488448EB2A207_C08291584400A2B0.txt, 12.065222693587662, 0.44045584195590626
samples_hw/3FE488448EB2A207_408BE9B6ED4A5368.txt, 11.437196719245735, 0.4073957633141969
samples_hw/3FE48710460BE9B7_408D73C87C036790.txt, 15.59011419748512, 0.15704267823266044
samples_hw/3FE48710460BE9B7_409C878DFDAB4F1C.txt, 10.855274142707078, 0.5413608183122514
samples_hw/3FE483348F3BE6E2_C0B162346E1D5469.txt, 12.573416063969637, 0.40079311798235345
samples_hw/3FE483348F3BE6E2_409926C4780A0D8C.txt, 5.993897013878207, 0.8737711518447526
samples_hw/3FE481CB75905952_40A4C8112065F022.txt, 14.701710637238698, 0.25815574980962014
samples_hw/3FE481CB75905952_40A913E9295407D4.txt, 13.761238214757011, 0.31621439204613183
samples_hw/3FE47F1D657D260D_C0993B6280CC36C4.txt, 9.520144996961584, 0.6579774715940261
samples_hw/3FE47F1D657D260D_40A8E47FB5D3A900.txt, 29.20842721169651, 0.0021068717833866127
samples_hw/3FE47DC739ADB0A7_405EBD93EE897B40.txt, 7.184869314326449, 0.8451585963291428
samples_hw/3FE47DC739ADB0A7_40B32859EB1B80B4.txt, 6.0249535357462936, 0.8716940964109067
samples_hw/3FE47B8B63E04CE9_4082C3E7DE0407D0.txt, 9.559627975145595, 0.5703785398957644
samples_hw/3FE47B8B63E04CE9_40B0F246E31AB48E.txt, 10.531243427530443, 0.48332678092634407
samples_hw/3FE47B65E12F3093_40A050A9CC058154.txt, 7.946721887406188, 0.7180683232077144
samples_hw/3FE47B65E12F3093_40AD2BD93AE577B0.txt, 14.400290582581128, 0.27587996268233017
samples_hw/3FE47AF6FE77064B_C0B24D57709B6AAF.txt, 13.276742848352391, 0.27562314974060065
samples_hw/3FE47AF6FE77064B_40B1455CB89F1ABA.txt, 8.161317412953183, 0.6987845097416654
samples_hw/3FE47787A7B70E5D_C0934D5C45D4DAB8.txt, 16.86982627208233, 0.11178550140697488
samples_hw/3FE47787A7B70E5D_4066FA882C7BF520.txt, 4.037710407076635, 0.9827462553958646
samples_hw/3FE4774BFB2B3EFC_C0B02BA6ABD9474D.txt, 13.1569855521037, 0.28318890848253697
samples_hw/3FE4774BFB2B3EFC_C0AE3018BDCD0032.txt, 12.4285346152426, 0.41190558271314626
samples_hw/3FE476A6AD4E79EE_C0B21A0C214F6418.txt, 10.387577182125028, 0.5819987940663762
samples_hw/3FE476A6AD4E79EE_408755DF60572BC0.txt, 15.113073914955711, 0.177378662823039
samples_hw/3FE46FF28D4F2D63_C0AF1660303E0CC0.txt, 19.555358285900446, 0.07597858789829506
samples_hw/3FE46FF28D4F2D63_408A462F76950C60.txt, 16.304793872370304, 0.17767136114772655
samples_hw/3FE46FB605D9298A_C0B1AE8ACA0CCD16.txt, 11.804928062402915, 0.3784834338015086
samples_hw/3FE46FB605D9298A_C0A5C4CA9ABA2995.txt, 8.982290281445842, 0.62352709425021
samples_hw/3FE46FAFDED783E8_C0B1FF1A7EA1AE35.txt, 4.934655730326981, 0.9601259173382186
samples_hw/3FE46FAFDED783E8_404D14B012D22980.txt, 15.754276533286328, 0.2027516345232978
samples_hw/3FE46E9BEC29ECEB_4070B67273426CE0.txt, 9.534959699800247, 0.5726375038213272
samples_hw/3FE46E9BEC29ECEB_40B2D6FDB3CA1DFC.txt, 8.436392242415305, 0.7501660640978633
samples_hw/3FE46BA15D4DE953_C0A66CDD2D96B9BB.txt, 9.96282686141561, 0.5337339854606205
samples_hw/3FE46BA15D4DE953_40AACFE385423FC8.txt, 8.922565787013147, 0.7095297422737574
samples_hw/3FE46B679D2B00A4_C0B03213646ED427.txt, 8.861997378953973, 0.7146703281716127
samples_hw/3FE46B679D2B00A4_409D056240C8CAC4.txt, 6.787086535656705, 0.8160542199436942
samples_hw/3FE46A38E96511A0_409376E2F2782DC8.txt, 9.301420427035055, 0.5940914969614166
samples_hw/3FE46A38E96511A0_409B13EF9341E7E0.txt, 9.582507284928406, 0.6525345602917694
samples_hw/3FE469EA74FE6D57_C0B184ECC96D59DA.txt, 20.149851902836538, 0.06430383835908049
samples_hw/3FE469EA74FE6D57_C0740689B6AF0D10.txt, 16.49790152795221, 0.12362969321887327
samples_hw/3FE469C76EAC0218_C0AFA70BF74DEE18.txt, 9.586910386927059, 0.5678820914857943
samples_hw/3FE469C76EAC0218_C07EDCF10550B9E0.txt, 19.92237344631623, 0.06856871880617514
samples_hw/3FE465F31DDB9A42_4083E316CFA24630.txt, 11.782669197851593, 0.3801990966779619
samples_hw/3FE465F31DDB9A42_40A6BBA104571742.txt, 10.567438693594145, 0.5663067791698526
samples_hw/3FE46510A6F5B2FF_C09A84E8145BC9D0.txt, 8.518841066468024, 0.7433850681344198
samples_hw/3FE46510A6F5B2FF_4089F08E86536118.txt, 6.010082100607423, 0.9155729714900516
samples_hw/3FE4650B7C2781E9_C0A774D79C5509B0.txt, 19.921706820050535, 0.04642602747506811
samples_hw/3FE4650B7C2781E9_408B4DF392771BE8.txt, 9.810398454554374, 0.5475184161297038
samples_hw/3FE46507F1109AF1_C0B1E5205FE7DA41.txt, 10.368238640001511, 0.5836895354867355
samples_hw/3FE46507F1109AF1_C0AC2D9240503B24.txt, 11.070690146522708, 0.5228704467133558
samples_hw/3FE464A013E0CD39_C0738A7AB7F214F0.txt, 13.007874573310124, 0.29281104243750916
samples_hw/3FE464A013E0CD39_409E2806F48D9010.txt, 10.927870159793118, 0.5351101603328274
samples_hw/3FE463FA9C3754CB_C0AFCDD4EA37FBAA.txt, 23.878569478630652, 0.021128425315435895
samples_hw/3FE463FA9C3754CB_409881B72301C370.txt, 13.721980284492716, 0.24876096404501657
samples_hw/3FE463734EE12C9C_C0B04A356864E46B.txt, 16.00134798184663, 0.19117432984516922
samples_hw/3FE463734EE12C9C_C0A19AF1CBEBD5E4.txt, 4.815155641597024, 0.9397867008885422
samples_hw/3FE46127115C4162_C0A93FE647661FCC.txt, 20.340040788388276, 0.060920801415236106
samples_hw/3FE46127115C4162_C0A78AAB1E8DF556.txt, 8.243730703225722, 0.6913187171496116
samples_hw/3FE46085B1AE2581_C06996A84A092D60.txt, 17.96473381094294, 0.08240252956216532
samples_hw/3FE46085B1AE2581_4095F85F8C1F30BC.txt, 8.839152740281751, 0.7166040856363479
samples_hw/3FE45EB757B20266_C08BAD93295EDB28.txt, 14.18243674632579, 0.22306241203846702
samples_hw/3FE45EB757B20266_403C250F16684A00.txt, 9.949015900353283, 0.6204335806273751
samples_hw/3FE45E6C14F6CCDA_C0A211A51F32C34A.txt, 18.69369651671993, 0.09619346131123932
samples_hw/3FE45E6C14F6CCDA_40B22BFFD4F1C800.txt, 12.205682449619943, 0.42930568001561786
samples_hw/3FE45D3C59E49E7F_C093FFECE6B2BFDA.txt, 10.08790103962137, 0.6082492670772877
samples_hw/3FE45D3C59E49E7F_C07E134785612690.txt, 16.668020543637518, 0.16251771162899403
samples_hw/3FE45CED55C8E26A_40A5DD78528B1AF2.txt, 8.808802716965511, 0.639535538524493
samples_hw/3FE45CED55C8E26A_40B2F76E00AB5EDC.txt, 13.104224932343612, 0.28656795934518253
samples_hw/3FE45C56136ED107_C0B23D2FB55A6A5F.txt, 16.967907030843094, 0.1508085340056384
samples_hw/3FE45C56136ED107_40B2DC509EF488A2.txt, 9.649085772471523, 0.5622007256653363
samples_hw/3FE45B054A53CB73_C0B25A63582BE4C7.txt, 14.433449019893697, 0.2099296992747561
samples_hw/3FE45B054A53CB73_C0A1FB4E0191D69C.txt, 15.899027149657815, 0.14492105289140725
samples_hw/3FE45934F94BB256_C0A7F66E7012CCDD.txt, 15.81245485795703, 0.19997777413179968
samples_hw/3FE45934F94BB256_409EA1B236110364.txt, 8.58359826709798, 0.6602669035448517
samples_hw/3FE45891BE6B51B3_C095F5AA97E1AB56.txt, 31.492464894249476, 0.0009195954748351632
samples_hw/3FE45891BE6B51B3_C08CBEEB8C74FDD8.txt, 18.412206140535485, 0.10373570413811385
samples_hw/3FE4558576114245_C0ADD473071148E6.txt, 10.582338666678677, 0.5650099128588706
samples_hw/3FE4558576114245_40B1EF59BC280EB4.txt, 17.374207013053166, 0.09728365127830844
samples_hw/3FE454B00F2F9F12_C0A92FCF4D63FF9E.txt, 13.004119170753773, 0.3687413551228512
samples_hw/3FE454B00F2F9F12_40947E445B04BC88.txt, 17.008892014599677, 0.10761283719870408
samples_hw/3FE45405B7B8C156_C0AF95BA8DB0CB75.txt, 3.9587597315145326, 0.9841691043404455
samples_hw/3FE45405B7B8C156_40B346516F307CA2.txt, 12.325096557204743, 0.3397094258215819
samples_hw/3FE453A8D1022B58_C0B0C55095879AA1.txt, 8.694857797783452, 0.6500350395173973
samples_hw/3FE453A8D1022B58_40816436698D4868.txt, 6.747665132355873, 0.8191344466456362
samples_hw/3FE44F27BBE77CE0_C066AF64CAAB5EC0.txt, 8.636396272117807, 0.6554143633195019
samples_hw/3FE44F27BBE77CE0_40A862955E14A52C.txt, 10.947617914919123, 0.44766209169295323
samples_hw/3FE44DD59426F189_C0AFC702883E6E05.txt, 12.462712413619537, 0.32988566890328597
samples_hw/3FE44DD59426F189_C0918A5D0A82D4B8.txt, 13.926174909461906, 0.23710548336365647
samples_hw/3FE447518249A5B1_C0AE9EFBE0BCDDF8.txt, 15.748387142219336, 0.15073194768480527
samples_hw/3FE447518249A5B1_40794914B2DB9230.txt, 9.806658507321295, 0.5478577804514725
samples_hw/3FE447181C02B6B4_C0963439FD4A2874.txt, 5.702733790170686, 0.9303194440797542
samples_hw/3FE447181C02B6B4_40AF2E25D5A87C4C.txt, 17.07421637580363, 0.14682680191451608
samples_hw/3FE4456996F606DC_C0AB768CABB4CD19.txt, 4.889272074402131, 0.9615753463688353
samples_hw/3FE4456996F606DC_4066CB33DB239660.txt, 7.562385870779221, 0.7518851049508288
samples_hw/3FE44395E78FA8BC_C0ABFD5199425AA3.txt, 4.769405151910328, 0.9418175769001323
samples_hw/3FE44395E78FA8BC_40A2FC98F1009932.txt, 6.092776557436216, 0.867102697566413
samples_hw/3FE4406A957E5837_C076E191C88AC320.txt, 16.39833546596271, 0.17366503792658947
samples_hw/3FE4406A957E5837_40A68E705A947CE2.txt, 13.047351459361101, 0.36560839241048715
samples_hw/3FE43F26841A6F4D_C0B197D13D725FA2.txt, 10.592099887273172, 0.56416060153056
samples_hw/3FE43F26841A6F4D_C09D5D7891A57AF2.txt, 14.58490326516316, 0.20229959246877416
samples_hw/3FE43EAB06F2ECEB_C091307144FC20E4.txt, 14.289389995813021, 0.28261140945758584
samples_hw/3FE43EAB06F2ECEB_4054E2FA552DC600.txt, 14.126976780924203, 0.22604681094302104
samples_hw/3FE43E911D0EF018_C0B361D2C40FD3A6.txt, 11.942810863472607, 0.4502834651439286
samples_hw/3FE43E911D0EF018_40ABC48AEE036914.txt, 13.50310475080324, 0.33355677695186536
samples_hw/3FE43E6909363D5E_C0979337F7B56670.txt, 10.262798293589201, 0.59291748326796
samples_hw/3FE43E6909363D5E_40A72586A46E2B0E.txt, 8.390335111983838, 0.7539317395488523
samples_hw/3FE43D1B27E561B5_40B060B21447D164.txt, 10.183255701454554, 0.5139824978245879
samples_hw/3FE43D1B27E561B5_40B137036E127E06.txt, 9.727016968055642, 0.6398953915384529
samples_hw/3FE43A816D398FBD_C0ACAA5DC07F74BC.txt, 5.170594554691944, 0.9520367442130713
samples_hw/3FE43A816D398FBD_40A72CB1134C7964.txt, 7.062011900970813, 0.7940396371341587
samples_hw/3FE4393A94B36AB7_C0A7FE1937631C32.txt, 12.858175110792025, 0.37943291253909717
samples_hw/3FE4393A94B36AB7_40A7D1D28DCD43A4.txt, 14.35885142923704, 0.2783820075951714
samples_hw/3FE4377D1666F755_C0A1EF912DBABF23.txt, 10.383427165326665, 0.5823615737704388
samples_hw/3FE4377D1666F755_C0992F25EF8A9E4C.txt, 15.727384299629437, 0.20404382379867908
samples_hw/3FE437479B0DD913_C0ADF83BCB519078.txt, 15.485161200016273, 0.21597006766143972
samples_hw/3FE437479B0DD913_40B148A813AB6150.txt, 12.539679048302968, 0.3244723750076018
samples_hw/3FE4365ECCFB0AB9_C0A5308897EA8111.txt, 9.340618772839179, 0.6735945363571982
samples_hw/3FE4365ECCFB0AB9_406D544DCC54A8A0.txt, 11.792280315640998, 0.3794577386483647
samples_hw/3FE434F137B09A1D_40992A81122D1504.txt, 10.41352464566676, 0.4936180915524707
samples_hw/3FE434F137B09A1D_40A0432CE65EE65A.txt, 10.563904192700623, 0.48048680954775547
samples_hw/3FE4345A293A587B_C04292B6CD8D2580.txt, 10.110334571358633, 0.6062815728663435
samples_hw/3FE4345A293A587B_407495D6F3962BB0.txt, 11.197439119989028, 0.42687385713308595
samples_hw/3FE4326D999C4FEB_40B036D9E629FDB4.txt, 22.531711293474448, 0.031975103249145466
samples_hw/3FE4326D999C4FEB_40B0E84B05F4E096.txt, 13.965342764249408, 0.30292690590857085
samples_hw/3FE430ABE90D3FB1_C0A3E013D0736028.txt, 10.51404329342371, 0.5709583883993996
samples_hw/3FE430ABE90D3FB1_40ACBC8B496E1918.txt, 18.579873616175874, 0.09918439074385715
samples_hw/3FE42F257F731B24_C08153861F7F2708.txt, 15.701008628448806, 0.15259878487326056
samples_hw/3FE42F257F731B24_40AC431700CAE62C.txt, 13.558140861495787, 0.2584141527467966
samples_hw/3FE42E6E516D6851_C0A1A4003960A800.txt, 22.632605240330133, 0.031011961401025617
samples_hw/3FE42E6E516D6851_40B13A3477730468.txt, 14.53901269789662, 0.2676190140941737
samples_hw/3FE42E38619F7F65_C0A0C064856360C9.txt, 6.49668362763496, 0.8890073877203187
samples_hw/3FE42E38619F7F65_40945DEB5BB6FBD8.txt, 16.702888823975314, 0.11697641719435171
samples_hw/3FE42DD7F67BD3D7_C0B0DDE520F2EBCA.txt, 9.56852116269696, 0.6537559378680495
samples_hw/3FE42DD7F67BD3D7_C06494714B8728E0.txt, 13.87735127642701, 0.2398546031321652
samples_hw/3FE42D4DF087A78D_BFFB43C2D9368000.txt, 12.829088139440533, 0.3815847875376314
samples_hw/3FE42D4DF087A78D_40ADCB61CB3A36C4.txt, 16.703398914206808, 0.11696024847376615
samples_hw/3FE42D09C03A03E2_C0AFCD9F2284BB3E.txt, 10.704555326890457, 0.5543935961062614
samples_hw/3FE42D09C03A03E2_40B07EB3AE264D68.txt, 12.034232436791056, 0.4429343168670727
samples_hw/3FE42D00693268C4_4097C39AF77CC734.txt, 3.7113837385246633, 0.9880994182216055
samples_hw/3FE42D00693268C4_40B0FE160D288C2C.txt, 20.483258100603933, 0.05847899555412414
samples_hw/3FE42CD6733C8151_40916D54B4499AA8.txt, 15.438235866741827, 0.16330021561542063
samples_hw/3FE42CD6733C8151_40A1201E9BBDA03E.txt, 12.893509512493079, 0.3768281943904078
samples_hw/3FE42BE4759804B0_C04E5274CC44A500.txt, 3.1049091249376053, 0.9892654800832613
samples_hw/3FE42BE4759804B0_4083F0874BCB6108.txt, 13.68846741464075, 0.3210429751307062
samples_hw/3FE4290153C9C8EA_C0A69DFA22F55BF4.txt, 11.03373801128582, 0.5260295659069087
samples_hw/3FE4290153C9C8EA_4088D79977602F30.txt, 17.165384981588115, 0.1434812785466087
samples_hw/3FE4281E8151B56B_402E834C141D0600.txt, 11.407778396603327, 0.4943325371038786
samples_hw/3FE4281E8151B56B_40B2B233D9F09468.txt, 19.108441211059148, 0.08594483959283122
samples_hw/3FE4276E15971C46_C099260F63D68C1E.txt, 16.868808916762827, 0.11181653013422613
samples_hw/3FE4276E15971C46_40B353A6C8A2374E.txt, 6.832484833723315, 0.8124824004721724
samples_hw/3FE426515792B5D7_C092C258922AC4B2.txt, 16.634606862258302, 0.11915803232276255
samples_hw/3FE426515792B5D7_40B28F33A5FCEE66.txt, 30.5280908695598, 0.0023238681947339384
samples_hw/3FE426467F39103A_C0AC861A25B6AC34.txt, 10.559235124164449, 0.5670210251037102
samples_hw/3FE426467F39103A_4098A6F8762F0DF0.txt, 16.36034078235869, 0.17528354937336652
samples_hw/3FE4263141AC7C4F_C0ABFCE078B019C0.txt, 8.85481902055648, 0.6352912163963995
samples_hw/3FE4263141AC7C4F_40A146EFE200ADE0.txt, 14.659728452046945, 0.19861062471528967
samples_hw/3FE4252D76FD287B_C09FF3D5056C27AA.txt, 21.443538828635493, 0.04425075452845689
samples_hw/3FE4252D76FD287B_C093CC6E9BF2D8DC.txt, 15.174421558618299, 0.23203616443466266
samples_hw/3FE4233A1C97F615_C0AAF1F145A503E3.txt, 14.32133781203854, 0.28066064797520474
samples_hw/3FE4233A1C97F615_C090BEEFA833BDE0.txt, 7.733342456986555, 0.8056062118807747
samples_hw/3FE42317F79515F2_C0A8A21E70B9A43D.txt, 12.945408268843417, 0.3730211173772782
samples_hw/3FE42317F79515F2_40A17B1617D0162E.txt, 13.677812398322853, 0.25133679962422506
samples_hw/3FE4230F024F9763_C0ACCFFB1DAFBFF6.txt, 28.89586231265665, 0.004082679187224892
samples_hw/3FE4230F024F9763_4091344ACAAFA898.txt, 18.340495148183898, 0.10573625903274815
samples_hw/3FE4215B6A42115B_C089FBA98FB57750.txt, 9.53674477641353, 0.5724739845590725
samples_hw/3FE4215B6A42115B_40A1FD9337DA5B26.txt, 16.015340222678763, 0.1905344618209029
samples_hw/3FE41FFBB4CBB931_C06047B2C0968F60.txt, 6.025715878554953, 0.914780183796543
samples_hw/3FE41FFBB4CBB931_40A42DCB4043BB98.txt, 12.380935555259075, 0.41559128014696806
samples_hw/3FE41F4F351D7CB5_4072CCF78D2099F0.txt, 12.67530198562937, 0.39307607270543915
samples_hw/3FE41F4F351D7CB5_409FA07FCDB580FC.txt, 16.02569642558481, 0.19006195201689594
samples_hw/3FE41E3593818567_40760A9D005F1540.txt, 4.463133561240376, 0.9543636905402333
samples_hw/3FE41E3593818567_40B1D17587EC12EC.txt, 3.0945632947274073, 0.9894161777750424
samples_hw/3FE4196D53DD9136_C0B04C24A42DE849.txt, 7.2576981915783065, 0.8401244370281429
samples_hw/3FE4196D53DD9136_C093BA9528E5352A.txt, 6.307392362577772, 0.8520870909001872
samples_hw/3FE418156354BC88_C09E1B8D1D42F71C.txt, 12.080573044096738, 0.4392306105150424
samples_hw/3FE418156354BC88_C09BD27D4DD264FA.txt, 17.929441300105175, 0.0832323311675331
samples_hw/3FE41808ACF7EDB6_C0A4AA7B377FB4F6.txt, 9.479132911307216, 0.6615523730928867
samples_hw/3FE41808ACF7EDB6_C0727CE5775BF9D0.txt, 15.88122196224121, 0.19673709051072447
samples_hw/3FE41358A9114367_408090A696FEA148.txt, 27.659312971298817, 0.006202864164363021
samples_hw/3FE41358A9114367_409DED56E61A9AB0.txt, 6.305400470380797, 0.852229764362665
samples_hw/3FE4102F2C34465C_C0A83476C5AD08EE.txt, 17.788427104786216, 0.12226724380283194
samples_hw/3FE4102F2C34465C_40AF659ED6D02B3C.txt, 8.383504301218803, 0.754488831564158
samples_hw/3FE40E6BC60E3DED_C0AEAA318026B463.txt, 17.38479320734451, 0.1356869401523805
samples_hw/3FE40E6BC60E3DED_C0A1B7CB6B86CF97.txt, 10.441199681929268, 0.5773139342195783
samples_hw/3FE40D4E235C32AE_C0A74F620F677EC4.txt, 9.269127717559305, 0.6797876639841152
samples_hw/3FE40D4E235C32AE_C072E1F38A9EC3E0.txt, 6.4283370602144645, 0.892970548261861
samples_hw/3FE40D44F6F2C467_C0A362554C5A24AA.txt, 13.089438810111927, 0.3625735565170507
samples_hw/3FE40D44F6F2C467_40693C960BE07920.txt, 5.243320353560144, 0.9493540349739918
samples_hw/3FE40CB688AB05AE_409E737EC55BA6FC.txt, 8.564214610931272, 0.739632333938621
samples_hw/3FE40CB688AB05AE_40AEDBD8EE2117B0.txt, 12.745305474105797, 0.3878216019021277
samples_hw/3FE40C87575C4F5E_409900FC5DB041F8.txt, 12.05028802498124, 0.4416494405357099
samples_hw/3FE40C87575C4F5E_40A9A3C12ECBA784.txt, 15.603494373029234, 0.21007891953461233
samples_hw/3FE40A8F993D7434_C0AED65D38C38CBA.txt, 21.483185823190595, 0.04373714905267061
samples_hw/3FE40A8F993D7434_409B4AC2A8375584.txt, 15.673967816770332, 0.2066293443978344
samples_hw/3FE40A6D4A2AE578_4094F467EB5128D0.txt, 13.967068049034376, 0.30281620052859676
samples_hw/3FE40A6D4A2AE578_40A6D6C93E3D0D92.txt, 15.389540568355164, 0.16534896085603976
samples_hw/3FE409BA11C2CBDB_C0B021F745E573EE.txt, 10.907702968907252, 0.5368447216739949
samples_hw/3FE409BA11C2CBDB_40B0F05E4B25F0BC.txt, 9.866521202337603, 0.5424322299297868
samples_hw/3FE408462EF93F67_C0AC048E94A9A91D.txt, 14.06194872111448, 0.2967698511782823
samples_hw/3FE408462EF93F67_C0A68C46572FF88D.txt, 9.59876478796568, 0.6511143611002663
samples_hw/3FE4057347B8B861_C0AB08EA8C55B1D5.txt, 6.1881517315715096, 0.8605197039715937
samples_hw/3FE4057347B8B861_40A2AD2D8F03FA5C.txt, 3.808466364535624, 0.9751884416181722
samples_hw/3FE402DC871699DC_C0B24F7DF364AEFC.txt, 10.296282505400928, 0.5039497762759246
samples_hw/3FE402DC871699DC_C0AC8D1A0DBDBA34.txt, 10.228278547675504, 0.5099778805285056
samples_hw/3FE401B92BCD382F_C070A95C6BD652C0.txt, 9.34261812706769, 0.5902992739772568
samples_hw/3FE401B92BCD382F_40AD10AB22EC4154.txt, 16.778043463431707, 0.15813904657738867
samples_hw/3FE401B8E6247A85_4099F06609F220CC.txt, 10.145890367005357, 0.6031634087780486
samples_hw/3FE401B8E6247A85_40B08904E40D620A.txt, 12.51202951669714, 0.40548181308129905
samples_hw/3FE3FF752D5C5CEB_C0A924656286A8CA.txt, 19.116515719504076, 0.08575511745798532
samples_hw/3FE3FF752D5C5CEB_C0809D939ECFBB28.txt, 10.791575068074529, 0.5468602215650067
samples_hw/3FE3FED3CD515EE8_C08BDCCDD35539A0.txt, 12.797169934130778, 0.3067888056028265
samples_hw/3FE3FED3CD515EE8_408E0B38ABC79678.txt, 7.295675294166254, 0.7746585693646235
samples_hw/3FE3FE80282E3AA8_C0B1B9C52291E38A.txt, 6.982196805188982, 0.8587878171015534
samples_hw/3FE3FE80282E3AA8_C09D28FE23C711FC.txt, 19.349529138783705, 0.08043522356706696
samples_hw/3FE3FDF650940347_C0A4C2E62896A5CC.txt, 11.607966580964128, 0.3938202837352272
samples_hw/3FE3FDF650940347_40B022CA92E9F594.txt, 6.165790104645133, 0.9074948994239171
samples_hw/3FE3FBB1B885B910_C0AEE2F9152965F2.txt, 15.47770431595113, 0.16165486088217831
samples_hw/3FE3FBB1B885B910_C0A670446E5C4089.txt, 5.058869967593381, 0.9559836831558527
samples_hw/3FE3FA8566EEFE9F_C091283AFFD51074.txt, 21.279033549961117, 0.0464407363825469
samples_hw/3FE3FA8566EEFE9F_40A0C3459521E68C.txt, 14.752928215406785, 0.1940897106633836
samples_hw/3FE3F8DD36374872_C0AE483E6C2D707D.txt, 16.020783261016884, 0.1902860043353688
samples_hw/3FE3F8DD36374872_40AE0285C088250C.txt, 18.273007880789145, 0.10764901465689318
samples_hw/3FE3F5F50AD44B92_C0A814B6C2CD096E.txt, 17.93803189709108, 0.11758508168134431
samples_hw/3FE3F5F50AD44B92_409DD3BFFC69677C.txt, 4.143611284659853, 0.9807032231304014
samples_hw/3FE3F3FB5C25796F_409447728D354EE8.txt, 8.172494548516699, 0.7715093765593267
samples_hw/3FE3F3FB5C25796F_40B1020F3F61541E.txt, 15.176066219737088, 0.23194884090891255
samples_hw/3FE3F15C686AA95C_C0AE157AD39E0AF6.txt, 14.481029454859236, 0.271050407244834
samples_hw/3FE3F15C686AA95C_C093874176AFCE84.txt, 10.47007260341364, 0.5747935393149888
samples_hw/3FE3ECBFB61C2B2F_C0948FD23ECF5FA4.txt, 10.028763890395515, 0.6134371101111282
samples_hw/3FE3ECBFB61C2B2F_40981D052867FA08.txt, 13.409764466739361, 0.33997372500234024
samples_hw/3FE3E94F02CD5DF1_C0A54E1F76C97C3F.txt, 13.074048082983222, 0.36368161196854726
samples_hw/3FE3E94F02CD5DF1_4039325937426400.txt, 12.88520715523983, 0.3774392884519848
samples_hw/3FE3E86837A3D07D_C090E14912B48292.txt, 6.376822663869545, 0.8959084535937042
samples_hw/3FE3E86837A3D07D_40A8940FD2FF4820.txt, 11.131280163520168, 0.5177027545694151
samples_hw/3FE3E4397D0B9002_409DD9097CFE7214.txt, 4.939300425387878, 0.9599756547605488
samples_hw/3FE3E4397D0B9002_40AFA8D9AD8BF1B4.txt, 5.1280467332841635, 0.9248069861777362
samples_hw/3FE3E241EFD010BF_409B5B69703076D4.txt, 12.98253053996623, 0.3703117200295728
samples_hw/3FE3E241EFD010BF_40A4FA0A877BD414.txt, 16.209927799446408, 0.18180908809947993
samples_hw/3FE3E14F1CCC5FCF_4098E11F19308240.txt, 8.480325640372634, 0.7465590098690689
samples_hw/3FE3E14F1CCC5FCF_40A39112B09CC226.txt, 16.449511307691974, 0.12524620318406776
samples_hw/3FE3E036D8CE2196_C095D1DEA43363BE.txt, 5.192683599166336, 0.9214768719172665
samples_hw/3FE3E036D8CE2196_40A93437C41C0870.txt, 6.958146002475776, 0.8603669968780866
samples_hw/3FE3DF05B3F9F28D_C0A7F0C89BA08191.txt, 13.213183549960682, 0.3537379610047707
samples_hw/3FE3DF05B3F9F28D_40976CAFA6D09960.txt, 17.82665471846716, 0.1210561488363444
samples_hw/3FE3DB7D4965BE33_C0A0E993C6E03327.txt, 8.862283296188542, 0.7146461076826368
samples_hw/3FE3DB7D4965BE33_409ADD79DF53FAF4.txt, 10.753255066865856, 0.5501748005036402
samples_hw/3FE3DB10407E8145_4090BB1A9B853634.txt, 5.740629046844342, 0.9285880563851253
samples_hw/3FE3DB10407E8145_4098DB53641676A8.txt, 9.786738873213935, 0.6346636740016958
samples_hw/3FE3D94D9A857206_409A2EE3706B9DC8.txt, 24.251924706293575, 0.01879386964103427
samples_hw/3FE3D94D9A857206_40B34CC89D62C992.txt, 11.87192028995522, 0.4560200246296108
samples_hw/3FE3D90DC77D6722_C0AA9D238DA75A47.txt, 4.55113265076894, 0.9509454673589897
samples_hw/3FE3D90DC77D6722_C09466517D108CA4.txt, 10.135024595851563, 0.5182841055634043
samples_hw/3FE3D65B4271E336_C0865E3DD9A83C78.txt, 10.896690157563595, 0.5377925398368044
samples_hw/3FE3D65B4271E336_40B069B08FB4A360.txt, 4.247366420719943, 0.9785476622532098
samples_hw/3FE3D5DB23A74BC7_40A457CDFF990F9C.txt, 7.153458179950456, 0.847307909658625
samples_hw/3FE3D5DB23A74BC7_40B0DC682C3AC8D0.txt, 7.8352063257552595, 0.7279853800701308
samples_hw/3FE3D391CD8F08EB_C0A86E3486B4BC6A.txt, 13.393273615099762, 0.3411154172739386
samples_hw/3FE3D391CD8F08EB_C0A3AF38CA5A7E72.txt, 9.168830557500153, 0.6884464161702255
samples_hw/3FE3D31B30A30801_40A01A5CF0A294BA.txt, 7.82703828067275, 0.7984964775974334
samples_hw/3FE3D31B30A30801_40B2CBB19121A764.txt, 15.609522849098301, 0.20978211890028192
samples_hw/3FE3D04F1C0192BD_C0A9C1C81CCCE390.txt, 7.537110430734108, 0.8201777994471207
samples_hw/3FE3D04F1C0192BD_C07AE8B5F874D170.txt, 8.07610957322307, 0.7064702457748804
samples_hw/3FE3D00799278137_C0AB8B4FB482B6A0.txt, 14.031643872043494, 0.2986921203065539
samples_hw/3FE3D00799278137_C08FB8AD46B6F15C.txt, 5.319383853688418, 0.9464519388922884
samples_hw/3FE3CEC53C17CE96_C0A9ED875895FB0F.txt, 4.228857324610818, 0.9789435690083983
samples_hw/3FE3CEC53C17CE96_40AD335124F846A4.txt, 15.325378782906451, 0.22412287064434858
samples_hw/3FE3CD4FCD409B79_C0B1807E6B7A50FD.txt, 15.790355466541719, 0.14909403776115582
samples_hw/3FE3CD4FCD409B79_40837DFAC6277BF8.txt, 5.952236260117673, 0.9184706078122097
samples_hw/3FE3C900F9D8B670_409AB526F8F92A4C.txt, 10.43123974679696, 0.5781837253207751
samples_hw/3FE3C900F9D8B670_40B11FAFBD050F60.txt, 15.398855174236605, 0.22034539627467978
samples_hw/3FE3C642F77A738E_C0B0C2F7B7D035EF.txt, 9.874766038597864, 0.626946446860674
samples_hw/3FE3C642F77A738E_40A3BFACB3DD9F5A.txt, 11.03051947677099, 0.5263049870216627
samples_hw/3FE3C63829D5B58D_C0AF1CE6EF6C99CE.txt, 9.448138039600156, 0.580600066587182
samples_hw/3FE3C63829D5B58D_C0ADD42B681B4857.txt, 6.364265269773393, 0.8966181534630431
samples_hw/3FE3C613E1BF76AA_C0AE9CD8F34F59B2.txt, 6.7615010799624695, 0.87296369711447
samples_hw/3FE3C613E1BF76AA_40A8A24AC461A494.txt, 6.549544964858058, 0.8858915613832924
samples_hw/3FE3C50F43793EFB_C0B046A37BDAFD47.txt, 8.410453856631342, 0.7522888244299691
samples_hw/3FE3C50F43793EFB_40AF64F2ACB769E4.txt, 21.28662658374335, 0.03052024026831681
samples_hw/3FE3C3C78C65E4B0_C099E98F65E2131E.txt, 11.449523093597339, 0.4908370006367543
samples_hw/3FE3C3C78C65E4B0_409DF878ED09B0F0.txt, 8.054259692545328, 0.7808759204074556
samples_hw/3FE3C3456B8FA8DF_C0A0C094876D6129.txt, 17.97912297058793, 0.11632589126236549
samples_hw/3FE3C3456B8FA8DF_40B1DDFF3A5B4BFE.txt, 23.20877511762766, 0.02600489867535146
samples_hw/3FE3C32BDBD3CA6C_C0AC66EB55DBEDD6.txt, 23.264076528016908, 0.01621893544777219
samples_hw/3FE3C32BDBD3CA6C_40AE92F20ED085E4.txt, 9.583555789773229, 0.5681889398093685
samples_hw/3FE3C213C954D587_4035064F8D5A0C00.txt, 10.521429159964928, 0.5703145836679246
samples_hw/3FE3C213C954D587_40A7983EFA80507C.txt, 14.965677260655653, 0.2433188395393813
samples_hw/3FE3C0A3EA5A02D9_C0A127D582B12FAB.txt, 12.033245873456496, 0.44301332530250453
samples_hw/3FE3C0A3EA5A02D9_4069B9164CC17220.txt, 11.705061960929026, 0.46964777668890545
samples_hw/3FE3BAD097098B18_C09EF00BBCA1A018.txt, 10.05426030769416, 0.6112003145747631
samples_hw/3FE3BAD097098B18_C0878BA36C889748.txt, 14.118014648036521, 0.22653190974722942
samples_hw/3FE3B9AF1C118968_C09F9E176F2E7C2E.txt, 18.5186851297206, 0.07029964305113474
samples_hw/3FE3B9AF1C118968_C083CD328DB11A68.txt, 7.694198581612572, 0.8085479937490053
samples_hw/3FE3B9807B737F0B_40A6CED93B893DB2.txt, 8.77187272361452, 0.7222821513838464
samples_hw/3FE3B9807B737F0B_40B2C2726075B4E4.txt, 10.108239558992848, 0.52067804387698
samples_hw/3FE3B7B813B5842A_C0A2ACD2EE54F9A6.txt, 6.8498684749463585, 0.8673732462130749
samples_hw/3FE3B7B813B5842A_C09851F40B81E3E8.txt, 9.601010107022432, 0.5665927225746388
samples_hw/3FE3B617CE3ABC40_C0A003046F486608.txt, 6.265826457366851, 0.8550517015222862
samples_hw/3FE3B617CE3ABC40_C095F508214E2A10.txt, 7.880466096642559, 0.7944003985571675
samples_hw/3FE3AB9FCD7AD38A_C0ABF40590EDC80B.txt, 14.41049987385818, 0.27526596259155
samples_hw/3FE3AB9FCD7AD38A_C0A46978F25AB2F2.txt, 16.765963243614394, 0.1586150873233104
samples_hw/3FE3AA4F3B2972EF_C096EE2A744A1C54.txt, 9.259151065365241, 0.6806505761783009
samples_hw/3FE3AA4F3B2972EF_40AFF64A2ECA8C94.txt, 18.268466976725477, 0.10777876881346787
samples_hw/3FE3A9CED468796C_409A38DD560731BC.txt, 22.287700905249867, 0.034419062257681994
samples_hw/3FE3A9CED468796C_40A3A9FD41D233FA.txt, 10.760134682113527, 0.5495793981755845
samples_hw/3FE3A637FBB0393F_C0B0D5944F39FB29.txt, 11.318232569891595, 0.5018608875086792
samples_hw/3FE3A637FBB0393F_409C55C70866EB90.txt, 10.560335771630394, 0.5669251878823081
samples_hw/3FE3A60436E3E14A_C0A82246C025A48E.txt, 14.508622929606142, 0.2694135955434963
samples_hw/3FE3A60436E3E14A_40AB09002EAA3200.txt, 8.671395175699752, 0.6521946718729965
samples_hw/3FE3A350442BAAB8_C09D65A0C82A8B42.txt, 11.652393954352046, 0.4739844652783606
samples_hw/3FE3A350442BAAB8_4076512B6219A250.txt, 7.128921827497885, 0.8489775056189997
samples_hw/3FE3A0F9071BE6DB_C09D50C384E26186.txt, 9.534985826872052, 0.6566829124281075
samples_hw/3FE3A0F9071BE6DB_C083D49801D02930.txt, 16.495165996962204, 0.169594156229592
samples_hw/3FE39F7F2DF071DC_C0AC2A4A5E8C3494.txt, 20.880502994384045, 0.05215792042805243
samples_hw/3FE39F7F2DF071DC_40A10C532EFF78A6.txt, 11.39843350946205, 0.495116283556417
samples_hw/3FE39E3A0E118E07_C0ABDC2673BCD84D.txt, 4.663542245342634, 0.968283830545853
samples_hw/3FE39E3A0E118E07_406EDBDB56E3B7C0.txt, 17.382740308096277, 0.13575820721525594
samples_hw/3FE39C37A997390C_C0A1286263C170C5.txt, 9.54189919542771, 0.6560797013605111
samples_hw/3FE39C37A997390C_40A9EF7CDA34BEF8.txt, 8.161276897189056, 0.7724035180880185
samples_hw/3FE39B7A976DF978_40A4F4374B808870.txt, 19.681764891164264, 0.07335049049045775
samples_hw/3FE39B7A976DF978_40B1AD992CB7AB32.txt, 5.5271871196279525, 0.9380194012095693
samples_hw/3FE39989F565E748_C0B33B5D2FEBC6BA.txt, 5.438545206308927, 0.941706861435334
samples_hw/3FE39989F565E748_C06C0510F39A0A20.txt, 9.239819891479593, 0.6823216061744406
samples_hw/3FE399294C7FF759_40720F1615AF1E20.txt, 7.0194710151740045, 0.8563241449159675
samples_hw/3FE399294C7FF759_409CCC63B68F58C8.txt, 20.655458569857913, 0.055659142374256655
samples_hw/3FE39632327957F4_40A73F3600AADE6C.txt, 11.236447500430462, 0.5087712135729545
samples_hw/3FE39632327957F4_40B0A472CC15D8E6.txt, 8.987699153804696, 0.7039807317635649
samples_hw/3FE3959DFB2A8804_C0AD393E3C36D27C.txt, 13.178792453112376, 0.35618038849953193
samples_hw/3FE3959DFB2A8804_C08E11DF79BFA3BC.txt, 25.74179239102332, 0.011673561213779987
samples_hw/3FE394BDDEF8BD80_409B18C898AC7190.txt, 10.92520254385324, 0.5353395149204332
samples_hw/3FE394BDDEF8BD80_40B2EB6D3673E6DA.txt, 14.290487779611059, 0.2825442222407273
samples_hw/3FE39417CD8976A2_C09547D186C1CFA2.txt, 12.953661528307672, 0.3724177534597764
samples_hw/3FE39417CD8976A2_40882A526213D4A0.txt, 9.940266538253933, 0.6212011352546685
samples_hw/3FE3937FDE42E9D8_C09F6D3260B99A64.txt, 6.158259124822886, 0.9078948816827235
samples_hw/3FE3937FDE42E9D8_409F63B2B0848764.txt, 10.466368754936154, 0.5751167688884116
samples_hw/3FE392BCCEEDDB95_40A1E98B97BBB318.txt, 9.839814134581363, 0.6300113222672516
samples_hw/3FE392BCCEEDDB95_40A3FEE2C03CDDC6.txt, 14.820442621618986, 0.25140315955916614
samples_hw/3FE38FC9A66CFCD2_C0AFA140C4D16282.txt, 22.47817130857775, 0.03249728781026271
samples_hw/3FE38FC9A66CFCD2_409F3F6E7AB43EDC.txt, 10.695531517548698, 0.5551760728189803
samples_hw/3FE38FC279107AFE_40A86ACA68E6F596.txt, 11.536721496052525, 0.48356534968404397
samples_hw/3FE38FC279107AFE_40B26B70C8A986E2.txt, 9.633368857732519, 0.648089887628438
samples_hw/3FE38BA8F392B663_C01D563FE6FAAC00.txt, 11.624767809342295, 0.4762657161296481
samples_hw/3FE38BA8F392B663_40B359F5EAC143EC.txt, 11.839053178814094, 0.4586906344872471
samples_hw/3FE38B7D515BD0FA_C0AE101840940030.txt, 14.918972616031585, 0.24589756611388514
samples_hw/3FE38B7D515BD0FA_40AAD3E7EAE987D0.txt, 13.08477571667586, 0.36290906381169263
samples_hw/3FE38AC06589555D_C0B284647EDFD8C9.txt, 12.551066769075678, 0.40249677444912935
samples_hw/3FE38AC06589555D_408F7BC936477790.txt, 10.53703264803479, 0.5689548617879172
samples_hw/3FE38A8E5945D346_407D3FC901F97F90.txt, 7.195747542188723, 0.844411152142193
samples_hw/3FE38A8E5945D346_40A78033C43F6068.txt, 14.658450833361337, 0.2606482005999087
samples_hw/3FE389CCA6194994_C09294B62442E96E.txt, 10.18888274374823, 0.5993941551803472
samples_hw/3FE389CCA6194994_40AD082035683040.txt, 8.009468460374816, 0.7843900206693822
samples_hw/3FE386BBD5970EAC_40B25516BBFEFA2E.txt, 10.929100038089919, 0.5350044273822414
samples_hw/3FE386BBD5970EAC_40B25A28507A2450.txt, 2.5163349936779777, 0.9981016716717499
samples_hw/3FE382FCF26E58FF_C0A2AC5C43E9F8B8.txt, 19.70847925183662, 0.07280544073691789
samples_hw/3FE382FCF26E58FF_C0918A312246D462.txt, 12.420259064581021, 0.41254515366610284
samples_hw/3FE380F88676F032_C0B1049877A2F931.txt, 8.97335136744495, 0.7052048852497761
samples_hw/3FE380F88676F032_C0A9138F5655471E.txt, 5.46176363577916, 0.9407540000674036
samples_hw/3FE37F315F0F117C_C0A0141B29B40836.txt, 9.079004986410446, 0.6961679499574317
samples_hw/3FE37F315F0F117C_C08C968F33E3AD20.txt, 4.8201489849857895, 0.96371773156182
samples_hw/3FE37ED06A64FBB7_C09C9AB950157574.txt, 16.625295456117183, 0.1642442724897728
samples_hw/3FE37ED06A64FBB7_40A392DB054A85B8.txt, 7.932610540576239, 0.7903742233847778
samples_hw/3FE37EC5E9C84669_408173C8E2A96798.txt, 12.167520048782558, 0.4323214621292443
samples_hw/3FE37EC5E9C84669_4097AB3BDA5A1678.txt, 7.873527167012879, 0.7949340607322896
samples_hw/3FE37E5C27A45C9B_C0914C346397D86A.txt, 26.490983060230498, 0.009140842098910602
samples_hw/3FE37E5C27A45C9B_40A669D993AE73B2.txt, 8.866895016726428, 0.7142553804124563
samples_hw/3FE37C12C7D48F40_405783461B0B0680.txt, 18.34878302424894, 0.10550337475532713
samples_hw/3FE37C12C7D48F40_40A66FC44FE5FF88.txt, 5.891816587021241, 0.9214369112130545
samples_hw/3FE3798279E8D431_C0AF75CFDFF6CBA0.txt, 9.401569896436994, 0.6683020345699184
samples_hw/3FE3798279E8D431_C094AEDEA6121DBE.txt, 7.7671964904661355, 0.8030483193599418
samples_hw/3FE3791FA3652735_40A9D28390858508.txt, 16.36641720381753, 0.17502389895503578
samples_hw/3FE3791FA3652735_40B0911DE794B23C.txt, 20.308438022525525, 0.06147171542813095
samples_hw/3FE37736B41BFA1C_C0761E782E513CF0.txt, 6.728850970965482, 0.8749997661223108
samples_hw/3FE37736B41BFA1C_40A11F8C802D1F1A.txt, 8.265635630130772, 0.7640425670504798
samples_hw/3FE376FDE372EABA_40804B03402A1608.txt, 5.636815282085026, 0.9332726819843604
samples_hw/3FE376FDE372EABA_40A7B19172D4C324.txt, 6.062598678688294, 0.9128936324087474
samples_hw/3FE376574C07D35C_C0B36880EA862102.txt, 12.64161230484305, 0.4758598267589501
samples_hw/3FE376574C07D35C_408EC363AB2206C8.txt, 6.822438148796923, 0.8691209835451515
samples_hw/3FE37408EE0E195E_C07F1017CEF12030.txt, 17.863790687253402, 0.11988933024885462
samples_hw/3FE37408EE0E195E_40A17C2E1A8D585C.txt, 11.334039065709597, 0.5005290725072489
samples_hw/3FE373B3F3B8D446_C0A6EE791C17BCF2.txt, 15.417228789959529, 0.21940835886635418
samples_hw/3FE373B3F3B8D446_408ED6C528BC2D88.txt, 19.69146299590362, 0.07315220681809315
samples_hw/3FE3722FC0385E70_C09B1BF25DB2F7E4.txt, 17.365538024320326, 0.13635661210777625
samples_hw/3FE3722FC0385E70_40502E2C28245C40.txt, 11.046704864801715, 0.524920369220903
samples_hw/3FE3719033C9992E_C09B6EF70F661DF0.txt, 11.032719184091617, 0.5261167459824698
samples_hw/3FE3719033C9992E_4072F0542210E0A0.txt, 8.256762944698105, 0.7647570841691599
samples_hw/3FE36EA1DD7CF729_C091F95F656432C0.txt, 9.479541129029078, 0.6615168092588486
samples_hw/3FE36EA1DD7CF729_40A7A669047E2CD2.txt, 5.7221419096484825, 0.9294357753747938
samples_hw/3FE36DEC05EA8E2F_C0AA451A11B42A34.txt, 11.834763977654713, 0.45903965794160473
samples_hw/3FE36DEC05EA8E2F_40A92A94882BB528.txt, 16.170826857219325, 0.183536578216634
samples_hw/3FE36CC4BB585AF8_C0A1131F5D72C63F.txt, 8.291371918456594, 0.7619662725660796
samples_hw/3FE36CC4BB585AF8_C089B4DCB935E9B8.txt, 18.683785907575896, 0.0964507560226792
samples_hw/3FE367DB17C96CE8_C090A03173408062.txt, 9.520546308132197, 0.6579424716927396
samples_hw/3FE367DB17C96CE8_4049D85C395BB080.txt, 20.51022909482635, 0.05802906087973489
samples_hw/3FE36412BE221C7D_C0933DE4F4A03BCA.txt, 16.749298458866523, 0.21101962479350153
samples_hw/3FE36412BE221C7D_C0620F571DA21EA0.txt, 9.89451375610849, 0.7025367696933338
samples_hw/3FE362A11C27BEFA_C05718A4AA823140.txt, 11.115824798112017, 0.5190194541697262
samples_hw/3FE362A11C27BEFA_409E44D52F49C9AC.txt, 13.619279461769624, 0.3256779449196225
samples_hw/3FE3611DC0662681_C09BF3CDC3F4A79C.txt, 16.883698656033765, 0.15402480176884933
samples_hw/3FE3611DC0662681_C085E28219F44508.txt, 10.156304714360735, 0.6022502360674367
samples_hw/3FE360509EFD3745_C09A5D42F2DDFA86.txt, 6.292183653644956, 0.9006426574636072
samples_hw/3FE360509EFD3745_40B1EEEBAC312DD8.txt, 12.208875755504835, 0.42905379827191703
samples_hw/3FE3604565719C73_C0A23C02A8B81805.txt, 10.770187272979728, 0.5487096483538214
samples_hw/3FE3604565719C73_40A49E78DAC15CF2.txt, 9.403403782064519, 0.668142630054543
samples_hw/3FE35FAFBE96D7D1_4059F6CAF12FED80.txt, 17.404943921126886, 0.1349890493618993
samples_hw/3FE35FAFBE96D7D1_40A86D37A660BA70.txt, 6.63899576490311, 0.8805197327907045
samples_hw/3FE35F362C7FC4BE_40A8B3DA76D1C7B4.txt, 20.29083389953372, 0.06178052074840304
samples_hw/3FE35F362C7FC4BE_40AF3571C7048AE4.txt, 9.388058440438, 0.6694761850012326
samples_hw/3FE35F21097C3DA3_C090411C6DFAC238.txt, 14.909855460783412, 0.24640328043799775
samples_hw/3FE35F21097C3DA3_4090204BADF00098.txt, 10.13317127758428, 0.6042787629970634
samples_hw/3FE35DAC9A3FE631_C0B30941FEA0C284.txt, 11.560955094608243, 0.481551859721261
samples_hw/3FE35DAC9A3FE631_405002DE7E7405C0.txt, 10.40323818784104, 0.5806300200343575
samples_hw/3FE35C5B2E58BDFF_C0B24FCA5C8CEF95.txt, 24.186340876664513, 0.01918571677489979
samples_hw/3FE35C5B2E58BDFF_C0B1366FAA9E5CDF.txt, 22.852634419175484, 0.029003402131736796
samples_hw/3FE35BC45FCB86A4_C065359787846B20.txt, 13.181237132380712, 0.35600643374293683
samples_hw/3FE35BC45FCB86A4_40AD82C79EEC2590.txt, 34.86773514841107, 0.0004915664395026686
samples_hw/3FE35A7BD7A78555_C0AD9203C46C4408.txt, 11.497783069849536, 0.48680741009469897
samples_hw/3FE35A7BD7A78555_40AFC30DD217E61C.txt, 14.112703744327202, 0.36595498281964534
samples_hw/3FE359F22AEE3F55_C08D766E53D86CDC.txt, 9.766886694496678, 0.6364031769035454
samples_hw/3FE359F22AEE3F55_40AC847A859128F4.txt, 11.809953832617158, 0.461060795306524
samples_hw/3FE3566CE0634911_C04E8E1C67851C00.txt, 10.099898970696952, 0.6071968752449739
samples_hw/3FE3566CE0634911_4095E61404F78C28.txt, 6.746857267625524, 0.9147213601141596
samples_hw/3FE355F9819AC3DC_C05264B29920C980.txt, 6.948145696993359, 0.8610211843239788
samples_hw/3FE355F9819AC3DC_408F167E2FFDACF8.txt, 15.863876175136035, 0.19755064383596885
samples_hw/3FE3554D82E4E672_C09388951C26512A.txt, 7.090253397561345, 0.8515920046074192
samples_hw/3FE3554D82E4E672_40985FEBFAF5FFD8.txt, 22.405403999527266, 0.03321955265850859
samples_hw/3FE3544D57680AF8_C09ADFD2238A7FA4.txt, 5.644970465699927, 0.9329113491308623
samples_hw/3FE3544D57680AF8_4098704A1B14A090.txt, 9.669831878051898, 0.644900785688213
samples_hw/3FE353A231A555F5_C062387E822E7100.txt, 13.617811810616194, 0.32577672870440394
samples_hw/3FE353A231A555F5_40A2DFDCC0CC1FBA.txt, 10.24546885219722, 0.5944354460522785
samples_hw/3FE34EA9D63F1406_40932409D5FF0814.txt, 19.688262521295833, 0.07321759017994894
samples_hw/3FE34EA9D63F1406_40ABA0B227406164.txt, 15.826337923084132, 0.1993202140336626
samples_hw/3FE34DE9B6FAA7BD_C0962D1CF3FC9A3A.txt, 5.949350293455487, 0.918613696751047
samples_hw/3FE34DE9B6FAA7BD_409E7D8DB2443B1C.txt, 11.756874215924343, 0.4653977497143338
samples_hw/3FE34C4B5A602A83_C0B0521FE13FF440.txt, 12.298955976440558, 0.42197865848288324
samples_hw/3FE34C4B5A602A83_40B12BF56F4FE7EC.txt, 3.9529718101261277, 0.9842701142449258
samples_hw/3FE34B7D7C8CEA42_C0B18543B15A1A87.txt, 5.795275997343638, 0.9260481525633808
samples_hw/3FE34B7D7C8CEA42_C096DBD82C9E77B2.txt, 15.171547244812846, 0.23218883535331217
samples_hw/3FE34B0F76DE1F3E_C099D032DAD16066.txt, 15.587704165675788, 0.2108578445477088
samples_hw/3FE34B0F76DE1F3E_4086B7C2285DEF80.txt, 15.150589550441119, 0.2333042778918734
samples_hw/3FE347465B869D3A_4075ACE1E35859D0.txt, 8.127050486970727, 0.7751246437832273
samples_hw/3FE347465B869D3A_4087ED6634015AC8.txt, 13.36241955013043, 0.34325791092378466
samples_hw/3FE345035C5CD72E_C0B3704D1AFFD09A.txt, 11.031920687554559, 0.5261850754789381
samples_hw/3FE345035C5CD72E_40A21F147EEF5E2A.txt, 19.22833480789069, 0.11619248608134317
samples_hw/3FE3445E019C1AE7_C0A2527105E2C4E2.txt, 11.937511488000816, 0.4507111672088361
samples_hw/3FE3445E019C1AE7_40A123C27A172786.txt, 13.90602216972702, 0.3067497810805244
samples_hw/3FE344268A4FF36D_C0A547C86395AF91.txt, 5.830230008451946, 0.9243968697325494
samples_hw/3FE344268A4FF36D_409E461D064A4C38.txt, 15.92436761911528, 0.253238103666652
samples_hw/3FE343C22EA7CCBD_C0816ACA9EC75598.txt, 10.326323811353232, 0.5873560439674044
samples_hw/3FE343C22EA7CCBD_408FB1CC97D9E398.txt, 11.101223841883058, 0.5202643023133569
samples_hw/3FE340ACB93161A1_4093B3327A00A668.txt, 8.309677046540664, 0.7604861323456248
samples_hw/3FE340ACB93161A1_40B05EEAA3434DD6.txt, 7.3462775590807405, 0.8339077084958112
samples_hw/3FE33E29AE30B11A_409C636F932606E0.txt, 7.664998426143938, 0.8107312863234172
samples_hw/3FE33E29AE30B11A_40A3E87C9B9030FA.txt, 16.377604960433597, 0.17454663905290307
samples_hw/3FE33DD8A1FB3E93_40B15BA5CC80074C.txt, 21.845861501076975, 0.039284089413255945
samples_hw/3FE33DD8A1FB3E93_40B2D84A094DE094.txt, 9.766923241640102, 0.6363999749091944
samples_hw/3FE33D91EA57A8CD_C0AB130A2D5DC614.txt, 17.365987244169368, 0.18310878503042322
samples_hw/3FE33D91EA57A8CD_40A835E08BCFCBC0.txt, 16.244165006565407, 0.18030706530542162
samples_hw/3FE33C3CA1E954F6_4096244D8E65089C.txt, 5.22405700864946, 0.9500733663740933
samples_hw/3FE33C3CA1E954F6_40AEC0F4B68261EC.txt, 8.925872011728515, 0.7785187594660128
samples_hw/3FE33ABD09630FDF_C0AC81CE063E639C.txt, 18.979449459705556, 0.0890256004564215
samples_hw/3FE33ABD09630FDF_C0A0A1CE7318A39C.txt, 9.292634626429644, 0.6777531435358198
samples_hw/3FE338E8D2A29D33_4085306E8FCAE0D8.txt, 13.61800400604739, 0.3257637914334406
samples_hw/3FE338E8D2A29D33_40951D6D55227ADC.txt, 12.511194529634153, 0.4055457899292827
samples_hw/3FE3379D4F14C8E3_C062BC39C47B7880.txt, 5.025352596323158, 0.9571268015813061
samples_hw/3FE3379D4F14C8E3_40AACC3E40A1F87C.txt, 5.050056862745302, 0.9562860821067506
samples_hw/3FE3374093C8547B_C0A9F2EB5EB805D7.txt, 22.818707946254552, 0.043904031456246335
samples_hw/3FE3374093C8547B_40AE8482401AE904.txt, 10.032328402021724, 0.6131243896595686
samples_hw/3FE334C7E460EFEF_C0A0C2B1F2F16564.txt, 11.208172499863522, 0.5111676092288628
samples_hw/3FE334C7E460EFEF_4050AB60FF7D56C0.txt, 13.533157601820555, 0.33150711290979434
samples_hw/3FE332C38542FE85_40A6E5EE8B59ABDC.txt, 11.800588658367639, 0.4618247231964133
samples_hw/3FE332C38542FE85_40A713951CD3872A.txt, 23.74401302061077, 0.022034004707083096
samples_hw/3FE331A2C452283F_40A9821AFB32E434.txt, 8.768313061626051, 0.7225818377735389
samples_hw/3FE331A2C452283F_40AD5C8EF7B49920.txt, 10.103573005077564, 0.6068746215134808
samples_hw/3FE330CA0A8395D4_407BB10BB6DA6210.txt, 15.883177471387077, 0.19664553677952856
samples_hw/3FE330CA0A8395D4_40A1172ABD99CE56.txt, 9.035726740832212, 0.7702399314097992
samples_hw/3FE32FD8EA89DD4C_C0A66C5479DC78A9.txt, 17.851409182031954, 0.12027730119689631
samples_hw/3FE32FD8EA89DD4C_408B4FBB29531F78.txt, 14.57149666973735, 0.2657101563188108
samples_hw/3FE32E78D65006D6_C0A68F93FF397F28.txt, 8.405634113003401, 0.7526826954370143
samples_hw/3FE32E78D65006D6_C084921603D4A428.txt, 4.245926953306887, 0.9785786310022812
samples_hw/3FE32DB743EAEA2F_C0AC75E95DDECBD3.txt, 15.101196327441972, 0.2359489122772989
samples_hw/3FE32DB743EAEA2F_C0A63EF3A3F29DE7.txt, 8.566949133305325, 0.8048070976589231
samples_hw/3FE32AE319EA2138_C0A2ED527E2C3AA4.txt, 22.5711387050054, 0.03159550064948832
samples_hw/3FE32AE319EA2138_40955795C31FEF28.txt, 9.17345676092614, 0.6880478573508864
samples_hw/3FE32AA1CA127078_C0A0D18C9A8EC319.txt, 9.537327406937079, 0.656478614217195
samples_hw/3FE32AA1CA127078_40B02B84318E0708.txt, 10.039841296120267, 0.6906732016149733
samples_hw/3FE328F99167FDA2_C0A38ACAE5273596.txt, 9.468481949919763, 0.736712957966781
samples_hw/3FE328F99167FDA2_40A5A50A439FAA14.txt, 19.130642450608754, 0.1191084491755401
samples_hw/3FE327836F2A6187_C0AB2810AC117022.txt, 16.618516542780423, 0.1645195697963086
samples_hw/3FE327836F2A6187_C074AB76F46256F0.txt, 15.934238289745029, 0.19426667198529474
samples_hw/3FE3262D8C6A02FE_C0B015D5B7501BAC.txt, 8.726475327811498, 0.7260984623001185
samples_hw/3FE3262D8C6A02FE_409FE50A62C28A18.txt, 14.337920262820674, 0.27965180675660406
samples_hw/3FE322D94273FB60_C093B0ED06AF21DA.txt, 15.6498359047925, 0.20780563426626938
samples_hw/3FE322D94273FB60_40A2C722E0CC6E46.txt, 17.675650924119154, 0.17022757863201954
samples_hw/3FE31EBEA85BB525_407C578A5675AF20.txt, 13.031286389262494, 0.4453979340906276
samples_hw/3FE31EBEA85BB525_40B32D14606D4A28.txt, 13.467200152220421, 0.33601603588689044
samples_hw/3FE31E9FEEFBA819_4097AF6CA9061ED8.txt, 13.727726523511055, 0.3184320802331062
samples_hw/3FE31E9FEEFBA819_40A91035A8E7406C.txt, 16.346944326098367, 0.175857075117751
samples_hw/3FE31E340F86EE02_C08BD55689C82AB0.txt, 16.618394350505174, 0.1645245355373518
samples_hw/3FE31E340F86EE02_40A2B9E83A6053D0.txt, 9.839216931319825, 0.6300636830196484
samples_hw/3FE31C37A7F433DB_C0B0108BB7C71118.txt, 5.408678138316794, 0.9650611883415744
samples_hw/3FE31C37A7F433DB_40B3587A48C7E0F4.txt, 6.602189040001893, 0.9214729926201993
samples_hw/3FE31B9796CC3B46_C0B377A2FAC73F46.txt, 10.94900174242336, 0.6150900254416913
samples_hw/3FE31B9796CC3B46_C0A390986DC8C131.txt, 18.522069107913275, 0.10073372046053204
samples_hw/3FE31A42C78E056C_C0B14CDA289309B4.txt, 6.30804893651655, 0.8997640874448957
samples_hw/3FE31A42C78E056C_4061E1FF3889C400.txt, 9.23383237694383, 0.6828389125825575
samples_hw/3FE3178DB1C9C726_40A48A8AE9F3F516.txt, 9.97344927793599, 0.6182900338139117
samples_hw/3FE3178DB1C9C726_40A9DF5FAA3B5EC0.txt, 6.832880329382699, 0.8684569627236697
samples_hw/3FE31491DE45EF4A_C0AEDF82F2935F06.txt, 16.641577278109196, 0.16358457174079222
samples_hw/3FE31491DE45EF4A_C09170CFBEFA21A0.txt, 5.781105138251012, 0.926711680774524
samples_hw/3FE3139B3607E3A5_406DF89562CDF120.txt, 6.201608487134466, 0.9055797066460597
samples_hw/3FE3139B3607E3A5_409ABF50088E3EA0.txt, 8.18123176181654, 0.7708121691297734
samples_hw/3FE310DF96425CD7_40668C0127171800.txt, 6.203388426132989, 0.9384362315160709
samples_hw/3FE310DF96425CD7_40B356D704EEBDAE.txt, 11.812108507444266, 0.46088511351070405
samples_hw/3FE30EF83ED107AF_C0A4861FE00DEC40.txt, 5.248913551549086, 0.9491439915907458
samples_hw/3FE30EF83ED107AF_40B28D6F824EAAE0.txt, 12.150471405236566, 0.5153455102534638
samples_hw/3FE30DCAE9BE6C61_C0B105E17967DBC3.txt, 13.760183292182276, 0.3162840488146793
samples_hw/3FE30DCAE9BE6C61_40B2AB83A72F8708.txt, 5.952880168137621, 0.94785103432208
samples_hw/3FE30B3E38C9B813_C0AC01D202F5A3A4.txt, 14.486108703922234, 0.2707485864213625
samples_hw/3FE30B3E38C9B813_C0996D27E0CA9A50.txt, 6.198965694704662, 0.9057217384456624
samples_hw/3FE30B03F07A627A_C0AFB5470E87CA8E.txt, 12.404262048661009, 0.49480533004223615
samples_hw/3FE30B03F07A627A_C088B2E98EC2E5D0.txt, 18.248617687139426, 0.1483057127991523
samples_hw/3FE30412A8590F29_C0A48081BBFDE104.txt, 19.054166210684503, 0.08722961929755058
samples_hw/3FE30412A8590F29_C071CE80F0549D00.txt, 20.20484981690222, 0.06330877102881648
samples_hw/3FE303CD9C7223C6_C0B075AECF499B5E.txt, 10.429835300019045, 0.5783063887405708
samples_hw/3FE303CD9C7223C6_4089A9184E02D230.txt, 8.403202123608635, 0.7528813701048774
samples_hw/3FE30349987277A0_C0A2924F3096849F.txt, 9.739580563220787, 0.6387951352412407
samples_hw/3FE30349987277A0_C09B602ACA090056.txt, 9.714629412367124, 0.6409800413310902
samples_hw/3FE303274DDB66C3_C0635F735018BEE0.txt, 5.912750342478512, 0.9204161562732526
samples_hw/3FE303274DDB66C3_4092783F18DCB080.txt, 8.865602169807076, 0.7143649282939248
samples_hw/3FE3023FA1D2BB72_C0A8EE591BBB7CB2.txt, 13.22921060119387, 0.35260321210951906
samples_hw/3FE3023FA1D2BB72_40A7D3ED1FF287DA.txt, 14.371589740070009, 0.2776112033480645
samples_hw/3FE30107B9654194_C0AE6EBDB954FD7C.txt, 3.7552968914494125, 0.9935267143615
samples_hw/3FE30107B9654194_C09E3DA7B01E3B50.txt, 18.10348512087973, 0.1536295776550358
samples_hw/3FE3007E1370E1C2_40A5924BB0908496.txt, 9.543980689227288, 0.6558980654265374
samples_hw/3FE3007E1370E1C2_40AA2C9ADB67B938.txt, 5.2884450191189805, 0.9476442654210656
samples_hw/3FE3001B72ACD765_C0B0CD13E116AA28.txt, 10.693865709710106, 0.5553205443029485
samples_hw/3FE3001B72ACD765_407A3F9397AF7F30.txt, 7.5378041441345305, 0.8201270764239607
samples_hw/3FE2FCE3957DC036_C0A07D6198025AC4.txt, 6.27248152169284, 0.9017279958455929
samples_hw/3FE2FCE3957DC036_40997039B8542070.txt, 6.989604361255266, 0.8582997757301117
samples_hw/3FE2FC50EA95DA86_C0ABD8B5973FD16C.txt, 12.157173257424954, 0.5147997118496757
samples_hw/3FE2FC50EA95DA86_40A8EE754AB2BCEA.txt, 6.5152963257202146, 0.88791530131616
samples_hw/3FE2FBDB56DC60D7_C0B1D568FF781AD2.txt, 19.669036412623157, 0.10377559545216558
samples_hw/3FE2FBDB56DC60D7_40A78470C441E8E2.txt, 9.709580275534998, 0.641422085774149
samples_hw/3FE2FB858F9E50DE_C0AE601B091C2036.txt, 13.973212662170106, 0.30242214290462827
samples_hw/3FE2FB858F9E50DE_40808C45FBFE9890.txt, 5.339735855922673, 0.966933220635813
samples_hw/3FE2FB30AF25E563_C0A845A6014A2B4C.txt, 14.385571972746543, 0.2767668460540431
samples_hw/3FE2FB30AF25E563_4071A557248C4AA0.txt, 14.0102697739781, 0.37312112343805615
samples_hw/3FE2F8A424AE680C_C090ED72BE509AE6.txt, 15.033835583160707, 0.30524525682438186
samples_hw/3FE2F8A424AE680C_40B1BC1A3B03E834.txt, 7.351924998878735, 0.8335079253771105
samples_hw/3FE2F74B3F05B3FE_C0A0E2381E142470.txt, 6.913522546341509, 0.8632750093044365
samples_hw/3FE2F74B3F05B3FE_40971BF83F44F7F0.txt, 11.933681921886405, 0.45102035841246113
samples_hw/3FE2F685CF55358D_402283B04A850800.txt, 9.729166057588909, 0.6397071986145682
samples_hw/3FE2F685CF55358D_40A9A455508C68A8.txt, 15.632322764367904, 0.2086625127706172
samples_hw/3FE2F5DAA3AB0505_C0B1B73EC2C49E7E.txt, 8.269904183080776, 0.7636985833084319
samples_hw/3FE2F5DAA3AB0505_406CF7AA2B27EF60.txt, 7.041175349810912, 0.8548805480116813
samples_hw/3FE2F568D2101F9A_C0A1DFDE3B055FBC.txt, 6.153284377637781, 0.9081585837105323
samples_hw/3FE2F568D2101F9A_40B2AD32CCB88A66.txt, 8.726030154300018, 0.7261358238879959
samples_hw/3FE2F3A32097D828_C0A7A665BFB36CCC.txt, 11.776829692606322, 0.46376521405230675
samples_hw/3FE2F3A32097D828_40A4F2DB227945B6.txt, 10.303522418680137, 0.6689458200570275
samples_hw/3FE2F1F5FA0A19A8_C0ADAEEA52933DD4.txt, 6.56400438241022, 0.9232021682251345
samples_hw/3FE2F1F5FA0A19A8_C0A95E71A97C1CE3.txt, 9.340539743557143, 0.6736013914738797
samples_hw/3FE2F1DABC2B96E8_C0A6C7B8C6FD2F72.txt, 18.468944663506278, 0.10217589567778397
samples_hw/3FE2F1DABC2B96E8_C0626022D2EEC040.txt, 10.355949931378401, 0.5847642235225454
samples_hw/3FE2F0CFFA556D35_C0A3137D688B46FB.txt, 18.18741951419384, 0.11011719261481293
samples_hw/3FE2F0CFFA556D35_40AC5D7784979AF0.txt, 21.993592052977, 0.037591694638700386
samples_hw/3FE2EFF2DF1EF0E6_409D0BEAFF70D7D8.txt, 7.224735795448184, 0.8424116358112597
samples_hw/3FE2EFF2DF1EF0E6_40B2D94EBEF1429E.txt, 11.31178170194613, 0.5847163862777913
samples_hw/3FE2EFCCA5154886_C0ABC9DE3E3133BC.txt, 6.518756396642724, 0.8877116829887275
samples_hw/3FE2EFCCA5154886_40AEF7263B9ACE4C.txt, 14.593694722667319, 0.3333992004212439
samples_hw/3FE2EF554D2FE152_40658569AE190AE0.txt, 7.955872203393377, 0.7885692492458211
samples_hw/3FE2EF554D2FE152_409C58483B217090.txt, 13.662467459463501, 0.32277970450235977
samples_hw/3FE2EE25123F1135_C09EDE8CAC017D1A.txt, 13.939164594672572, 0.37814224388783135
samples_hw/3FE2EE25123F1135_C095C0EF20D7C1DE.txt, 5.375335186681687, 0.9442541671370166
samples_hw/3FE2EDCA37A80C6D_409E5BD4598BF7A8.txt, 10.53373790105248, 0.5692419286792958
samples_hw/3FE2EDCA37A80C6D_40B22C30C3308862.txt, 9.1625189491111, 0.6889900419075665
samples_hw/3FE2ED4EAE60B1D6_C0A6AF8D11A4BF1A.txt, 12.145313015520776, 0.43408110544434003
samples_hw/3FE2ED4EAE60B1D6_40A562FEDD8DE5FE.txt, 22.207694556232095, 0.05222607288600007
samples_hw/3FE2EA90B4B4ED08_C0AAA8164C18702C.txt, 6.7219715136705265, 0.8754267216564564
samples_hw/3FE2EA90B4B4ED08_40B160A6442ED14C.txt, 17.328249635419937, 0.18472959397192318
samples_hw/3FE2E9AFE2392347_C0A352402A254480.txt, 8.746134753888308, 0.7244473234121971
samples_hw/3FE2E9AFE2392347_40AB31EF903943E0.txt, 13.784711465181033, 0.3146670468151479
samples_hw/3FE2E634445B59A6_C0972C9C77B9993A.txt, 7.588205151146405, 0.8164265678690007
samples_hw/3FE2E634445B59A6_4093B97D00ECB2F8.txt, 10.262843538343173, 0.6723124069640971
samples_hw/3FE2E5E8A5C24A4B_C09EEEDEEDCB9DBE.txt, 12.258601305398503, 0.42514097119660843
samples_hw/3FE2E5E8A5C24A4B_40AED19743B80330.txt, 12.423389296282398, 0.41230317487509754
samples_hw/3FE2E1ECA8E0A62C_C09AF8C205393184.txt, 4.854194641628192, 0.9626723350645578
samples_hw/3FE2E1ECA8E0A62C_4098AF8A72571F14.txt, 6.374048173455304, 0.8960654765124855
samples_hw/3FE2E1C98D7BD846_C0A8CB4FB2E876A0.txt, 15.53507074466356, 0.27514938162803504
samples_hw/3FE2E1C98D7BD846_409F93D73CBF67AC.txt, 11.637021673914244, 0.47525329618225853
samples_hw/3FE2E0AB0324BFD1_C0B0B37821E896F0.txt, 11.595943642329281, 0.5610216453710402
samples_hw/3FE2E0AB0324BFD1_40AD56EF241FCDE0.txt, 8.788867080240486, 0.788695900098079
samples_hw/3FE2DFCA2443EF60_C090DA6F7B06F4E0.txt, 19.811237678673837, 0.10001798801619176
samples_hw/3FE2DFCA2443EF60_40996C0444B11808.txt, 5.729879177385595, 0.9290816967445028
samples_hw/3FE2DC4BDF100ED9_409945BC3E89CB78.txt, 9.927639162136158, 0.6998405990947542
samples_hw/3FE2DC4BDF100ED9_40A70F2787127E4E.txt, 6.5540307619871285, 0.9236501694323179
samples_hw/3FE2DB870CCCF7CB_C0A1288886543111.txt, 3.974694515093407, 0.9838887005209096
samples_hw/3FE2DB870CCCF7CB_40A3A832564CF064.txt, 19.974957664269784, 0.06756116501274621
samples_hw/3FE2D8ED4AFF80BC_C095D9441AC37288.txt, 9.378140630834878, 0.743822429126524
samples_hw/3FE2D8ED4AFF80BC_C084284A06D9D098.txt, 4.4246639393084735, 0.9744987997506852
samples_hw/3FE2D609605F0FBD_40951F02A7577E04.txt, 22.54032270400518, 0.0318918377559382
samples_hw/3FE2D609605F0FBD_40B0BEB2AFD58D64.txt, 9.669672504059891, 0.7206974813183907
samples_hw/3FE2D5854F919828_C0AEA61B2FB4AC36.txt, 10.653575774385967, 0.5588171306788003
samples_hw/3FE2D5854F919828_408B6C0E6F025818.txt, 17.984354973477835, 0.15811439913183442
samples_hw/3FE2D53783835565_40AF03A663B7A74C.txt, 9.609234097562197, 0.6501995416999276
samples_hw/3FE2D53783835565_40AF0803B9ECF008.txt, 10.757060822225606, 0.549845410264193
samples_hw/3FE2D2F91DB5F956_C0AF878635262F0C.txt, 11.653246996036644, 0.4739140954492346
samples_hw/3FE2D2F91DB5F956_40A76DB7A1DAFB6E.txt, 10.753435545772502, 0.5501591789607181
samples_hw/3FE2D2175C785067_409C68CC9F649198.txt, 14.167416381851998, 0.290145421102696
samples_hw/3FE2D2175C785067_40A4ADC6F2FB7B90.txt, 9.459619652583632, 0.6632518925559088
samples_hw/3FE2D18FB91E62CA_40B045FA14D9DBF4.txt, 8.893716025308528, 0.711980708279923
samples_hw/3FE2D18FB91E62CA_40B0C856257380AC.txt, 14.383836430720704, 0.34737831062072816
samples_hw/3FE2D0887C924991_C0ADEEA03F273D40.txt, 10.90184070911384, 0.6190405248395654
samples_hw/3FE2D0887C924991_40AE6DEF32D93BE0.txt, 6.321762561679352, 0.8990013748422361
samples_hw/3FE2CFD7A8E4FBA1_40A0A8152A10F02A.txt, 12.064993133232662, 0.4404741772054859
samples_hw/3FE2CFD7A8E4FBA1_40B148BE6F8BE17C.txt, 5.4438542767644815, 0.9414897967841932
samples_hw/3FE2CE31475203C3_C0B2554CE3D39A9A.txt, 10.235580067802807, 0.6745660002204694
samples_hw/3FE2CE31475203C3_409881C4F49AC388.txt, 4.647044770692204, 0.9821639723733147
samples_hw/3FE2CD4F14E34083_C0AE612AF450E256.txt, 12.694587801807122, 0.47166967952970695
samples_hw/3FE2CD4F14E34083_C0A846C164496D83.txt, 10.115517649571656, 0.6844618937186151
samples_hw/3FE2CC8471D24133_C08F20F2F103C1E8.txt, 11.290988576758574, 0.5041592688963219
samples_hw/3FE2CC8471D24133_40ADB290515BC520.txt, 9.15924317495864, 0.7608130371472552
samples_hw/3FE2CB18D48E8772_40A01C35E4AF586C.txt, 14.06911517825403, 0.2963165022053931
samples_hw/3FE2CB18D48E8772_40A3AC51948338A4.txt, 18.067752675954498, 0.11364874987904583
samples_hw/3FE2CAD03C6FBB0E_40A1DF1EB4425E3C.txt, 19.950613276519668, 0.09644856409207052
samples_hw/3FE2CAD03C6FBB0E_40A5D6DA239B0DB6.txt, 15.04170276133649, 0.3047566008156265
samples_hw/3FE2CA3AE20A9584_C0A76A3A0498B474.txt, 10.747624864649545, 0.5506621781014478
samples_hw/3FE2CA3AE20A9584_40B36581337D5B02.txt, 10.64566909137034, 0.640473788041651
samples_hw/3FE2C84C8039A207_C0A4648CF633A91A.txt, 16.03691790840289, 0.2471420515587008
samples_hw/3FE2C84C8039A207_40AD2479642728F4.txt, 24.77541874166013, 0.015923688171944627
samples_hw/3FE2C4C7F834848D_405B3E8D6BCA7D00.txt, 23.177476473674115, 0.026256457011161374
samples_hw/3FE2C4C7F834848D_40A5510B5E690216.txt, 16.38014120499161, 0.2292101995704573
samples_hw/3FE2C44DF37508D8_4091B063393220C8.txt, 13.361685550978098, 0.3433089811016648
samples_hw/3FE2C44DF37508D8_40A7D28E4364051C.txt, 10.916268144737442, 0.61783206403237
samples_hw/3FE2C3B9C397993B_C0B252382B4A3470.txt, 15.209496073042418, 0.23017918307001564
samples_hw/3FE2C3B9C397993B_406A95D06B2B2BA0.txt, 17.197309632894854, 0.19044051858441005
samples_hw/3FE2C29DC803319C_C0A8C3BAF8BC6776.txt, 13.03677661596835, 0.36637327735362823
samples_hw/3FE2C29DC803319C_C0A48A4C6CA37499.txt, 11.431074918921347, 0.492380652933487
samples_hw/3FE2C2363E8A36F5_409068B7AF651170.txt, 9.334877281405062, 0.6740925118843067
samples_hw/3FE2C2363E8A36F5_40A9272643BEAE4C.txt, 13.736644878331322, 0.3926487686888486
samples_hw/3FE2C1AD7B020D86_C0A8C0935906E127.txt, 16.362445012497954, 0.2301106104322786
samples_hw/3FE2C1AD7B020D86_40ACFD5261A61AA4.txt, 10.074745207042394, 0.6878110597461934
samples_hw/3FE2C18EFE30A0E2_C0AD2986C1D6730D.txt, 12.894596308322766, 0.37674824300960613
samples_hw/3FE2C18EFE30A0E2_40B19720404DBE40.txt, 8.533960829598273, 0.7421361676656439
samples_hw/3FE2C10C6CC6FF24_C0B04D94B333AB2A.txt, 8.027464350046387, 0.841806426163052
samples_hw/3FE2C10C6CC6FF24_C084D20021012400.txt, 16.385372961678534, 0.2289444998678398
samples_hw/3FE2BE6C5271C7A1_40A7B567FE340AD0.txt, 7.58821410266977, 0.8693549015834898
samples_hw/3FE2BE6C5271C7A1_40A9323099014460.txt, 15.549901119766899, 0.21273162798312076
samples_hw/3FE2BE4359856D1A_C09326FD58A40DFA.txt, 6.82282287106083, 0.9110497315041529
samples_hw/3FE2BE4359856D1A_40A1BEB3BC201D68.txt, 15.26434725221475, 0.291142101330163
samples_hw/3FE2BDB7D4C27231_409E3ECA707DBD94.txt, 3.1594401569233708, 0.9972957070484826
samples_hw/3FE2BDB7D4C27231_40A5A9FCC823B3FA.txt, 7.40735156196095, 0.8295628013512283
samples_hw/3FE2BC6DB654F7E1_C0A05E88AD4A5D11.txt, 14.295550157376093, 0.35336409827343446
samples_hw/3FE2BC6DB654F7E1_408F38D22E8DF1A8.txt, 13.114070717819404, 0.3608043680700644
samples_hw/3FE2BAEFA002D798_C0A6D32955AEC653.txt, 20.3087578525985, 0.08777436153715007
samples_hw/3FE2BAEFA002D798_4092DDA9250B7B54.txt, 13.757372413629362, 0.3911502808592429
samples_hw/3FE2BA2666BC4D76_C0AB4A8CAFFE351A.txt, 9.552438010935658, 0.7300591711643368
samples_hw/3FE2BA2666BC4D76_407B22511D0344B0.txt, 13.783462083104931, 0.3147492800985505
samples_hw/3FE2B99103833C8E_C0AF71DF25B603BE.txt, 15.514574074913766, 0.21449414745864792
samples_hw/3FE2B99103833C8E_C0AD03E7D92427D0.txt, 4.405755822979091, 0.974953048871083
samples_hw/3FE2B960167D1950_C0B1D2BFFAF43580.txt, 12.238038362572816, 0.5082280310814595
samples_hw/3FE2B960167D1950_40AC5451C856C8A4.txt, 15.805666987892796, 0.20029988747526473
samples_hw/3FE2B336319E411A_4090B9734A6132E8.txt, 10.516479891137234, 0.651252321568822
samples_hw/3FE2B336319E411A_40ABBC9A95405938.txt, 17.20764220301056, 0.18998492872498213
samples_hw/3FE2B2589B44FCD6_C080FFF6CC4B7FF0.txt, 9.218905625604528, 0.6841279851759834
samples_hw/3FE2B2589B44FCD6_4085B2067A76E410.txt, 13.570402708534166, 0.404778127687087
samples_hw/3FE2B25460E614DA_C09B152039FAEA40.txt, 17.737717507292242, 0.16773446602581826
samples_hw/3FE2B25460E614DA_40B1791226F8C224.txt, 9.9870229580983, 0.6170991769391942
samples_hw/3FE2B247C0B77598_C0912CA5A6DA994C.txt, 6.881842231370808, 0.8653220691791457
samples_hw/3FE2B247C0B77598_40A5FD470AAD5A8E.txt, 13.877043760218534, 0.3825598686598548
samples_hw/3FE2B07EB0C38BDA_4092E21FDDAA8440.txt, 14.195867524425045, 0.36019610859715084
samples_hw/3FE2B07EB0C38BDA_40ACDA31BF63D464.txt, 15.141723060364614, 0.23377738191519826
samples_hw/3FE2AE099D3599FA_C0A93F263CCD1E4C.txt, 14.038754445524903, 0.3711203628318151
samples_hw/3FE2AE099D3599FA_40A49832ADB99066.txt, 10.536295956724219, 0.5690190466279388
samples_hw/3FE2ADFC445FB828_C0A2D363F7E446C8.txt, 19.278135086358393, 0.11472929077604083
samples_hw/3FE2ADFC445FB828_C08EE9ED753953D8.txt, 16.837285402965524, 0.20684963165324322
samples_hw/3FE2AC65CD704763_C07AEB883026D710.txt, 6.0428001723457205, 0.9445813757440018
samples_hw/3FE2AC65CD704763_40AE94E84C6C49D0.txt, 9.035885704230612, 0.7702278782665624
samples_hw/3FE2A574D35FF234_C0AA7F42ACDC1E85.txt, 8.58557990629095, 0.8034731344689945
samples_hw/3FE2A574D35FF234_C0A94B732911B6E6.txt, 10.827428722814794, 0.625271866494018
samples_hw/3FE2A41622AE7B50_C0AD6F264BC47E4C.txt, 18.901436741001568, 0.12619147204044656
samples_hw/3FE2A41622AE7B50_C0A4D8BB85AA1177.txt, 7.615040274011726, 0.8677444138474861
samples_hw/3FE2A3251013E5D9_C0B31C27B537E84F.txt, 9.47528044960147, 0.6618879789815639
samples_hw/3FE2A3251013E5D9_C09E83D3E873C7A8.txt, 11.63234328509861, 0.475639724156076
samples_hw/3FE2A231CB0EE6EE_4098CC94E1AC5928.txt, 20.370678440160177, 0.06039091978018506
samples_hw/3FE2A231CB0EE6EE_40B0FD01800A0A02.txt, 8.747605026556265, 0.724323745364454
samples_hw/3FE2A11BB58A8CAD_C0B156D2A305DDA5.txt, 6.715363133932078, 0.8758361796420404
samples_hw/3FE2A11BB58A8CAD_40AE4D12F585BA24.txt, 12.660455274844084, 0.4743677514656188
samples_hw/3FE2A10DE7CEA7AC_C0A2F34B1A068696.txt, 7.294104155403676, 0.8863657280678741
samples_hw/3FE2A10DE7CEA7AC_40A12A973717B52E.txt, 16.841062055584725, 0.20667205871696948
samples_hw/3FE2A024212781CF_C0A5BC6E053998DC.txt, 9.60365260471977, 0.7259792338807282
samples_hw/3FE2A024212781CF_40A5E35B7E1D66B6.txt, 13.353777052072878, 0.420871230651283
samples_hw/3FE29FF9B71CEC7C_40A1AB56BA9836AE.txt, 17.40969792639691, 0.18124539829295364
samples_hw/3FE29FF9B71CEC7C_40AED806AE9C5010.txt, 5.580183795966799, 0.9357504443408114
samples_hw/3FE29EBA2D72096B_C0AE6FF2BB2ABFE6.txt, 19.109987208119943, 0.08590848590720022
samples_hw/3FE29EBA2D72096B_C09D95FCC44A6BF8.txt, 10.482341178737041, 0.6540956084728767
samples_hw/3FE29CB12F4FB282_C0973B18E331B632.txt, 12.224166186815523, 0.5093535186699316
samples_hw/3FE29CB12F4FB282_4079DB8AB0C6B710.txt, 12.544172733773847, 0.483604338269471
samples_hw/3FE29C7238016192_C0A85A9B4F5B5536.txt, 10.944523204340666, 0.6154652004315915
samples_hw/3FE29C7238016192_40967459D42028B4.txt, 21.010132595751976, 0.050232271736185226
samples_hw/3FE299227104E0BE_C09EE1E8B33E03D0.txt, 20.917038195281943, 0.07458579971288626
samples_hw/3FE299227104E0BE_40A2C7CDF83CAF9C.txt, 14.681116904017777, 0.25934013199501454
samples_hw/3FE297E3D8CDF1D2_C09E19F43C68F3EA.txt, 10.68164171832676, 0.6374680106521826
samples_hw/3FE297E3D8CDF1D2_C0814ACA5DFB1598.txt, 12.304689513491756, 0.5028315795196798
samples_hw/3FE295EC0487F73C_C0A40975488D72EA.txt, 7.800019985366438, 0.8563800413086731
samples_hw/3FE295EC0487F73C_40B222079A95340E.txt, 17.56194599388783, 0.1296531145228939
samples_hw/3FE2911BEE73A0E8_40A80C2DB63DF85A.txt, 4.60338097371006, 0.9699333101091918
samples_hw/3FE2911BEE73A0E8_40AAD16BDB7DC2D8.txt, 19.87486512407486, 0.09837469380685213
samples_hw/3FE28FADAD48081D_C0A0940D8A8E881B.txt, 17.02517302892014, 0.14865283592453757
samples_hw/3FE28FADAD48081D_40B22054949DB0AA.txt, 6.898141545865991, 0.9073240876234194
samples_hw/3FE28FA9AFBB30E3_40919A4725B3F48C.txt, 9.977332651350379, 0.6957869001389709
samples_hw/3FE28FA9AFBB30E3_40AFFF45EB175E8C.txt, 12.906881485065487, 0.455029921152139
samples_hw/3FE28EF6A17C7F5C_4084EF1CBB375E38.txt, 9.603441895015612, 0.6507056949286307
samples_hw/3FE28EF6A17C7F5C_40A5515FE7A542BE.txt, 8.710666168429412, 0.7944276095874305
samples_hw/3FE28CCADC23402F_C0AAA22D9092E45B.txt, 22.891880601296407, 0.02865799151479576
samples_hw/3FE28CCADC23402F_40B07C1552D2482A.txt, 10.352248279265561, 0.5850879900174841
samples_hw/3FE28C4EDFC882A8_407A8A4A4B3C1490.txt, 24.132761673510075, 0.029930588148917366
samples_hw/3FE28C4EDFC882A8_40B2C755F6A61EAC.txt, 11.27438121269329, 0.5878436810724411
samples_hw/3FE28BA52C038A10_4094DE637E82FCC8.txt, 8.651533281375656, 0.7987229284710259
samples_hw/3FE28BA52C038A10_409FC5A3D271CB48.txt, 9.13104304274971, 0.7629759603863633
samples_hw/3FE2885BB46A35B9_C0A8F0350F9AC06A.txt, 10.636978629492113, 0.5602587953335283
samples_hw/3FE2885BB46A35B9_40A1952F18BA4A5E.txt, 14.394619436786716, 0.34665145114517165
samples_hw/3FE2840E7E61528F_C0875721DA0D2E40.txt, 9.789069069408606, 0.6344594703892039
samples_hw/3FE2840E7E61528F_40942440A8010880.txt, 9.546900955087686, 0.6556432210983414
samples_hw/3FE283AD63EFD255_C0B0D7E5DCFE9FCC.txt, 9.688047271769307, 0.6433068863406988
samples_hw/3FE283AD63EFD255_C09FC89BE1A3D138.txt, 15.265690053871921, 0.22722722897804354
samples_hw/3FE2828EA9CAF278_4068AE522D8B5CA0.txt, 20.151608986471004, 0.09149386162571936
samples_hw/3FE2828EA9CAF278_4093CA59A4BD54B0.txt, 14.662227502475892, 0.328910997022155
samples_hw/3FE2826D160CF894_C09AEF8D50929F1A.txt, 13.732655543285283, 0.3181052598496899
samples_hw/3FE2826D160CF894_40A0F2FC9C40C5F8.txt, 10.640340712796899, 0.6409188647963244
samples_hw/3FE281FCA4DFB12D_C0AAD41CADFE083A.txt, 4.569178825735156, 0.9708455294115331
samples_hw/3FE281FCA4DFB12D_407589A3A6F61350.txt, 13.216883175850912, 0.43120209552976313
samples_hw/3FE2813F7B39E870_4090FBB587253768.txt, 8.67345428571301, 0.730539639357292
samples_hw/3FE2813F7B39E870_40A7C70C5BC76E1A.txt, 19.53646453428325, 0.10738643446853835
samples_hw/3FE280086E8D8F2A_C0AE60E2029C21C4.txt, 6.590729294488632, 0.9219942682638151
samples_hw/3FE280086E8D8F2A_C0A93459425408B2.txt, 5.264003917700463, 0.9689122295441621
samples_hw/3FE27FF71FE1E887_C08A04B90A548970.txt, 21.061161513309337, 0.07172770072282036
samples_hw/3FE27FF71FE1E887_40708BC4A46C1780.txt, 19.51160054800344, 0.10807540282916245
samples_hw/3FE27F8A88ABBD80_C098FE2A9C66BC56.txt, 8.869465251144684, 0.782729210226013
samples_hw/3FE27F8A88ABBD80_40A7A2132C026428.txt, 7.502886459846743, 0.8226730244856268
samples_hw/3FE27A6F7EAEA9A3_C0B3388B482E8117.txt, 12.9552396802823, 0.4512750228640091
samples_hw/3FE27A6F7EAEA9A3_40501EFF315C3E00.txt, 4.974765968130706, 0.9757444198264179
samples_hw/3FE27791004CAD78_C0A9CEBE3182FD7C.txt, 10.7462172475742, 0.6320683306017789
samples_hw/3FE27791004CAD78_C0A831BB18DAC376.txt, 9.240942956141199, 0.6822245619483605
samples_hw/3FE276525C57924B_C0A279565C4192AD.txt, 12.344285824327523, 0.4996346013656474
samples_hw/3FE276525C57924B_40561155D2282280.txt, 11.580620155556227, 0.5622956891149631
samples_hw/3FE26D18FF02F692_C0948D7EA5AA5AFC.txt, 8.076755926847474, 0.8385640312232616
samples_hw/3FE26D18FF02F692_C09348C0434FD182.txt, 5.368551000533539, 0.966158999181059
samples_hw/3FE26CD2F8FC4CD8_408640179C840030.txt, 4.039684032288918, 0.9827096016807517
samples_hw/3FE26CD2F8FC4CD8_40AC2C7408D438E8.txt, 14.744017372909397, 0.32360466870811166
samples_hw/3FE26A152EA7A864_C0B2251C78F61A39.txt, 10.036951468765393, 0.6127188031356106
samples_hw/3FE26A152EA7A864_C0AC63877901E70E.txt, 11.99919280393356, 0.5277100469816661
samples_hw/3FE26A0722A39420_C094BC407891B880.txt, 11.457774995195134, 0.49014710428619446
samples_hw/3FE26A0722A39420_C0943E5AFD7EBCB6.txt, 8.968962564246295, 0.7752835969734625
samples_hw/3FE26845A14CCD92_40A36209E5FBE414.txt, 13.503907968507834, 0.3335018916989434
samples_hw/3FE26845A14CCD92_40AF8C18886BB830.txt, 23.664750753904492, 0.022584198652020087
samples_hw/3FE26569FE2C1BEA_C0965C5BEEAF78B8.txt, 4.2326960382895775, 0.9788618687225005
samples_hw/3FE26569FE2C1BEA_40B356CFE3AD1DA0.txt, 7.601160992606989, 0.8685788511306274
samples_hw/3FE2647D42403ED0_C0B004BBE5925978.txt, 15.699980869901516, 0.2657110074894168
samples_hw/3FE2647D42403ED0_40A796346E874C68.txt, 10.55687235988633, 0.5672267686746744
samples_hw/3FE26403A63A7AE3_C07D2AC5D3A95590.txt, 12.08285022067802, 0.5208621190280912
samples_hw/3FE26403A63A7AE3_409486D7D679CDB0.txt, 13.255830613076567, 0.42825053298971494
samples_hw/3FE263EEB4185E40_409CD444779F6888.txt, 14.436758285973758, 0.27369115064095706
samples_hw/3FE263EEB4185E40_40B0D00BBD9FF018.txt, 6.519504259138261, 0.8876676480205692
samples_hw/3FE2619E2EDDA746_C0B28A5B27C3C4B6.txt, 7.815571635987898, 0.8554043172980024
samples_hw/3FE2619E2EDDA746_C0844A00720F1400.txt, 13.283787301849753, 0.4261378990618596
samples_hw/3FE25FEB6046D178_40A98F99D8FFFF34.txt, 4.821606313874076, 0.9789129932428807
samples_hw/3FE25FEB6046D178_40AEFA18AD6C1430.txt, 5.267689380832962, 0.9484350020934569
samples_hw/3FE25C2BE9706D70_40AD4E2E375DBC5C.txt, 10.277388787579019, 0.591639697303636
samples_hw/3FE25C2BE9706D70_40AFABA785DB7750.txt, 18.610608246994016, 0.1356804531620322
samples_hw/3FE25A606078BFE3_C0958BBDF24E577C.txt, 15.357307179612583, 0.22247545701677063
samples_hw/3FE25A606078BFE3_40AB2F5C619CFEB8.txt, 17.969653857839603, 0.1586750910874423
samples_hw/3FE25A35E3CB6035_C0ACFC68E2DE58D2.txt, 22.264028102692787, 0.05140345808867862
samples_hw/3FE25A35E3CB6035_40ADC3E3E83927C8.txt, 14.923323297085748, 0.24565650836219852
samples_hw/3FE259D643246D80_C0B128DCD3E701BA.txt, 12.104233500237818, 0.5191157956796992
samples_hw/3FE259D643246D80_C096996FBCCCF2E0.txt, 9.726206567206583, 0.716155462454987
samples_hw/3FE257FF5F1CC6D7_40992CD5A45819AC.txt, 20.324328676074206, 0.08741304319788461
samples_hw/3FE257FF5F1CC6D7_40B17AAAC858C556.txt, 5.7452014666702125, 0.9549364590726694
samples_hw/3FE254E3A4A28C67_C095D89CEBB0F13A.txt, 6.358555006731806, 0.9321246755892343
samples_hw/3FE254E3A4A28C67_40964045B338C088.txt, 4.163194703991213, 0.980308175840065
samples_hw/3FE253E080FC6216_408E885B7F4F90B8.txt, 11.074971920196512, 0.5225047499382764
samples_hw/3FE253E080FC6216_40993E9D67CF3D38.txt, 12.544273941641894, 0.48359626968894365
samples_hw/3FE252667751D99C_C0AB7B835E2B1706.txt, 13.44630203640889, 0.4139586069834305
samples_hw/3FE252667751D99C_C069DFFE3ED9C000.txt, 6.387707798484055, 0.8952912116225797
samples_hw/3FE251DA0CDF90DE_406516C360E42DA0.txt, 16.270172954280444, 0.23484796372151373
samples_hw/3FE251DA0CDF90DE_40915D729354FAE4.txt, 16.207198612973308, 0.23812207618061787
samples_hw/3FE24E6165ECF225_C0A7840FB43C281F.txt, 4.943879291780662, 0.9598271714456661
samples_hw/3FE24E6165ECF225_40A8E9F1185EB3E2.txt, 11.687889404719051, 0.47105996056157784
samples_hw/3FE244F95E9B5B99_C096F5111DEA2A22.txt, 16.374341791156656, 0.2295049951812412
samples_hw/3FE244F95E9B5B99_409AA5D78FD50BB0.txt, 6.423253978256566, 0.9293843124230704
samples_hw/3FE24466DE108056_C0B1D1363A2C326C.txt, 12.758197500627958, 0.46665798072966846
samples_hw/3FE24466DE108056_40B0C3027DAFD606.txt, 7.44520525646424, 0.8268463261330692
samples_hw/3FE240828FD75464_C0AFFBEC0449D7D8.txt, 7.802428203596376, 0.8003730879065039
samples_hw/3FE240828FD75464_40A83C4983B3D892.txt, 10.88893743255241, 0.6201212539535257
samples_hw/3FE2406637C8945A_4098AA68A07314D4.txt, 7.990576650714505, 0.8442136468867377
samples_hw/3FE2406637C8945A_409926A6A2198D4C.txt, 11.737051369671745, 0.5493146063079815
samples_hw/3FE23C47605FFB09_409C5631160F6C60.txt, 12.742254473232697, 0.4679120692397081
samples_hw/3FE23C47605FFB09_40B0C311BA719624.txt, 10.868327896461498, 0.6218472789488896
samples_hw/3FE237DCC8E2C148_409D8A8C0FC1551C.txt, 13.689670900280232, 0.3960561744651238
samples_hw/3FE237DCC8E2C148_40B3359406107B28.txt, 18.17676985814547, 0.15092222733929436
samples_hw/3FE236AB8C78A6C4_40979B3B6A9B7678.txt, 17.278496281038844, 0.18688360604163914
samples_hw/3FE236AB8C78A6C4_40AB3D3E657E9A7C.txt, 14.35293637949837, 0.3494663230398059
samples_hw/3FE236725D190D64_C0A14C8B56CF3917.txt, 13.387378180040491, 0.41835424434179747
samples_hw/3FE236725D190D64_408CAE93C035DD30.txt, 11.299453267996437, 0.5857470768505403
samples_hw/3FE2341158B59F27_C071B9A4BE7C7340.txt, 15.073796016408817, 0.30276853458843306
samples_hw/3FE2341158B59F27_40B2DD5FDD206AC0.txt, 5.177709477095669, 0.9710698129855614
samples_hw/3FE2340BDDA500DE_C0989C6F209AF8DE.txt, 10.74387113461329, 0.6322645865908858
samples_hw/3FE2340BDDA500DE_408076BAC0946D70.txt, 20.462085797480036, 0.08427213642018536
samples_hw/3FE22F2D9AB0CD21_C0AE466A3310ACD4.txt, 11.77056946437137, 0.5465410348925682
samples_hw/3FE22F2D9AB0CD21_40A886571B03ECAE.txt, 17.88514465383039, 0.1619293492921414
samples_hw/3FE22BA289D01A9D_C0A673F530E187EA.txt, 4.901787120531303, 0.9611790509321373
samples_hw/3FE22BA289D01A9D_40A69CB2DE70D966.txt, 12.939728295623858, 0.45247796628364234
samples_hw/3FE22AC76EBF5DED_C0B2C9EB5F05C3D7.txt, 9.337910576559866, 0.7469707457036222
samples_hw/3FE22AC76EBF5DED_405A557D30D0AB00.txt, 28.1112736727789, 0.008731848366964364
samples_hw/3FE224451761BF25_C09DF4C66506A98E.txt, 25.58571869447359, 0.019312952397899662
samples_hw/3FE224451761BF25_40ADE40C6FB0A818.txt, 5.80583172885058, 0.9255516744225071
samples_hw/3FE223CAC19B6F40_C0B1CB225A56E645.txt, 8.520722200625396, 0.8081016701549768
samples_hw/3FE223CAC19B6F40_C0A922A7725EA54F.txt, 21.621489543597807, 0.061511241776365584
samples_hw/3FE22349196FDF84_C0B048A895C90151.txt, 11.0261049930945, 0.6086306288921022
samples_hw/3FE22349196FDF84_C092A6B7C89F0D70.txt, 8.848873118767834, 0.7842592537949888
samples_hw/3FE22206DFE5FFC3_40A949B2ED24F364.txt, 7.566096773687686, 0.8706754171848845
samples_hw/3FE22206DFE5FFC3_40A9ABE0430EF7C0.txt, 12.307943579827604, 0.5025685928508391
samples_hw/3FE221B3484B3E63_408841C7673C0390.txt, 23.710907322156448, 0.03389575352755911
samples_hw/3FE221B3484B3E63_40A9C8637F2F70C8.txt, 22.389846778776086, 0.049608007551335556
samples_hw/3FE2206700EE672F_C0AFE7667DF1AECD.txt, 11.125141454408073, 0.6003348597326313
samples_hw/3FE2206700EE672F_C0838F2AA7C89E50.txt, 8.492365782777815, 0.8101117158288125
samples_hw/3FE22003341A8079_C0B16EFBA8326DF7.txt, 21.414062479392083, 0.04463614218898628
samples_hw/3FE22003341A8079_40A72B61501936C4.txt, 12.060171333049214, 0.5227160803711175
samples_hw/3FE21F9CCEEA2FC7_C0B26D734D46AAE7.txt, 22.824728863349502, 0.043828349743153146
samples_hw/3FE21F9CCEEA2FC7_4096B5E50AA4ABC8.txt, 9.015901357127024, 0.7717415210413545
samples_hw/3FE21F897E7AF4D5_C0B00EA7A8B5CD4F.txt, 22.9800723270681, 0.041916050296368156
samples_hw/3FE21F897E7AF4D5_C0A1E01E0596603C.txt, 9.898405381614117, 0.7022202746527195
samples_hw/3FE21E955CB5D4D3_C0B126204C933C41.txt, 18.135367526567098, 0.15244694991246668
samples_hw/3FE21E955CB5D4D3_C0AF76580CCDCCB0.txt, 12.97005907843775, 0.45012705893752636
samples_hw/3FE21C46F100900B_C05055797F44AB00.txt, 12.572848328419585, 0.4813202579673056
samples_hw/3FE21C46F100900B_40ABEB4B270A7698.txt, 15.275384124449848, 0.2904780279549501
samples_hw/3FE21BFB66FDCF4D_408F494A8C341298.txt, 8.178571670528656, 0.8317750829691252
samples_hw/3FE21BFB66FDCF4D_40A64CD858EA79B2.txt, 10.553127061353857, 0.6481976344943826
samples_hw/3FE21B3EE71A965D_40AE192864E09250.txt, 7.043639046475591, 0.8998886675124611
samples_hw/3FE21B3EE71A965D_40B342079A92940E.txt, 18.751928679753902, 0.13099826142360704
samples_hw/3FE216909DCEB808_C0B2276CE433BEDA.txt, 11.687260267096342, 0.553440099412429
samples_hw/3FE216909DCEB808_C0AB18194C451032.txt, 5.584075685972789, 0.9599907561447776
samples_hw/3FE20CBF16BA1C5E_C0A9E869FF1AB0D4.txt, 23.28802090961027, 0.038346992343154494
samples_hw/3FE20CBF16BA1C5E_C0947BD681E737AE.txt, 8.237136931441267, 0.8278152900029492
samples_hw/3FE20764551ED910_C0AA6D95E692FB2C.txt, 32.15757043280027, 0.002276406290831616
samples_hw/3FE20764551ED910_C08F957499ABAAE8.txt, 18.963092511710382, 0.12425243389871037
samples_hw/3FE2018850BE8C3A_C0AD96DCFBE34DBA.txt, 20.256589297738955, 0.08899435723710936
samples_hw/3FE2018850BE8C3A_40A613C56133078A.txt, 14.17877353609789, 0.36137546068950976
samples_hw/3FE1FF524907DF49_C08ACAAC45391558.txt, 4.7494386236096915, 0.9803026065154625
samples_hw/3FE1FF524907DF49_C02CEEA9A719DE00.txt, 11.214852551422265, 0.592824113151217
samples_hw/3FE1FD6883220E8A_409BCF73769FDEE8.txt, 10.605940241476372, 0.6437913272981863
samples_hw/3FE1FD6883220E8A_40A9DDC770019B90.txt, 18.38124054792843, 0.1435730676364641
samples_hw/3FE1F7B5F35D1BFF_C0A3966A55308CD4.txt, 8.096070963537615, 0.8372855449340249
samples_hw/3FE1F7B5F35D1BFF_40AC0AEF648A75E0.txt, 15.822748644997148, 0.25883400344808394
samples_hw/3FE1F6F0D5B2DBC0_C09AA891C5499124.txt, 8.137692918279917, 0.8345154882326851
samples_hw/3FE1F6F0D5B2DBC0_C094D4FDC50869FA.txt, 11.107880569203587, 0.6017804841173197
samples_hw/3FE1F5767306923B_C0B140185D7BB031.txt, 12.315309920464552, 0.5019734290893978
samples_hw/3FE1F5767306923B_40B2F65D24ADFCBA.txt, 17.48720648293715, 0.17797788992126476
samples_hw/3FE1F3B3B837E211_C0A226A8C216AD51.txt, 18.997923729427804, 0.1231680501878631
samples_hw/3FE1F3B3B837E211_40B08A0561AC640A.txt, 5.754027024020689, 0.97231537490651
samples_hw/3FE1F36923DE0EF7_C0B240A8AFC89151.txt, 7.457691227145842, 0.8770516289995475
samples_hw/3FE1F36923DE0EF7_C056FFCB5A69FF80.txt, 16.63108455928922, 0.27637078666413134
samples_hw/3FE1F2A90DF9C250_C0B2CB4EB0A1A69D.txt, 14.334143752123282, 0.3507398928911591
samples_hw/3FE1F2A90DF9C250_C0A529EA68FA73D5.txt, 14.514327876313999, 0.41213758479039037
samples_hw/3FE1F29A644DFC90_C0B1CCBE5409A97D.txt, 15.1398858115115, 0.29870161284228797
samples_hw/3FE1F29A644DFC90_C08E09F968D293F0.txt, 18.592521576667536, 0.13628955232285858
samples_hw/3FE1F1D87E9C47B1_C0AAD02FBD968060.txt, 13.256251754778914, 0.4282186706842357
samples_hw/3FE1F1D87E9C47B1_C0A03C31650D5863.txt, 6.524424891431157, 0.9249711107028836
samples_hw/3FE1F1572695AF4C_C0A575CBE1834B97.txt, 14.323914866728078, 0.3514342724382864
samples_hw/3FE1F1572695AF4C_409F81A44A514348.txt, 17.10310613300395, 0.19463343383406242
samples_hw/3FE1F1491B3F07E5_40A43D2C98785A5A.txt, 7.380788163626544, 0.881476840517481
samples_hw/3FE1F1491B3F07E5_40AFA6EA0D0DADD4.txt, 13.744676130504661, 0.39206778472269516
samples_hw/3FE1EFC0470D4CBC_C0A324038FDB2807.txt, 4.127449940373551, 0.9946494432799132
samples_hw/3FE1EFC0470D4CBC_40B387EF84F1DFE0.txt, 19.559237560810345, 0.10675868069469498
samples_hw/3FE1EEFE3DE6755C_409A13AD67F9E75C.txt, 9.211449855707915, 0.7567927065907436
samples_hw/3FE1EEFE3DE6755C_40B020C6E24FF18E.txt, 15.05824612477181, 0.3037307230458805
samples_hw/3FE1EED086DC1E09_C09B9EF65A467DEC.txt, 14.439802764555388, 0.34361579461953307
samples_hw/3FE1EED086DC1E09_40AFC162927BA2C8.txt, 18.090288128940806, 0.1541212693266274
samples_hw/3FE1EE77D9DEB708_C0A4AA84C702350A.txt, 14.745045196710663, 0.3235383340802914
samples_hw/3FE1EE77D9DEB708_40AA8D2DE6877A5C.txt, 9.04288358184955, 0.7696970693634334
samples_hw/3FE1ED2F547D131B_C0AA0D923572BB24.txt, 19.07440020484069, 0.12081488102784015
samples_hw/3FE1ED2F547D131B_40B273EE6F6F77DC.txt, 16.450587119430853, 0.22565168436770328
samples_hw/3FE1ED10CC980FB9_C0B2BBD220F527A4.txt, 9.635904267240985, 0.7234021046733442
samples_hw/3FE1ED10CC980FB9_40A71438C668C872.txt, 10.547041637968789, 0.6487050482723054
samples_hw/3FE1ED0549E22149_C0AD932F7CF0465F.txt, 7.753552180530893, 0.8592769116217865
samples_hw/3FE1ED0549E22149_40B0D70C40AE7E1A.txt, 24.96362710679896, 0.03492817872998975
samples_hw/3FE1EBC14AA8E61C_C0B352BC00437578.txt, 7.73192875674484, 0.8606154035681326
samples_hw/3FE1EBC14AA8E61C_C0B15C8CDC6AA91A.txt, 7.914521726257781, 0.8491240657397618
samples_hw/3FE1EBAB4721FD38_C0A07DE51CD51BCA.txt, 7.5692594918902225, 0.9105391104084426
samples_hw/3FE1EBAB4721FD38_408F2D27943DDA48.txt, 12.694016937410415, 0.4717147543918877
samples_hw/3FE1EB1B27741420_C094E0AC33920158.txt, 12.453013159002989, 0.49089193475785287
samples_hw/3FE1EB1B27741420_C08A1678E84FACF0.txt, 18.39065206893336, 0.14324196636776695
samples_hw/3FE1E8D10EF81996_C0AFE0F96BA361F3.txt, 15.508291501750914, 0.2767037601224648
samples_hw/3FE1E8D10EF81996_409A6F3490719E68.txt, 8.679414244294184, 0.7967019273201132
samples_hw/3FE1E6B50D9E76E9_C0A1DF441F1DDE89.txt, 6.130094075674718, 0.9412896967693919
samples_hw/3FE1E6B50D9E76E9_C08C426CFE2604DC.txt, 10.781274020422423, 0.6291351579273979
samples_hw/3FE1E4AA16E4DEB2_40AB6D1ED9793A40.txt, 10.85199529325192, 0.6232149643549216
samples_hw/3FE1E4AA16E4DEB2_40B1B3BCB2E5F77A.txt, 11.376731946213535, 0.5792894175254174
samples_hw/3FE1E2DE4753AAB6_C0B23F6157BC0EC3.txt, 13.650273706128685, 0.3989261323719069
samples_hw/3FE1E2DE4753AAB6_C066BD1A020B7A40.txt, 10.004012877327778, 0.6936061876470764
samples_hw/3FE1E2D4518B2FDC_C0B098DCF293E1BA.txt, 23.16333208522032, 0.03975746347130407
samples_hw/3FE1E2D4518B2FDC_40A0CF6483B7FECA.txt, 11.55014718645375, 0.5648307520967348
samples_hw/3FE1E1247F386A00_C097C147AB3F4290.txt, 11.90466589758552, 0.5354763737657537
samples_hw/3FE1E1247F386A00_407A0DCFDB9D1BA0.txt, 20.940207824490265, 0.07411969237537215
samples_hw/3FE1DF17F37B1A31_C04D1F2F25723E80.txt, 11.17607410135503, 0.5960700663109949
samples_hw/3FE1DF17F37B1A31_40AD01817F94E300.txt, 17.65502478532477, 0.17106259499090842
samples_hw/3FE1DCABFC7F54C5_C0B21B0ACE742616.txt, 8.28425959018467, 0.8739971739315925
samples_hw/3FE1DCABFC7F54C5_C05399E444FB33C0.txt, 13.285235930779153, 0.4260285667727157
samples_hw/3FE1DA7950415120_40A3BB4C118A9698.txt, 15.320824260434504, 0.2877547572370382
samples_hw/3FE1DA7950415120_40B229EECAFC03DE.txt, 11.235417387702663, 0.667451049731712
samples_hw/3FE1D8D0FC2C09DA_40544709387C8E00.txt, 13.717159420282458, 0.39406028560890044
samples_hw/3FE1D8D0FC2C09DA_40A3CBC2A4D0F784.txt, 16.865347209738957, 0.2055329809321856
samples_hw/3FE1D729931F42E5_409D97B69489EF6C.txt, 7.567635264442176, 0.9106143900749132
samples_hw/3FE1D729931F42E5_40AD5F9753DFDF30.txt, 17.20678096497401, 0.19002287053094394
samples_hw/3FE1CE37EEEB3F7A_C0B2F1D2660553A5.txt, 22.635322715332222, 0.04626645905247351
samples_hw/3FE1CE37EEEB3F7A_4087750492096A08.txt, 14.767342264855749, 0.322101437827751
samples_hw/3FE1CD7AF697EB1D_C0849814F42AB028.txt, 8.860938355700577, 0.8398543310656039
samples_hw/3FE1CD7AF697EB1D_40B185FADB4E3BF6.txt, 11.097528511728544, 0.6783578662180694
samples_hw/3FE1CD6D91143A48_C0AED60E057ECC1C.txt, 18.341160339410514, 0.19168143172277227
samples_hw/3FE1CD6D91143A48_40A5C814BDE2B02A.txt, 18.13193240235493, 0.2008378562005767
samples_hw/3FE1CC76509C433E_40A61A1E51B2543C.txt, 10.445763283207166, 0.7289211808519902
samples_hw/3FE1CC76509C433E_40AE134AF18A0698.txt, 18.450808441238397, 0.14114038750756108
samples_hw/3FE1CC4E45929621_C0B19D017F042A03.txt, 19.600801015406947, 0.1432379497465648
samples_hw/3FE1CC4E45929621_40838A4235649480.txt, 18.235904121759212, 0.1487660001297582
samples_hw/3FE1CBAAB3F2144C_40A49E703B1D1CE2.txt, 13.58091763289874, 0.404005162734472
samples_hw/3FE1CBAAB3F2144C_40B36FE21EB18FC4.txt, 14.42613603459955, 0.3445322829925403
samples_hw/3FE1CA1B10BA08D6_40A0326591E0C4CA.txt, 11.806069282206176, 0.5436067977793982
samples_hw/3FE1CA1B10BA08D6_40AF805A532FE0B4.txt, 15.565256440518741, 0.27340454843657946
samples_hw/3FE1C83078560160_C0B1FD562C424AAC.txt, 17.51282443733366, 0.17690819109106662
samples_hw/3FE1C83078560160_40B2DEBDE9DBCD7C.txt, 13.9231564146979, 0.37927789390243477
samples_hw/3FE1C6D344FC5E37_C0B349F61C72C3EC.txt, 16.47274432475626, 0.2853644018760112
samples_hw/3FE1C6D344FC5E37_40B10C3B9D370878.txt, 16.18401525275091, 0.2393357874774566
samples_hw/3FE1C58C616A03A5_C09D949BD4BA6938.txt, 5.508564412847155, 0.9622282551898379
samples_hw/3FE1C58C616A03A5_40786333F487C670.txt, 16.751055962482123, 0.2109357109204422
samples_hw/3FE1C1C1A8841997_40A8BCD7529859AE.txt, 11.034412297368894, 0.6079346809887183
samples_hw/3FE1C1C1A8841997_40B10587E93E7B10.txt, 10.653499090461505, 0.6398196807551112
samples_hw/3FE1C0671D518182_C0AEF8EE6B0D51DC.txt, 14.37881953417545, 0.34771680344734246
samples_hw/3FE1C0671D518182_40A6AD4112E8FA82.txt, 11.078562544204711, 0.6042361790373361
samples_hw/3FE1BE1ECBD90E5C_C0AD41514BB1E2A2.txt, 13.439983990441586, 0.4144288056855905
samples_hw/3FE1BE1ECBD90E5C_40B31D9AD43CCB36.txt, 23.957679169198784, 0.031521583032306726
samples_hw/3FE1BE13F9A0FCBB_C0AAFB2347FCD646.txt, 10.786390191703585, 0.6287070005969606
samples_hw/3FE1BE13F9A0FCBB_C096C5FB0F4A4BF8.txt, 9.271231363779169, 0.7521640003532553
samples_hw/3FE1BCEB084B99F7_C0A45D7A9A0D9AF5.txt, 12.372799617378345, 0.4973366725375783
samples_hw/3FE1BCEB084B99F7_C09CAAE36B8D95C6.txt, 19.631552738925514, 0.10478589741816506
samples_hw/3FE1B08178A55AB9_409B937451B466E8.txt, 6.15420439858349, 0.9624537109075217
samples_hw/3FE1B08178A55AB9_40AA345ED0A448BC.txt, 7.4029041811826355, 0.8802126451486368
samples_hw/3FE19FCF20A0C51B_C0A7E111899EE224.txt, 13.258007847392184, 0.42808582234657916
samples_hw/3FE19FCF20A0C51B_C06637C9BE1A6FA0.txt, 17.257594767401788, 0.18779434203226228
samples_hw/3FE19C88A88D73E7_40775AFDD813B600.txt, 4.856569324279113, 0.9782162017149347
samples_hw/3FE19C88A88D73E7_408ABEB9E000FD78.txt, 15.080306644854552, 0.372687142649065
samples_hw/3FE19ACB5390059E_C0A6DCBC85F49979.txt, 4.796781301835301, 0.9793983615078389
samples_hw/3FE19ACB5390059E_40A0B96E953D92DC.txt, 11.980589430182807, 0.5292361684254097
samples_hw/3FE19A8458FEA9B7_C0B1AC71ADBEA8E3.txt, 8.268014089818168, 0.8257118008985156
samples_hw/3FE19A8458FEA9B7_C09FE00DC604001A.txt, 33.79654541091296, 0.0022083620229301814
samples_hw/3FE19A17BFD40920_4093FEAD9EDBBD58.txt, 19.91039312009742, 0.09746721895269053
samples_hw/3FE19A17BFD40920_40A6F52E7AB30A5C.txt, 14.799182838727898, 0.32005660307566813
samples_hw/3FE197E28BAB7579_409307485B6BCE90.txt, 9.920037581193208, 0.7680059431482807
samples_hw/3FE197E28BAB7579_40AB06CD9C1C2D9C.txt, 11.893619915715272, 0.5363857843526169
samples_hw/3FE196F18AE35695_C0B2B9E0DEFBE3C2.txt, 11.08538678925116, 0.6793154792226737
samples_hw/3FE196F18AE35695_40B10B2660ECC64E.txt, 15.803507043305352, 0.32552065184842627
samples_hw/3FE195B7CB982C01_4049D0B6AC8BA100.txt, 22.525553175949934, 0.04773480227776285
samples_hw/3FE195B7CB982C01_4060CD4628079AA0.txt, 16.45121105959302, 0.22562035120914803
