Copyright 1986-2022 Xilinx, Inc. All Rights Reserved. Copyright 2022-2025 Advanced Micro Devices, Inc. All Rights Reserved.
------------------------------------------------------------------------------------------------------------------------------------------------------------------------------------
| Tool Version      : Vivado v.2025.1 (lin64) Build 6140274 Wed May 21 22:58:25 MDT 2025
| Date              : Mon Oct  5 17:43:11 2026
| Host              : <redacted>
| Command           : report_timing_summary -delay_type min_max -report_unconstrained -check_timing_verbose -max_paths 10 -file ../final/reports/zcu104-samplerz/timing-summary.rpt
| Design            : samplerz
| Device            : xczu7ev-ffvc1156
| Speed File        : -2  PRODUCTION 1.30 05-15-2022
| Design State      : Routed
| Temperature Grade : E
------------------------------------------------------------------------------------------------------------------------------------------------------------------------------------

Timing Summary Report

------------------------------------------------------------------------------------------------
| Timer Settings
| --------------
------------------------------------------------------------------------------------------------

  Enable Multi Corner Analysis               :  Yes
  Enable Pessimism Removal                   :  Yes
  Pessimism Removal Resolution               :  Nearest Common Node
  Enable Input Delay Default Clock           :  No
  Enable Preset / Clear Arcs                 :  No
  Disable Flight Delays                      :  No
  Ignore I/O Paths                           :  No
  Timing Early Launch at Borrowing Latches   :  No
  Borrow Time for Max Delay Exceptions       :  Yes
  Merge Timing Exceptions                    :  Yes
  Inter-SLR Compensation                     :  Conservative

  Corner  Analyze    Analyze    
  Name    Max Paths  Min Paths  
  ------  ---------  ---------  
  Slow    Yes        Yes        
  Fast    Yes        Yes        


------------------------------------------------------------------------------------------------
| Report Methodology
| ------------------
------------------------------------------------------------------------------------------------

Rule       Severity  Description                                 Violations  
---------  --------  ------------------------------------------  ----------  
SYNTH-6    Warning   Timing of a RAM block might be sub-optimal  2           
TIMING-18  Warning   Missing input or output delay               236         

Note: This report is based on the most recent report_methodology run and may not be up-to-date. Run report_methodology on the current design for the latest report.



check_timing report

Table of Contents
-----------------
1. checking no_clock (0)
2. checking constant_clock (0)
3. checking pulse_width_clock (0)
4. checking unconstrained_internal_endpoints (0)
5. checking no_input_delay (161)
6. checking no_output_delay (75)
7. checking multiple_clock (0)
8. checking generated_clocks (0)
9. checking loops (0)
10. checking partial_input_delay (0)
11. checking partial_output_delay (0)
12. checking latch_loops (0)

1. checking no_clock (0)
------------------------
 There are 0 register/latch pins with no clock.


2. checking constant_clock (0)
------------------------------
 There are 0 register/latch pins with constant_clock.


3. checking pulse_width_clock (0)
---------------------------------
 There are 0 register/latch pins which need pulse_width check


4. checking unconstrained_internal_endpoints (0)
------------------------------------------------
 There are 0 pins that are not constrained for maximum delay.

 There are 0 pins that are not constrained for maximum delay due to constant clock.


5. checking no_input_delay (161)
--------------------------------
 There are 161 input ports with no input delay specified. (HIGH)

continuous
falcon1024
mu[0]
mu[10]
mu[11]
mu[12]
mu[13]
mu[14]
mu[15]
mu[16]
mu[17]
mu[18]
mu[19]
mu[1]
mu[20]
mu[21]
mu[22]
mu[23]
mu[24]
mu[25]
mu[26]
mu[27]
mu[28]
mu[29]
mu[2]
mu[30]
mu[31]
mu[32]
mu[33]
mu[34]
mu[35]
mu[36]
mu[37]
mu[38]
mu[39]
mu[3]
mu[40]
mu[41]
mu[42]
mu[43]
mu[44]
mu[45]
mu[46]
mu[47]
mu[48]
mu[49]
mu[4]
mu[50]
mu[51]
mu[52]
mu[53]
mu[54]
mu[55]
mu[56]
mu[57]
mu[58]
mu[59]
mu[5]
mu[60]
mu[61]
mu[62]
mu[63]
mu[6]
mu[7]
mu[8]
mu[9]
refill_basesampler\.refill[0]
refill_basesampler\.refill[1]
refill_basesampler\.refill[2]
refill_basesampler\.refill[3]
refill_basesampler\.refill[4]
refill_basesampler\.refill[5]
refill_basesampler\.refill[6]
refill_basesampler\.refill[7]
refill_basesampler\.refill_valid
refill_ccs\.refill[0]
refill_ccs\.refill[1]
refill_ccs\.refill[2]
refill_ccs\.refill[3]
refill_ccs\.refill[4]
refill_ccs\.refill[5]
refill_ccs\.refill[6]
refill_ccs\.refill[7]
refill_ccs\.refill_valid
refill_exp\.refill[0]
refill_exp\.refill[1]
refill_exp\.refill[2]
refill_exp\.refill[3]
refill_exp\.refill[4]
refill_exp\.refill[5]
refill_exp\.refill[6]
refill_exp\.refill[7]
refill_exp\.refill_valid
rst
sigma_inv[0]
sigma_inv[10]
sigma_inv[11]
sigma_inv[12]
sigma_inv[13]
sigma_inv[14]
sigma_inv[15]
sigma_inv[16]
sigma_inv[17]
sigma_inv[18]
sigma_inv[19]
sigma_inv[1]
sigma_inv[20]
sigma_inv[21]
sigma_inv[22]
sigma_inv[23]
sigma_inv[24]
sigma_inv[25]
sigma_inv[26]
sigma_inv[27]
sigma_inv[28]
sigma_inv[29]
sigma_inv[2]
sigma_inv[30]
sigma_inv[31]
sigma_inv[32]
sigma_inv[33]
sigma_inv[34]
sigma_inv[35]
sigma_inv[36]
sigma_inv[37]
sigma_inv[38]
sigma_inv[39]
sigma_inv[3]
sigma_inv[40]
sigma_inv[41]
sigma_inv[42]
sigma_inv[43]
sigma_inv[44]
sigma_inv[45]
sigma_inv[46]
sigma_inv[47]
sigma_inv[48]
sigma_inv[49]
sigma_inv[4]
sigma_inv[50]
sigma_inv[51]
sigma_inv[52]
sigma_inv[53]
sigma_inv[54]
sigma_inv[55]
sigma_inv[56]
sigma_inv[57]
sigma_inv[58]
sigma_inv[59]
sigma_inv[5]
sigma_inv[60]
sigma_inv[61]
sigma_inv[62]
sigma_inv[63]
sigma_inv[6]
sigma_inv[7]
sigma_inv[8]
sigma_inv[9]
sigma_inv_valid
start
stop

 There are 0 input ports with no input delay but user has a false path constraint.


6. checking no_output_delay (75)
--------------------------------
 There are 75 ports with no output delay specified. (HIGH)

busy
done
full
refill_basesampler\.full
refill_basesampler\.refill_req
refill_ccs\.full
refill_ccs\.refill_req
refill_exp\.full
refill_exp\.refill_req
sample_z1[0]
sample_z1[10]
sample_z1[11]
sample_z1[12]
sample_z1[13]
sample_z1[14]
sample_z1[15]
sample_z1[16]
sample_z1[17]
sample_z1[18]
sample_z1[19]
sample_z1[1]
sample_z1[20]
sample_z1[21]
sample_z1[22]
sample_z1[23]
sample_z1[24]
sample_z1[25]
sample_z1[26]
sample_z1[27]
sample_z1[28]
sample_z1[29]
sample_z1[2]
sample_z1[30]
sample_z1[31]
sample_z1[3]
sample_z1[4]
sample_z1[5]
sample_z1[6]
sample_z1[7]
sample_z1[8]
sample_z1[9]
sample_z1_valid
sample_z2[0]
sample_z2[10]
sample_z2[11]
sample_z2[12]
sample_z2[13]
sample_z2[14]
sample_z2[15]
sample_z2[16]
sample_z2[17]
sample_z2[18]
sample_z2[19]
sample_z2[1]
sample_z2[20]
sample_z2[21]
sample_z2[22]
sample_z2[23]
sample_z2[24]
sample_z2[25]
sample_z2[26]
sample_z2[27]
sample_z2[28]
sample_z2[29]
sample_z2[2]
sample_z2[30]
sample_z2[31]
sample_z2[3]
sample_z2[4]
sample_z2[5]
sample_z2[6]
sample_z2[7]
sample_z2[8]
sample_z2[9]
sample_z2_valid

 There are 0 ports with no output delay but user has a false path constraint

 There are 0 ports with no output delay but with a timing clock defined on it or propagating through it


7. checking multiple_clock (0)
------------------------------
 There are 0 register/latch pins with multiple clocks.


8. checking generated_clocks (0)
--------------------------------
 There are 0 generated clocks that are not connected to a clock source.


9. checking loops (0)
---------------------
 There are 0 combinational loops in the design.


10. checking partial_input_delay (0)
------------------------------------
 There are 0 input ports with partial input delay specified.


11. checking partial_output_delay (0)
-------------------------------------
 There are 0 ports with partial output delay specified.


12. checking latch_loops (0)
----------------------------
 There are 0 combinational latch loops in the design through latch input



------------------------------------------------------------------------------------------------
| Design Timing Summary
| ---------------------
------------------------------------------------------------------------------------------------

    WNS(ns)      TNS(ns)  TNS Failing Endpoints  TNS Total Endpoints      WHS(ns)      THS(ns)  THS Failing Endpoints  THS Total Endpoints     WPWS(ns)     TPWS(ns)  TPWS Failing Endpoints  TPWS Total Endpoints  
    -------      -------  ---------------------  -------------------      -------      -------  ---------------------  -------------------     --------     --------  ----------------------  --------------------  
      0.019        0.000                      0                 5012        0.044        0.000                      0                 5012        1.708        0.000                       0                  3510  


All user specified timing constraints are met.


------------------------------------------------------------------------------------------------
| Clock Summary
| -------------
------------------------------------------------------------------------------------------------

Clock  Waveform(ns)         Period(ns)      Frequency(MHz)
-----  ------------         ----------      --------------
clk    {0.000 2.250}        4.500           222.222         


------------------------------------------------------------------------------------------------
| Intra Clock Table
| -----------------
------------------------------------------------------------------------------------------------

Clock             WNS(ns)      TNS(ns)  TNS Failing Endpoints  TNS Total Endpoints      WHS(ns)      THS(ns)  THS Failing Endpoints  THS Total Endpoints     WPWS(ns)     TPWS(ns)  TPWS Failing Endpoints  TPWS Total Endpoints  
-----             -------      -------  ---------------------  -------------------      -------      -------  ---------------------  -------------------     --------     --------  ----------------------  --------------------  
clk                 0.019        0.000                      0                 5012        0.044        0.000                      0                 5012        1.708        0.000                       0                  3510  


------------------------------------------------------------------------------------------------
| Inter Clock Table
| -----------------
------------------------------------------------------------------------------------------------

From Clock    To Clock          WNS(ns)      TNS(ns)  TNS Failing Endpoints  TNS Total Endpoints      WHS(ns)      THS(ns)  THS Failing Endpoints  THS Total Endpoints  
----------    --------          -------      -------  ---------------------  -------------------      -------      -------  ---------------------  -------------------  


------------------------------------------------------------------------------------------------
| Other Path Groups Table
| -----------------------
------------------------------------------------------------------------------------------------

Path Group    From Clock    To Clock          WNS(ns)      TNS(ns)  TNS Failing Endpoints  TNS Total Endpoints      WHS(ns)      THS(ns)  THS Failing Endpoints  THS Total Endpoints  
----------    ----------    --------          -------      -------  ---------------------  -------------------      -------      -------  ---------------------  -------------------  


------------------------------------------------------------------------------------------------
| User Ignored Path Table
| -----------------------
------------------------------------------------------------------------------------------------

Path Group    From Clock    To Clock    
----------    ----------    --------    


------------------------------------------------------------------------------------------------
| Unconstrained Path Table
| ------------------------
------------------------------------------------------------------------------------------------

Path Group    From Clock    To Clock    
----------    ----------    --------    
(none)                                    
(none)        clk                         
(none)                      clk           


------------------------------------------------------------------------------------------------
| Timing Details
| --------------
------------------------------------------------------------------------------------------------


---------------------------------------------------------------------------------------------------
From Clock:  clk
  To Clock:  clk

Setup :            0  Failing Endpoints,  Worst Slack        0.019ns,  Total Violation        0.000ns
Hold  :            0  Failing Endpoints,  Worst Slack        0.044ns,  Total Violation        0.000ns
PW    :            0  Failing Endpoints,  Worst Slack        1.708ns,  Total Violation        0.000ns
---------------------------------------------------------------------------------------------------


Max Delay Paths
--------------------------------------------------------------------------------------
Slack (MET) :             0.019ns  (required time - arrival time)
  Source:                 state_sginv_reg[0]/C
                            (rising edge-triggered cell FDRE clocked by clk  {rise@0.000ns fall@2.250ns period=4.500ns})
  Destination:            berexp_inst/cmp_exp_x/refill_uniform_buf_instance/refill_buf_reg[3][1]/CE
                            (rising edge-triggered cell FDRE clocked by clk  {rise@0.000ns fall@2.250ns period=4.500ns})
  Path Group:             clk
  Path Type:              Setup (Max at Slow Process Corner)
  Requirement:            4.500ns  (clk rise@4.500ns - clk rise@0.000ns)
  Data Path Delay:        4.377ns  (logic 1.365ns (31.189%)  route 3.012ns (68.811%))
  Logic Levels:           13  (LUT4=1 LUT6=12)
  Clock Path Skew:        -0.008ns (DCD - SCD + CPR)
    Destination Clock Delay (DCD):    0.021ns = ( 4.521 - 4.500 ) 
    Source Clock Delay      (SCD):    0.029ns
    Clock Pessimism Removal (CPR):    0.000ns
  Clock Uncertainty:      0.035ns  ((TSJ^2 + TIJ^2)^1/2 + DJ) / 2 + PE
    Total System Jitter     (TSJ):    0.071ns
    Total Input Jitter      (TIJ):    0.000ns
    Discrete Jitter          (DJ):    0.000ns
    Phase Error              (PE):    0.000ns

    Location             Delay type                Incr(ns)  Path(ns)    Netlist Resource(s)
  -------------------------------------------------------------------    -------------------
                         (clock clk rise edge)        0.000     0.000 r  
                                                      0.000     0.000 r  clk (IN)
                         net (fo=3683, unset)         0.029     0.029    clk
    SLICE_X90Y313        FDRE                                         r  state_sginv_reg[0]/C
  -------------------------------------------------------------------    -------------------
    SLICE_X90Y313        FDRE (Prop_FFF_SLICEL_C_Q)
                                                      0.079     0.108 r  state_sginv_reg[0]/Q
                         net (fo=62, routed)          0.311     0.419    fp_mul_E/ccs_reg[15]_i_9_1
    SLICE_X88Y312        LUT6 (Prop_E6LUT_SLICEM_I2_O)
                                                      0.124     0.543 r  fp_mul_E/ccs_reg[64]_i_16/O
                         net (fo=53, routed)          0.244     0.786    fp_mul_E/berexp_inst/exp_x_or_ccs[61]
    SLICE_X90Y313        LUT6 (Prop_G6LUT_SLICEL_I4_O)
                                                      0.149     0.935 r  fp_mul_E/ccs_reg[49]_i_12/O
                         net (fo=4, routed)           0.255     1.190    fp_mul_E/ccs_reg[49]_i_12_n_0
    SLICE_X91Y316        LUT6 (Prop_F6LUT_SLICEL_I5_O)
                                                      0.089     1.279 r  fp_mul_E/ccs_reg[48]_i_4/O
                         net (fo=3, routed)           0.178     1.457    fp_mul_E/ccs_reg[48]_i_4_n_0
    SLICE_X89Y317        LUT6 (Prop_H6LUT_SLICEM_I0_O)
                                                      0.152     1.609 r  fp_mul_E/ccs_reg[48]_i_3/O
                         net (fo=3, routed)           0.254     1.863    fp_mul_E/ccs_reg[48]_i_3_n_0
    SLICE_X88Y319        LUT6 (Prop_C6LUT_SLICEM_I2_O)
                                                      0.145     2.008 r  fp_mul_E/ccs_reg[32]_i_1/O
                         net (fo=3, routed)           0.246     2.254    berexp_inst/cmp_exp_x/refill_uniform_buf_instance/hotbits[3].par2ser/D[11]
    SLICE_X86Y320        LUT4 (Prop_E6LUT_SLICEM_I1_O)
                                                      0.100     2.354 r  berexp_inst/cmp_exp_x/refill_uniform_buf_instance/hotbits[3].par2ser/refill_exp\\.refill_req_INST_0_i_160/O
                         net (fo=2, routed)           0.259     2.613    fp_mul_E/sample_z1[31]_i_41_0
    SLICE_X84Y321        LUT6 (Prop_C6LUT_SLICEM_I4_O)
                                                      0.088     2.701 f  fp_mul_E/refill_exp\\.refill_req_INST_0_i_101/O
                         net (fo=1, routed)           0.159     2.860    fp_mul_E/refill_exp\\.refill_req_INST_0_i_101_n_0
    SLICE_X86Y324        LUT6 (Prop_G6LUT_SLICEM_I3_O)
                                                      0.037     2.897 f  fp_mul_E/refill_exp\\.refill_req_INST_0_i_37/O
                         net (fo=1, routed)           0.146     3.043    fp_mul_E/refill_exp\\.refill_req_INST_0_i_37_n_0
    SLICE_X86Y324        LUT6 (Prop_F6LUT_SLICEM_I5_O)
                                                      0.123     3.166 r  fp_mul_E/refill_exp\\.refill_req_INST_0_i_8/O
                         net (fo=15, routed)          0.173     3.340    fp_mul_E/refill_exp\\.refill_req_INST_0_i_8_n_0
    SLICE_X88Y323        LUT6 (Prop_H6LUT_SLICEM_I4_O)
                                                      0.053     3.393 f  fp_mul_E/count[2]_i_4__1/O
                         net (fo=12, routed)          0.208     3.601    berexp_inst/cmp_exp_x/refill_uniform_buf_instance/hotbits[1].par2ser/count_reg[2]_0
    SLICE_X88Y326        LUT6 (Prop_G6LUT_SLICEM_I4_O)
                                                      0.052     3.653 r  berexp_inst/cmp_exp_x/refill_uniform_buf_instance/hotbits[1].par2ser/refill_exp\\.refill_req_INST_0_i_13/O
                         net (fo=33, routed)          0.205     3.858    berexp_inst/cmp_exp_x/refill_uniform_buf_instance/hotbits[2].par2ser/shiftreg_reg[0]_1
    SLICE_X91Y325        LUT6 (Prop_C6LUT_SLICEL_I2_O)
                                                      0.123     3.981 r  berexp_inst/cmp_exp_x/refill_uniform_buf_instance/hotbits[2].par2ser/refill_exp\\.refill_req_INST_0_i_2/O
                         net (fo=11, routed)          0.211     4.192    fp_mul_E/refill_buf_reg[3][7]
    SLICE_X93Y323        LUT6 (Prop_F6LUT_SLICEM_I4_O)
                                                      0.051     4.243 r  fp_mul_E/refill_buf[3][7]_i_1__0/O
                         net (fo=8, routed)           0.163     4.406    berexp_inst/cmp_exp_x/refill_uniform_buf_instance/refill_buf_reg[3][7]_0[0]
    SLICE_X93Y323        FDRE                                         r  berexp_inst/cmp_exp_x/refill_uniform_buf_instance/refill_buf_reg[3][1]/CE
  -------------------------------------------------------------------    -------------------

                         (clock clk rise edge)        4.500     4.500 r  
                                                      0.000     4.500 r  clk (IN)
                         net (fo=3683, unset)         0.021     4.521    berexp_inst/cmp_exp_x/refill_uniform_buf_instance/clk
    SLICE_X93Y323        FDRE                                         r  berexp_inst/cmp_exp_x/refill_uniform_buf_instance/refill_buf_reg[3][1]/C
                         clock pessimism              0.000     4.521    
                         clock uncertainty           -0.035     4.486    
    SLICE_X93Y323        FDRE (Setup_EFF2_SLICEM_C_CE)
                                                     -0.061     4.425    berexp_inst/cmp_exp_x/refill_uniform_buf_instance/refill_buf_reg[3][1]
  -------------------------------------------------------------------
                         required time                          4.425    
                         arrival time                          -4.406    
  -------------------------------------------------------------------
                         slack                                  0.019    

Slack (MET) :             0.019ns  (required time - arrival time)
  Source:                 state_sginv_reg[0]/C
                            (rising edge-triggered cell FDRE clocked by clk  {rise@0.000ns fall@2.250ns period=4.500ns})
  Destination:            berexp_inst/cmp_exp_x/refill_uniform_buf_instance/refill_buf_reg[3][3]/CE
                            (rising edge-triggered cell FDRE clocked by clk  {rise@0.000ns fall@2.250ns period=4.500ns})
  Path Group:             clk
  Path Type:              Setup (Max at Slow Process Corner)
  Requirement:            4.500ns  (clk rise@4.500ns - clk rise@0.000ns)
  Data Path Delay:        4.377ns  (logic 1.365ns (31.189%)  route 3.012ns (68.811%))
  Logic Levels:           13  (LUT4=1 LUT6=12)
  Clock Path Skew:        -0.008ns (DCD - SCD + CPR)
    Destination Clock Delay (DCD):    0.021ns = ( 4.521 - 4.500 ) 
    Source Clock Delay      (SCD):    0.029ns
    Clock Pessimism Removal (CPR):    0.000ns
  Clock Uncertainty:      0.035ns  ((TSJ^2 + TIJ^2)^1/2 + DJ) / 2 + PE
    Total System Jitter     (TSJ):    0.071ns
    Total Input Jitter      (TIJ):    0.000ns
    Discrete Jitter          (DJ):    0.000ns
    Phase Error              (PE):    0.000ns

    Location             Delay type                Incr(ns)  Path(ns)    Netlist Resource(s)
  -------------------------------------------------------------------    -------------------
                         (clock clk rise edge)        0.000     0.000 r  
                                                      0.000     0.000 r  clk (IN)
                         net (fo=3683, unset)         0.029     0.029    clk
    SLICE_X90Y313        FDRE                                         r  state_sginv_reg[0]/C
  -------------------------------------------------------------------    -------------------
    SLICE_X90Y313        FDRE (Prop_FFF_SLICEL_C_Q)
                                                      0.079     0.108 r  state_sginv_reg[0]/Q
                         net (fo=62, routed)          0.311     0.419    fp_mul_E/ccs_reg[15]_i_9_1
    SLICE_X88Y312        LUT6 (Prop_E6LUT_SLICEM_I2_O)
                                                      0.124     0.543 r  fp_mul_E/ccs_reg[64]_i_16/O
                         net (fo=53, routed)          0.244     0.786    fp_mul_E/berexp_inst/exp_x_or_ccs[61]
    SLICE_X90Y313        LUT6 (Prop_G6LUT_SLICEL_I4_O)
                                                      0.149     0.935 r  fp_mul_E/ccs_reg[49]_i_12/O
                         net (fo=4, routed)           0.255     1.190    fp_mul_E/ccs_reg[49]_i_12_n_0
    SLICE_X91Y316        LUT6 (Prop_F6LUT_SLICEL_I5_O)
                                                      0.089     1.279 r  fp_mul_E/ccs_reg[48]_i_4/O
                         net (fo=3, routed)           0.178     1.457    fp_mul_E/ccs_reg[48]_i_4_n_0
    SLICE_X89Y317        LUT6 (Prop_H6LUT_SLICEM_I0_O)
                                                      0.152     1.609 r  fp_mul_E/ccs_reg[48]_i_3/O
                         net (fo=3, routed)           0.254     1.863    fp_mul_E/ccs_reg[48]_i_3_n_0
    SLICE_X88Y319        LUT6 (Prop_C6LUT_SLICEM_I2_O)
                                                      0.145     2.008 r  fp_mul_E/ccs_reg[32]_i_1/O
                         net (fo=3, routed)           0.246     2.254    berexp_inst/cmp_exp_x/refill_uniform_buf_instance/hotbits[3].par2ser/D[11]
    SLICE_X86Y320        LUT4 (Prop_E6LUT_SLICEM_I1_O)
                                                      0.100     2.354 r  berexp_inst/cmp_exp_x/refill_uniform_buf_instance/hotbits[3].par2ser/refill_exp\\.refill_req_INST_0_i_160/O
                         net (fo=2, routed)           0.259     2.613    fp_mul_E/sample_z1[31]_i_41_0
    SLICE_X84Y321        LUT6 (Prop_C6LUT_SLICEM_I4_O)
                                                      0.088     2.701 f  fp_mul_E/refill_exp\\.refill_req_INST_0_i_101/O
                         net (fo=1, routed)           0.159     2.860    fp_mul_E/refill_exp\\.refill_req_INST_0_i_101_n_0
    SLICE_X86Y324        LUT6 (Prop_G6LUT_SLICEM_I3_O)
                                                      0.037     2.897 f  fp_mul_E/refill_exp\\.refill_req_INST_0_i_37/O
                         net (fo=1, routed)           0.146     3.043    fp_mul_E/refill_exp\\.refill_req_INST_0_i_37_n_0
    SLICE_X86Y324        LUT6 (Prop_F6LUT_SLICEM_I5_O)
                                                      0.123     3.166 r  fp_mul_E/refill_exp\\.refill_req_INST_0_i_8/O
                         net (fo=15, routed)          0.173     3.340    fp_mul_E/refill_exp\\.refill_req_INST_0_i_8_n_0
    SLICE_X88Y323        LUT6 (Prop_H6LUT_SLICEM_I4_O)
                                                      0.053     3.393 f  fp_mul_E/count[2]_i_4__1/O
                         net (fo=12, routed)          0.208     3.601    berexp_inst/cmp_exp_x/refill_uniform_buf_instance/hotbits[1].par2ser/count_reg[2]_0
    SLICE_X88Y326        LUT6 (Prop_G6LUT_SLICEM_I4_O)
                                                      0.052     3.653 r  berexp_inst/cmp_exp_x/refill_uniform_buf_instance/hotbits[1].par2ser/refill_exp\\.refill_req_INST_0_i_13/O
                         net (fo=33, routed)          0.205     3.858    berexp_inst/cmp_exp_x/refill_uniform_buf_instance/hotbits[2].par2ser/shiftreg_reg[0]_1
    SLICE_X91Y325        LUT6 (Prop_C6LUT_SLICEL_I2_O)
                                                      0.123     3.981 r  berexp_inst/cmp_exp_x/refill_uniform_buf_instance/hotbits[2].par2ser/refill_exp\\.refill_req_INST_0_i_2/O
                         net (fo=11, routed)          0.211     4.192    fp_mul_E/refill_buf_reg[3][7]
    SLICE_X93Y323        LUT6 (Prop_F6LUT_SLICEM_I4_O)
                                                      0.051     4.243 r  fp_mul_E/refill_buf[3][7]_i_1__0/O
                         net (fo=8, routed)           0.163     4.406    berexp_inst/cmp_exp_x/refill_uniform_buf_instance/refill_buf_reg[3][7]_0[0]
    SLICE_X93Y323        FDRE                                         r  berexp_inst/cmp_exp_x/refill_uniform_buf_instance/refill_buf_reg[3][3]/CE
  -------------------------------------------------------------------    -------------------

                         (clock clk rise edge)        4.500     4.500 r  
                                                      0.000     4.500 r  clk (IN)
                         net (fo=3683, unset)         0.021     4.521    berexp_inst/cmp_exp_x/refill_uniform_buf_instance/clk
    SLICE_X93Y323        FDRE                                         r  berexp_inst/cmp_exp_x/refill_uniform_buf_instance/refill_buf_reg[3][3]/C
                         clock pessimism              0.000     4.521    
                         clock uncertainty           -0.035     4.486    
    SLICE_X93Y323        FDRE (Setup_FFF2_SLICEM_C_CE)
                                                     -0.061     4.425    berexp_inst/cmp_exp_x/refill_uniform_buf_instance/refill_buf_reg[3][3]
  -------------------------------------------------------------------
                         required time                          4.425    
                         arrival time                          -4.406    
  -------------------------------------------------------------------
                         slack                                  0.019    

Slack (MET) :             0.019ns  (required time - arrival time)
  Source:                 state_sginv_reg[0]/C
                            (rising edge-triggered cell FDRE clocked by clk  {rise@0.000ns fall@2.250ns period=4.500ns})
  Destination:            berexp_inst/cmp_exp_x/refill_uniform_buf_instance/refill_buf_reg[3][5]/CE
                            (rising edge-triggered cell FDRE clocked by clk  {rise@0.000ns fall@2.250ns period=4.500ns})
  Path Group:             clk
  Path Type:              Setup (Max at Slow Process Corner)
  Requirement:            4.500ns  (clk rise@4.500ns - clk rise@0.000ns)
  Data Path Delay:        4.377ns  (logic 1.365ns (31.189%)  route 3.012ns (68.811%))
  Logic Levels:           13  (LUT4=1 LUT6=12)
  Clock Path Skew:        -0.008ns (DCD - SCD + CPR)
    Destination Clock Delay (DCD):    0.021ns = ( 4.521 - 4.500 ) 
    Source Clock Delay      (SCD):    0.029ns
    Clock Pessimism Removal (CPR):    0.000ns
  Clock Uncertainty:      0.035ns  ((TSJ^2 + TIJ^2)^1/2 + DJ) / 2 + PE
    Total System Jitter     (TSJ):    0.071ns
    Total Input Jitter      (TIJ):    0.000ns
    Discrete Jitter          (DJ):    0.000ns
    Phase Error              (PE):    0.000ns

    Location             Delay type                Incr(ns)  Path(ns)    Netlist Resource(s)
  -------------------------------------------------------------------    -------------------
                         (clock clk rise edge)        0.000     0.000 r  
                                                      0.000     0.000 r  clk (IN)
                         net (fo=3683, unset)         0.029     0.029    clk
    SLICE_X90Y313        FDRE                                         r  state_sginv_reg[0]/C
  -------------------------------------------------------------------    -------------------
    SLICE_X90Y313        FDRE (Prop_FFF_SLICEL_C_Q)
                                                      0.079     0.108 r  state_sginv_reg[0]/Q
                         net (fo=62, routed)          0.311     0.419    fp_mul_E/ccs_reg[15]_i_9_1
    SLICE_X88Y312        LUT6 (Prop_E6LUT_SLICEM_I2_O)
                                                      0.124     0.543 r  fp_mul_E/ccs_reg[64]_i_16/O
                         net (fo=53, routed)          0.244     0.786    fp_mul_E/berexp_inst/exp_x_or_ccs[61]
    SLICE_X90Y313        LUT6 (Prop_G6LUT_SLICEL_I4_O)
                                                      0.149     0.935 r  fp_mul_E/ccs_reg[49]_i_12/O
                         net (fo=4, routed)           0.255     1.190    fp_mul_E/ccs_reg[49]_i_12_n_0
    SLICE_X91Y316        LUT6 (Prop_F6LUT_SLICEL_I5_O)
                                                      0.089     1.279 r  fp_mul_E/ccs_reg[48]_i_4/O
                         net (fo=3, routed)           0.178     1.457    fp_mul_E/ccs_reg[48]_i_4_n_0
    SLICE_X89Y317        LUT6 (Prop_H6LUT_SLICEM_I0_O)
                                                      0.152     1.609 r  fp_mul_E/ccs_reg[48]_i_3/O
                         net (fo=3, routed)           0.254     1.863    fp_mul_E/ccs_reg[48]_i_3_n_0
    SLICE_X88Y319        LUT6 (Prop_C6LUT_SLICEM_I2_O)
                                                      0.145     2.008 r  fp_mul_E/ccs_reg[32]_i_1/O
                         net (fo=3, routed)           0.246     2.254    berexp_inst/cmp_exp_x/refill_uniform_buf_instance/hotbits[3].par2ser/D[11]
    SLICE_X86Y320        LUT4 (Prop_E6LUT_SLICEM_I1_O)
                                                      0.100     2.354 r  berexp_inst/cmp_exp_x/refill_uniform_buf_instance/hotbits[3].par2ser/refill_exp\\.refill_req_INST_0_i_160/O
                         net (fo=2, routed)           0.259     2.613    fp_mul_E/sample_z1[31]_i_41_0
    SLICE_X84Y321        LUT6 (Prop_C6LUT_SLICEM_I4_O)
                                                      0.088     2.701 f  fp_mul_E/refill_exp\\.refill_req_INST_0_i_101/O
                         net (fo=1, routed)           0.159     2.860    fp_mul_E/refill_exp\\.refill_req_INST_0_i_101_n_0
    SLICE_X86Y324        LUT6 (Prop_G6LUT_SLICEM_I3_O)
                                                      0.037     2.897 f  fp_mul_E/refill_exp\\.refill_req_INST_0_i_37/O
                         net (fo=1, routed)           0.146     3.043    fp_mul_E/refill_exp\\.refill_req_INST_0_i_37_n_0
    SLICE_X86Y324        LUT6 (Prop_F6LUT_SLICEM_I5_O)
                                                      0.123     3.166 r  fp_mul_E/refill_exp\\.refill_req_INST_0_i_8/O
                         net (fo=15, routed)          0.173     3.340    fp_mul_E/refill_exp\\.refill_req_INST_0_i_8_n_0
    SLICE_X88Y323        LUT6 (Prop_H6LUT_SLICEM_I4_O)
                                                      0.053     3.393 f  fp_mul_E/count[2]_i_4__1/O
                         net (fo=12, routed)          0.208     3.601    berexp_inst/cmp_exp_x/refill_uniform_buf_instance/hotbits[1].par2ser/count_reg[2]_0
    SLICE_X88Y326        LUT6 (Prop_G6LUT_SLICEM_I4_O)
                                                      0.052     3.653 r  berexp_inst/cmp_exp_x/refill_uniform_buf_instance/hotbits[1].par2ser/refill_exp\\.refill_req_INST_0_i_13/O
                         net (fo=33, routed)          0.205     3.858    berexp_inst/cmp_exp_x/refill_uniform_buf_instance/hotbits[2].par2ser/shiftreg_reg[0]_1
    SLICE_X91Y325        LUT6 (Prop_C6LUT_SLICEL_I2_O)
                                                      0.123     3.981 r  berexp_inst/cmp_exp_x/refill_uniform_buf_instance/hotbits[2].par2ser/refill_exp\\.refill_req_INST_0_i_2/O
                         net (fo=11, routed)          0.211     4.192    fp_mul_E/refill_buf_reg[3][7]
    SLICE_X93Y323        LUT6 (Prop_F6LUT_SLICEM_I4_O)
                                                      0.051     4.243 r  fp_mul_E/refill_buf[3][7]_i_1__0/O
                         net (fo=8, routed)           0.163     4.406    berexp_inst/cmp_exp_x/refill_uniform_buf_instance/refill_buf_reg[3][7]_0[0]
    SLICE_X93Y323        FDRE                                         r  berexp_inst/cmp_exp_x/refill_uniform_buf_instance/refill_buf_reg[3][5]/CE
  -------------------------------------------------------------------    -------------------

                         (clock clk rise edge)        4.500     4.500 r  
                                                      0.000     4.500 r  clk (IN)
                         net (fo=3683, unset)         0.021     4.521    berexp_inst/cmp_exp_x/refill_uniform_buf_instance/clk
    SLICE_X93Y323        FDRE                                         r  berexp_inst/cmp_exp_x/refill_uniform_buf_instance/refill_buf_reg[3][5]/C
                         clock pessimism              0.000     4.521    
                         clock uncertainty           -0.035     4.486    
    SLICE_X93Y323        FDRE (Setup_GFF2_SLICEM_C_CE)
                                                     -0.061     4.425    berexp_inst/cmp_exp_x/refill_uniform_buf_instance/refill_buf_reg[3][5]
  -------------------------------------------------------------------
                         required time                          4.425    
                         arrival time                          -4.406    
  -------------------------------------------------------------------
                         slack                                  0.019    

Slack (MET) :             0.019ns  (required time - arrival time)
  Source:                 state_sginv_reg[0]/C
                            (rising edge-triggered cell FDRE clocked by clk  {rise@0.000ns fall@2.250ns period=4.500ns})
  Destination:            berexp_inst/cmp_exp_x/refill_uniform_buf_instance/refill_buf_reg[3][7]/CE
                            (rising edge-triggered cell FDRE clocked by clk  {rise@0.000ns fall@2.250ns period=4.500ns})
  Path Group:             clk
  Path Type:              Setup (Max at Slow Process Corner)
  Requirement:            4.500ns  (clk rise@4.500ns - clk rise@0.000ns)
  Data Path Delay:        4.377ns  (logic 1.365ns (31.189%)  route 3.012ns (68.811%))
  Logic Levels:           13  (LUT4=1 LUT6=12)
  Clock Path Skew:        -0.008ns (DCD - SCD + CPR)
    Destination Clock Delay (DCD):    0.021ns = ( 4.521 - 4.500 ) 
    Source Clock Delay      (SCD):    0.029ns
    Clock Pessimism Removal (CPR):    0.000ns
  Clock Uncertainty:      0.035ns  ((TSJ^2 + TIJ^2)^1/2 + DJ) / 2 + PE
    Total System Jitter     (TSJ):    0.071ns
    Total Input Jitter      (TIJ):    0.000ns
    Discrete Jitter          (DJ):    0.000ns
    Phase Error              (PE):    0.000ns

    Location             Delay type                Incr(ns)  Path(ns)    Netlist Resource(s)
  -------------------------------------------------------------------    -------------------
                         (clock clk rise edge)        0.000     0.000 r  
                                                      0.000     0.000 r  clk (IN)
                         net (fo=3683, unset)         0.029     0.029    clk
    SLICE_X90Y313        FDRE                                         r  state_sginv_reg[0]/C
  -------------------------------------------------------------------    -------------------
    SLICE_X90Y313        FDRE (Prop_FFF_SLICEL_C_Q)
                                                      0.079     0.108 r  state_sginv_reg[0]/Q
                         net (fo=62, routed)          0.311     0.419    fp_mul_E/ccs_reg[15]_i_9_1
    SLICE_X88Y312        LUT6 (Prop_E6LUT_SLICEM_I2_O)
                                                      0.124     0.543 r  fp_mul_E/ccs_reg[64]_i_16/O
                         net (fo=53, routed)          0.244     0.786    fp_mul_E/berexp_inst/exp_x_or_ccs[61]
    SLICE_X90Y313        LUT6 (Prop_G6LUT_SLICEL_I4_O)
                                                      0.149     0.935 r  fp_mul_E/ccs_reg[49]_i_12/O
                         net (fo=4, routed)           0.255     1.190    fp_mul_E/ccs_reg[49]_i_12_n_0
    SLICE_X91Y316        LUT6 (Prop_F6LUT_SLICEL_I5_O)
                                                      0.089     1.279 r  fp_mul_E/ccs_reg[48]_i_4/O
                         net (fo=3, routed)           0.178     1.457    fp_mul_E/ccs_reg[48]_i_4_n_0
    SLICE_X89Y317        LUT6 (Prop_H6LUT_SLICEM_I0_O)
                                                      0.152     1.609 r  fp_mul_E/ccs_reg[48]_i_3/O
                         net (fo=3, routed)           0.254     1.863    fp_mul_E/ccs_reg[48]_i_3_n_0
    SLICE_X88Y319        LUT6 (Prop_C6LUT_SLICEM_I2_O)
                                                      0.145     2.008 r  fp_mul_E/ccs_reg[32]_i_1/O
                         net (fo=3, routed)           0.246     2.254    berexp_inst/cmp_exp_x/refill_uniform_buf_instance/hotbits[3].par2ser/D[11]
    SLICE_X86Y320        LUT4 (Prop_E6LUT_SLICEM_I1_O)
                                                      0.100     2.354 r  berexp_inst/cmp_exp_x/refill_uniform_buf_instance/hotbits[3].par2ser/refill_exp\\.refill_req_INST_0_i_160/O
                         net (fo=2, routed)           0.259     2.613    fp_mul_E/sample_z1[31]_i_41_0
    SLICE_X84Y321        LUT6 (Prop_C6LUT_SLICEM_I4_O)
                                                      0.088     2.701 f  fp_mul_E/refill_exp\\.refill_req_INST_0_i_101/O
                         net (fo=1, routed)           0.159     2.860    fp_mul_E/refill_exp\\.refill_req_INST_0_i_101_n_0
    SLICE_X86Y324        LUT6 (Prop_G6LUT_SLICEM_I3_O)
                                                      0.037     2.897 f  fp_mul_E/refill_exp\\.refill_req_INST_0_i_37/O
                         net (fo=1, routed)           0.146     3.043    fp_mul_E/refill_exp\\.refill_req_INST_0_i_37_n_0
    SLICE_X86Y324        LUT6 (Prop_F6LUT_SLICEM_I5_O)
                                                      0.123     3.166 r  fp_mul_E/refill_exp\\.refill_req_INST_0_i_8/O
                         net (fo=15, routed)          0.173     3.340    fp_mul_E/refill_exp\\.refill_req_INST_0_i_8_n_0
    SLICE_X88Y323        LUT6 (Prop_H6LUT_SLICEM_I4_O)
                                                      0.053     3.393 f  fp_mul_E/count[2]_i_4__1/O
                         net (fo=12, routed)          0.208     3.601    berexp_inst/cmp_exp_x/refill_uniform_buf_instance/hotbits[1].par2ser/count_reg[2]_0
    SLICE_X88Y326        LUT6 (Prop_G6LUT_SLICEM_I4_O)
                                                      0.052     3.653 r  berexp_inst/cmp_exp_x/refill_uniform_buf_instance/hotbits[1].par2ser/refill_exp\\.refill_req_INST_0_i_13/O
                         net (fo=33, routed)          0.205     3.858    berexp_inst/cmp_exp_x/refill_uniform_buf_instance/hotbits[2].par2ser/shiftreg_reg[0]_1
    SLICE_X91Y325        LUT6 (Prop_C6LUT_SLICEL_I2_O)
                                                      0.123     3.981 r  berexp_inst/cmp_exp_x/refill_uniform_buf_instance/hotbits[2].par2ser/refill_exp\\.refill_req_INST_0_i_2/O
                         net (fo=11, routed)          0.211     4.192    fp_mul_E/refill_buf_reg[3][7]
    SLICE_X93Y323        LUT6 (Prop_F6LUT_SLICEM_I4_O)
                                                      0.051     4.243 r  fp_mul_E/refill_buf[3][7]_i_1__0/O
                         net (fo=8, routed)           0.163     4.406    berexp_inst/cmp_exp_x/refill_uniform_buf_instance/refill_buf_reg[3][7]_0[0]
    SLICE_X93Y323        FDRE                                         r  berexp_inst/cmp_exp_x/refill_uniform_buf_instance/refill_buf_reg[3][7]/CE
  -------------------------------------------------------------------    -------------------

                         (clock clk rise edge)        4.500     4.500 r  
                                                      0.000     4.500 r  clk (IN)
                         net (fo=3683, unset)         0.021     4.521    berexp_inst/cmp_exp_x/refill_uniform_buf_instance/clk
    SLICE_X93Y323        FDRE                                         r  berexp_inst/cmp_exp_x/refill_uniform_buf_instance/refill_buf_reg[3][7]/C
                         clock pessimism              0.000     4.521    
                         clock uncertainty           -0.035     4.486    
    SLICE_X93Y323        FDRE (Setup_HFF2_SLICEM_C_CE)
                                                     -0.061     4.425    berexp_inst/cmp_exp_x/refill_uniform_buf_instance/refill_buf_reg[3][7]
  -------------------------------------------------------------------
                         required time                          4.425    
                         arrival time                          -4.406    
  -------------------------------------------------------------------
                         slack                                  0.019    

Slack (MET) :             0.021ns  (required time - arrival time)
  Source:                 state_sginv_reg[0]/C
                            (rising edge-triggered cell FDRE clocked by clk  {rise@0.000ns fall@2.250ns period=4.500ns})
  Destination:            berexp_inst/cmp_exp_x/refill_uniform_buf_instance/refill_buf_reg[3][0]/CE
                            (rising edge-triggered cell FDRE clocked by clk  {rise@0.000ns fall@2.250ns period=4.500ns})
  Path Group:             clk
  Path Type:              Setup (Max at Slow Process Corner)
  Requirement:            4.500ns  (clk rise@4.500ns - clk rise@0.000ns)
  Data Path Delay:        4.375ns  (logic 1.365ns (31.203%)  route 3.010ns (68.797%))
  Logic Levels:           13  (LUT4=1 LUT6=12)
  Clock Path Skew:        -0.008ns (DCD - SCD + CPR)
    Destination Clock Delay (DCD):    0.021ns = ( 4.521 - 4.500 ) 
    Source Clock Delay      (SCD):    0.029ns
    Clock Pessimism Removal (CPR):    0.000ns
  Clock Uncertainty:      0.035ns  ((TSJ^2 + TIJ^2)^1/2 + DJ) / 2 + PE
    Total System Jitter     (TSJ):    0.071ns
    Total Input Jitter      (TIJ):    0.000ns
    Discrete Jitter          (DJ):    0.000ns
    Phase Error              (PE):    0.000ns

    Location             Delay type                Incr(ns)  Path(ns)    Netlist Resource(s)
  -------------------------------------------------------------------    -------------------
                         (clock clk rise edge)        0.000     0.000 r  
                                                      0.000     0.000 r  clk (IN)
                         net (fo=3683, unset)         0.029     0.029    clk
    SLICE_X90Y313        FDRE                                         r  state_sginv_reg[0]/C
  -------------------------------------------------------------------    -------------------
    SLICE_X90Y313        FDRE (Prop_FFF_SLICEL_C_Q)
                                                      0.079     0.108 r  state_sginv_reg[0]/Q
                         net (fo=62, routed)          0.311     0.419    fp_mul_E/ccs_reg[15]_i_9_1
    SLICE_X88Y312        LUT6 (Prop_E6LUT_SLICEM_I2_O)
                                                      0.124     0.543 r  fp_mul_E/ccs_reg[64]_i_16/O
                         net (fo=53, routed)          0.244     0.786    fp_mul_E/berexp_inst/exp_x_or_ccs[61]
    SLICE_X90Y313        LUT6 (Prop_G6LUT_SLICEL_I4_O)
                                                      0.149     0.935 r  fp_mul_E/ccs_reg[49]_i_12/O
                         net (fo=4, routed)           0.255     1.190    fp_mul_E/ccs_reg[49]_i_12_n_0
    SLICE_X91Y316        LUT6 (Prop_F6LUT_SLICEL_I5_O)
                                                      0.089     1.279 r  fp_mul_E/ccs_reg[48]_i_4/O
                         net (fo=3, routed)           0.178     1.457    fp_mul_E/ccs_reg[48]_i_4_n_0
    SLICE_X89Y317        LUT6 (Prop_H6LUT_SLICEM_I0_O)
                                                      0.152     1.609 r  fp_mul_E/ccs_reg[48]_i_3/O
                         net (fo=3, routed)           0.254     1.863    fp_mul_E/ccs_reg[48]_i_3_n_0
    SLICE_X88Y319        LUT6 (Prop_C6LUT_SLICEM_I2_O)
                                                      0.145     2.008 r  fp_mul_E/ccs_reg[32]_i_1/O
                         net (fo=3, routed)           0.246     2.254    berexp_inst/cmp_exp_x/refill_uniform_buf_instance/hotbits[3].par2ser/D[11]
    SLICE_X86Y320        LUT4 (Prop_E6LUT_SLICEM_I1_O)
                                                      0.100     2.354 r  berexp_inst/cmp_exp_x/refill_uniform_buf_instance/hotbits[3].par2ser/refill_exp\\.refill_req_INST_0_i_160/O
                         net (fo=2, routed)           0.259     2.613    fp_mul_E/sample_z1[31]_i_41_0
    SLICE_X84Y321        LUT6 (Prop_C6LUT_SLICEM_I4_O)
                                                      0.088     2.701 f  fp_mul_E/refill_exp\\.refill_req_INST_0_i_101/O
                         net (fo=1, routed)           0.159     2.860    fp_mul_E/refill_exp\\.refill_req_INST_0_i_101_n_0
    SLICE_X86Y324        LUT6 (Prop_G6LUT_SLICEM_I3_O)
                                                      0.037     2.897 f  fp_mul_E/refill_exp\\.refill_req_INST_0_i_37/O
                         net (fo=1, routed)           0.146     3.043    fp_mul_E/refill_exp\\.refill_req_INST_0_i_37_n_0
    SLICE_X86Y324        LUT6 (Prop_F6LUT_SLICEM_I5_O)
                                                      0.123     3.166 r  fp_mul_E/refill_exp\\.refill_req_INST_0_i_8/O
                         net (fo=15, routed)          0.173     3.340    fp_mul_E/refill_exp\\.refill_req_INST_0_i_8_n_0
    SLICE_X88Y323        LUT6 (Prop_H6LUT_SLICEM_I4_O)
                                                      0.053     3.393 f  fp_mul_E/count[2]_i_4__1/O
                         net (fo=12, routed)          0.208     3.601    berexp_inst/cmp_exp_x/refill_uniform_buf_instance/hotbits[1].par2ser/count_reg[2]_0
    SLICE_X88Y326        LUT6 (Prop_G6LUT_SLICEM_I4_O)
                                                      0.052     3.653 r  berexp_inst/cmp_exp_x/refill_uniform_buf_instance/hotbits[1].par2ser/refill_exp\\.refill_req_INST_0_i_13/O
                         net (fo=33, routed)          0.205     3.858    berexp_inst/cmp_exp_x/refill_uniform_buf_instance/hotbits[2].par2ser/shiftreg_reg[0]_1
    SLICE_X91Y325        LUT6 (Prop_C6LUT_SLICEL_I2_O)
                                                      0.123     3.981 r  berexp_inst/cmp_exp_x/refill_uniform_buf_instance/hotbits[2].par2ser/refill_exp\\.refill_req_INST_0_i_2/O
                         net (fo=11, routed)          0.211     4.192    fp_mul_E/refill_buf_reg[3][7]
    SLICE_X93Y323        LUT6 (Prop_F6LUT_SLICEM_I4_O)
                                                      0.051     4.243 r  fp_mul_E/refill_buf[3][7]_i_1__0/O
                         net (fo=8, routed)           0.161     4.404    berexp_inst/cmp_exp_x/refill_uniform_buf_instance/refill_buf_reg[3][7]_0[0]
    SLICE_X93Y323        FDRE                                         r  berexp_inst/cmp_exp_x/refill_uniform_buf_instance/refill_buf_reg[3][0]/CE
  -------------------------------------------------------------------    -------------------

                         (clock clk rise edge)        4.500     4.500 r  
                                                      0.000     4.500 r  clk (IN)
                         net (fo=3683, unset)         0.021     4.521    berexp_inst/cmp_exp_x/refill_uniform_buf_instance/clk
    SLICE_X93Y323        FDRE                                         r  berexp_inst/cmp_exp_x/refill_uniform_buf_instance/refill_buf_reg[3][0]/C
                         clock pessimism              0.000     4.521    
                         clock uncertainty           -0.035     4.486    
    SLICE_X93Y323        FDRE (Setup_EFF_SLICEM_C_CE)
                                                     -0.061     4.425    berexp_inst/cmp_exp_x/refill_uniform_buf_instance/refill_buf_reg[3][0]
  -------------------------------------------------------------------
                         required time                          4.425    
                         arrival time                          -4.404    
  -------------------------------------------------------------------
                         slack                                  0.021    

Slack (MET) :             0.021ns  (required time - arrival time)
  Source:                 state_sginv_reg[0]/C
                            (rising edge-triggered cell FDRE clocked by clk  {rise@0.000ns fall@2.250ns period=4.500ns})
  Destination:            berexp_inst/cmp_exp_x/refill_uniform_buf_instance/refill_buf_reg[3][2]/CE
                            (rising edge-triggered cell FDRE clocked by clk  {rise@0.000ns fall@2.250ns period=4.500ns})
  Path Group:             clk
  Path Type:              Setup (Max at Slow Process Corner)
  Requirement:            4.500ns  (clk rise@4.500ns - clk rise@0.000ns)
  Data Path Delay:        4.375ns  (logic 1.365ns (31.203%)  route 3.010ns (68.797%))
  Logic Levels:           13  (LUT4=1 LUT6=12)
  Clock Path Skew:        -0.008ns (DCD - SCD + CPR)
    Destination Clock Delay (DCD):    0.021ns = ( 4.521 - 4.500 ) 
    Source Clock Delay      (SCD):    0.029ns
    Clock Pessimism Removal (CPR):    0.000ns
  Clock Uncertainty:      0.035ns  ((TSJ^2 + TIJ^2)^1/2 + DJ) / 2 + PE
    Total System Jitter     (TSJ):    0.071ns
    Total Input Jitter      (TIJ):    0.000ns
    Discrete Jitter          (DJ):    0.000ns
    Phase Error              (PE):    0.000ns

    Location             Delay type                Incr(ns)  Path(ns)    Netlist Resource(s)
  -------------------------------------------------------------------    -------------------
                         (clock clk rise edge)        0.000     0.000 r  
                                                      0.000     0.000 r  clk (IN)
                         net (fo=3683, unset)         0.029     0.029    clk
    SLICE_X90Y313        FDRE                                         r  state_sginv_reg[0]/C
  -------------------------------------------------------------------    -------------------
    SLICE_X90Y313        FDRE (Prop_FFF_SLICEL_C_Q)
                                                      0.079     0.108 r  state_sginv_reg[0]/Q
                         net (fo=62, routed)          0.311     0.419    fp_mul_E/ccs_reg[15]_i_9_1
    SLICE_X88Y312        LUT6 (Prop_E6LUT_SLICEM_I2_O)
                                                      0.124     0.543 r  fp_mul_E/ccs_reg[64]_i_16/O
                         net (fo=53, routed)          0.244     0.786    fp_mul_E/berexp_inst/exp_x_or_ccs[61]
    SLICE_X90Y313        LUT6 (Prop_G6LUT_SLICEL_I4_O)
                                                      0.149     0.935 r  fp_mul_E/ccs_reg[49]_i_12/O
                         net (fo=4, routed)           0.255     1.190    fp_mul_E/ccs_reg[49]_i_12_n_0
    SLICE_X91Y316        LUT6 (Prop_F6LUT_SLICEL_I5_O)
                                                      0.089     1.279 r  fp_mul_E/ccs_reg[48]_i_4/O
                         net (fo=3, routed)           0.178     1.457    fp_mul_E/ccs_reg[48]_i_4_n_0
    SLICE_X89Y317        LUT6 (Prop_H6LUT_SLICEM_I0_O)
                                                      0.152     1.609 r  fp_mul_E/ccs_reg[48]_i_3/O
                         net (fo=3, routed)           0.254     1.863    fp_mul_E/ccs_reg[48]_i_3_n_0
    SLICE_X88Y319        LUT6 (Prop_C6LUT_SLICEM_I2_O)
                                                      0.145     2.008 r  fp_mul_E/ccs_reg[32]_i_1/O
                         net (fo=3, routed)           0.246     2.254    berexp_inst/cmp_exp_x/refill_uniform_buf_instance/hotbits[3].par2ser/D[11]
    SLICE_X86Y320        LUT4 (Prop_E6LUT_SLICEM_I1_O)
                                                      0.100     2.354 r  berexp_inst/cmp_exp_x/refill_uniform_buf_instance/hotbits[3].par2ser/refill_exp\\.refill_req_INST_0_i_160/O
                         net (fo=2, routed)           0.259     2.613    fp_mul_E/sample_z1[31]_i_41_0
    SLICE_X84Y321        LUT6 (Prop_C6LUT_SLICEM_I4_O)
                                                      0.088     2.701 f  fp_mul_E/refill_exp\\.refill_req_INST_0_i_101/O
                         net (fo=1, routed)           0.159     2.860    fp_mul_E/refill_exp\\.refill_req_INST_0_i_101_n_0
    SLICE_X86Y324        LUT6 (Prop_G6LUT_SLICEM_I3_O)
                                                      0.037     2.897 f  fp_mul_E/refill_exp\\.refill_req_INST_0_i_37/O
                         net (fo=1, routed)           0.146     3.043    fp_mul_E/refill_exp\\.refill_req_INST_0_i_37_n_0
    SLICE_X86Y324        LUT6 (Prop_F6LUT_SLICEM_I5_O)
                                                      0.123     3.166 r  fp_mul_E/refill_exp\\.refill_req_INST_0_i_8/O
                         net (fo=15, routed)          0.173     3.340    fp_mul_E/refill_exp\\.refill_req_INST_0_i_8_n_0
    SLICE_X88Y323        LUT6 (Prop_H6LUT_SLICEM_I4_O)
                                                      0.053     3.393 f  fp_mul_E/count[2]_i_4__1/O
                         net (fo=12, routed)          0.208     3.601    berexp_inst/cmp_exp_x/refill_uniform_buf_instance/hotbits[1].par2ser/count_reg[2]_0
    SLICE_X88Y326        LUT6 (Prop_G6LUT_SLICEM_I4_O)
                                                      0.052     3.653 r  berexp_inst/cmp_exp_x/refill_uniform_buf_instance/hotbits[1].par2ser/refill_exp\\.refill_req_INST_0_i_13/O
                         net (fo=33, routed)          0.205     3.858    berexp_inst/cmp_exp_x/refill_uniform_buf_instance/hotbits[2].par2ser/shiftreg_reg[0]_1
    SLICE_X91Y325        LUT6 (Prop_C6LUT_SLICEL_I2_O)
                                                      0.123     3.981 r  berexp_inst/cmp_exp_x/refill_uniform_buf_instance/hotbits[2].par2ser/refill_exp\\.refill_req_INST_0_i_2/O
                         net (fo=11, routed)          0.211     4.192    fp_mul_E/refill_buf_reg[3][7]
    SLICE_X93Y323        LUT6 (Prop_F6LUT_SLICEM_I4_O)
                                                      0.051     4.243 r  fp_mul_E/refill_buf[3][7]_i_1__0/O
                         net (fo=8, routed)           0.161     4.404    berexp_inst/cmp_exp_x/refill_uniform_buf_instance/refill_buf_reg[3][7]_0[0]
    SLICE_X93Y323        FDRE                                         r  berexp_inst/cmp_exp_x/refill_uniform_buf_instance/refill_buf_reg[3][2]/CE
  -------------------------------------------------------------------    -------------------

                         (clock clk rise edge)        4.500     4.500 r  
                                                      0.000     4.500 r  clk (IN)
                         net (fo=3683, unset)         0.021     4.521    berexp_inst/cmp_exp_x/refill_uniform_buf_instance/clk
    SLICE_X93Y323        FDRE                                         r  berexp_inst/cmp_exp_x/refill_uniform_buf_instance/refill_buf_reg[3][2]/C
                         clock pessimism              0.000     4.521    
                         clock uncertainty           -0.035     4.486    
    SLICE_X93Y323        FDRE (Setup_FFF_SLICEM_C_CE)
                                                     -0.061     4.425    berexp_inst/cmp_exp_x/refill_uniform_buf_instance/refill_buf_reg[3][2]
  -------------------------------------------------------------------
                         required time                          4.425    
                         arrival time                          -4.404    
  -------------------------------------------------------------------
                         slack                                  0.021    

Slack (MET) :             0.021ns  (required time - arrival time)
  Source:                 state_sginv_reg[0]/C
                            (rising edge-triggered cell FDRE clocked by clk  {rise@0.000ns fall@2.250ns period=4.500ns})
  Destination:            berexp_inst/cmp_exp_x/refill_uniform_buf_instance/refill_buf_reg[3][4]/CE
                            (rising edge-triggered cell FDRE clocked by clk  {rise@0.000ns fall@2.250ns period=4.500ns})
  Path Group:             clk
  Path Type:              Setup (Max at Slow Process Corner)
  Requirement:            4.500ns  (clk rise@4.500ns - clk rise@0.000ns)
  Data Path Delay:        4.375ns  (logic 1.365ns (31.203%)  route 3.010ns (68.797%))
  Logic Levels:           13  (LUT4=1 LUT6=12)
  Clock Path Skew:        -0.008ns (DCD - SCD + CPR)
    Destination Clock Delay (DCD):    0.021ns = ( 4.521 - 4.500 ) 
    Source Clock Delay      (SCD):    0.029ns
    Clock Pessimism Removal (CPR):    0.000ns
  Clock Uncertainty:      0.035ns  ((TSJ^2 + TIJ^2)^1/2 + DJ) / 2 + PE
    Total System Jitter     (TSJ):    0.071ns
    Total Input Jitter      (TIJ):    0.000ns
    Discrete Jitter          (DJ):    0.000ns
    Phase Error              (PE):    0.000ns

    Location             Delay type                Incr(ns)  Path(ns)    Netlist Resource(s)
  -------------------------------------------------------------------    -------------------
                         (clock clk rise edge)        0.000     0.000 r  
                                                      0.000     0.000 r  clk (IN)
                         net (fo=3683, unset)         0.029     0.029    clk
    SLICE_X90Y313        FDRE                                         r  state_sginv_reg[0]/C
  -------------------------------------------------------------------    -------------------
    SLICE_X90Y313        FDRE (Prop_FFF_SLICEL_C_Q)
                                                      0.079     0.108 r  state_sginv_reg[0]/Q
                         net (fo=62, routed)          0.311     0.419    fp_mul_E/ccs_reg[15]_i_9_1
    SLICE_X88Y312        LUT6 (Prop_E6LUT_SLICEM_I2_O)
                                                      0.124     0.543 r  fp_mul_E/ccs_reg[64]_i_16/O
                         net (fo=53, routed)          0.244     0.786    fp_mul_E/berexp_inst/exp_x_or_ccs[61]
    SLICE_X90Y313        LUT6 (Prop_G6LUT_SLICEL_I4_O)
                                                      0.149     0.935 r  fp_mul_E/ccs_reg[49]_i_12/O
                         net (fo=4, routed)           0.255     1.190    fp_mul_E/ccs_reg[49]_i_12_n_0
    SLICE_X91Y316        LUT6 (Prop_F6LUT_SLICEL_I5_O)
                                                      0.089     1.279 r  fp_mul_E/ccs_reg[48]_i_4/O
                         net (fo=3, routed)           0.178     1.457    fp_mul_E/ccs_reg[48]_i_4_n_0
    SLICE_X89Y317        LUT6 (Prop_H6LUT_SLICEM_I0_O)
                                                      0.152     1.609 r  fp_mul_E/ccs_reg[48]_i_3/O
                         net (fo=3, routed)           0.254     1.863    fp_mul_E/ccs_reg[48]_i_3_n_0
    SLICE_X88Y319        LUT6 (Prop_C6LUT_SLICEM_I2_O)
                                                      0.145     2.008 r  fp_mul_E/ccs_reg[32]_i_1/O
                         net (fo=3, routed)           0.246     2.254    berexp_inst/cmp_exp_x/refill_uniform_buf_instance/hotbits[3].par2ser/D[11]
    SLICE_X86Y320        LUT4 (Prop_E6LUT_SLICEM_I1_O)
                                                      0.100     2.354 r  berexp_inst/cmp_exp_x/refill_uniform_buf_instance/hotbits[3].par2ser/refill_exp\\.refill_req_INST_0_i_160/O
                         net (fo=2, routed)           0.259     2.613    fp_mul_E/sample_z1[31]_i_41_0
    SLICE_X84Y321        LUT6 (Prop_C6LUT_SLICEM_I4_O)
                                                      0.088     2.701 f  fp_mul_E/refill_exp\\.refill_req_INST_0_i_101/O
                         net (fo=1, routed)           0.159     2.860    fp_mul_E/refill_exp\\.refill_req_INST_0_i_101_n_0
    SLICE_X86Y324        LUT6 (Prop_G6LUT_SLICEM_I3_O)
                                                      0.037     2.897 f  fp_mul_E/refill_exp\\.refill_req_INST_0_i_37/O
                         net (fo=1, routed)           0.146     3.043    fp_mul_E/refill_exp\\.refill_req_INST_0_i_37_n_0
    SLICE_X86Y324        LUT6 (Prop_F6LUT_SLICEM_I5_O)
                                                      0.123     3.166 r  fp_mul_E/refill_exp\\.refill_req_INST_0_i_8/O
                         net (fo=15, routed)          0.173     3.340    fp_mul_E/refill_exp\\.refill_req_INST_0_i_8_n_0
    SLICE_X88Y323        LUT6 (Prop_H6LUT_SLICEM_I4_O)
                                                      0.053     3.393 f  fp_mul_E/count[2]_i_4__1/O
                         net (fo=12, routed)          0.208     3.601    berexp_inst/cmp_exp_x/refill_uniform_buf_instance/hotbits[1].par2ser/count_reg[2]_0
    SLICE_X88Y326        LUT6 (Prop_G6LUT_SLICEM_I4_O)
                                                      0.052     3.653 r  berexp_inst/cmp_exp_x/refill_uniform_buf_instance/hotbits[1].par2ser/refill_exp\\.refill_req_INST_0_i_13/O
                         net (fo=33, routed)          0.205     3.858    berexp_inst/cmp_exp_x/refill_uniform_buf_instance/hotbits[2].par2ser/shiftreg_reg[0]_1
    SLICE_X91Y325        LUT6 (Prop_C6LUT_SLICEL_I2_O)
                                                      0.123     3.981 r  berexp_inst/cmp_exp_x/refill_uniform_buf_instance/hotbits[2].par2ser/refill_exp\\.refill_req_INST_0_i_2/O
                         net (fo=11, routed)          0.211     4.192    fp_mul_E/refill_buf_reg[3][7]
    SLICE_X93Y323        LUT6 (Prop_F6LUT_SLICEM_I4_O)
                                                      0.051     4.243 r  fp_mul_E/refill_buf[3][7]_i_1__0/O
                         net (fo=8, routed)           0.161     4.404    berexp_inst/cmp_exp_x/refill_uniform_buf_instance/refill_buf_reg[3][7]_0[0]
    SLICE_X93Y323        FDRE                                         r  berexp_inst/cmp_exp_x/refill_uniform_buf_instance/refill_buf_reg[3][4]/CE
  -------------------------------------------------------------------    -------------------

                         (clock clk rise edge)        4.500     4.500 r  
                                                      0.000     4.500 r  clk (IN)
                         net (fo=3683, unset)         0.021     4.521    berexp_inst/cmp_exp_x/refill_uniform_buf_instance/clk
    SLICE_X93Y323        FDRE                                         r  berexp_inst/cmp_exp_x/refill_uniform_buf_instance/refill_buf_reg[3][4]/C
                         clock pessimism              0.000     4.521    
                         clock uncertainty           -0.035     4.486    
    SLICE_X93Y323        FDRE (Setup_GFF_SLICEM_C_CE)
                                                     -0.061     4.425    berexp_inst/cmp_exp_x/refill_uniform_buf_instance/refill_buf_reg[3][4]
  -------------------------------------------------------------------
                         required time                          4.425    
                         arrival time                          -4.404    
  -------------------------------------------------------------------
                         slack                                  0.021    

Slack (MET) :             0.021ns  (required time - arrival time)
  Source:                 state_sginv_reg[0]/C
                            (rising edge-triggered cell FDRE clocked by clk  {rise@0.000ns fall@2.250ns period=4.500ns})
  Destination:            berexp_inst/cmp_exp_x/refill_uniform_buf_instance/refill_buf_reg[3][6]/CE
                            (rising edge-triggered cell FDRE clocked by clk  {rise@0.000ns fall@2.250ns period=4.500ns})
  Path Group:             clk
  Path Type:              Setup (Max at Slow Process Corner)
  Requirement:            4.500ns  (clk rise@4.500ns - clk rise@0.000ns)
  Data Path Delay:        4.375ns  (logic 1.365ns (31.203%)  route 3.010ns (68.797%))
  Logic Levels:           13  (LUT4=1 LUT6=12)
  Clock Path Skew:        -0.008ns (DCD - SCD + CPR)
    Destination Clock Delay (DCD):    0.021ns = ( 4.521 - 4.500 ) 
    Source Clock Delay      (SCD):    0.029ns
    Clock Pessimism Removal (CPR):    0.000ns
  Clock Uncertainty:      0.035ns  ((TSJ^2 + TIJ^2)^1/2 + DJ) / 2 + PE
    Total System Jitter     (TSJ):    0.071ns
    Total Input Jitter      (TIJ):    0.000ns
    Discrete Jitter          (DJ):    0.000ns
    Phase Error              (PE):    0.000ns

    Location             Delay type                Incr(ns)  Path(ns)    Netlist Resource(s)
  -------------------------------------------------------------------    -------------------
                         (clock clk rise edge)        0.000     0.000 r  
                                                      0.000     0.000 r  clk (IN)
                         net (fo=3683, unset)         0.029     0.029    clk
    SLICE_X90Y313        FDRE                                         r  state_sginv_reg[0]/C
  -------------------------------------------------------------------    -------------------
    SLICE_X90Y313        FDRE (Prop_FFF_SLICEL_C_Q)
                                                      0.079     0.108 r  state_sginv_reg[0]/Q
                         net (fo=62, routed)          0.311     0.419    fp_mul_E/ccs_reg[15]_i_9_1
    SLICE_X88Y312        LUT6 (Prop_E6LUT_SLICEM_I2_O)
                                                      0.124     0.543 r  fp_mul_E/ccs_reg[64]_i_16/O
                         net (fo=53, routed)          0.244     0.786    fp_mul_E/berexp_inst/exp_x_or_ccs[61]
    SLICE_X90Y313        LUT6 (Prop_G6LUT_SLICEL_I4_O)
                                                      0.149     0.935 r  fp_mul_E/ccs_reg[49]_i_12/O
                         net (fo=4, routed)           0.255     1.190    fp_mul_E/ccs_reg[49]_i_12_n_0
    SLICE_X91Y316        LUT6 (Prop_F6LUT_SLICEL_I5_O)
                                                      0.089     1.279 r  fp_mul_E/ccs_reg[48]_i_4/O
                         net (fo=3, routed)           0.178     1.457    fp_mul_E/ccs_reg[48]_i_4_n_0
    SLICE_X89Y317        LUT6 (Prop_H6LUT_SLICEM_I0_O)
                                                      0.152     1.609 r  fp_mul_E/ccs_reg[48]_i_3/O
                         net (fo=3, routed)           0.254     1.863    fp_mul_E/ccs_reg[48]_i_3_n_0
    SLICE_X88Y319        LUT6 (Prop_C6LUT_SLICEM_I2_O)
                                                      0.145     2.008 r  fp_mul_E/ccs_reg[32]_i_1/O
                         net (fo=3, routed)           0.246     2.254    berexp_inst/cmp_exp_x/refill_uniform_buf_instance/hotbits[3].par2ser/D[11]
    SLICE_X86Y320        LUT4 (Prop_E6LUT_SLICEM_I1_O)
                                                      0.100     2.354 r  berexp_inst/cmp_exp_x/refill_uniform_buf_instance/hotbits[3].par2ser/refill_exp\\.refill_req_INST_0_i_160/O
                         net (fo=2, routed)           0.259     2.613    fp_mul_E/sample_z1[31]_i_41_0
    SLICE_X84Y321        LUT6 (Prop_C6LUT_SLICEM_I4_O)
                                                      0.088     2.701 f  fp_mul_E/refill_exp\\.refill_req_INST_0_i_101/O
                         net (fo=1, routed)           0.159     2.860    fp_mul_E/refill_exp\\.refill_req_INST_0_i_101_n_0
    SLICE_X86Y324        LUT6 (Prop_G6LUT_SLICEM_I3_O)
                                                      0.037     2.897 f  fp_mul_E/refill_exp\\.refill_req_INST_0_i_37/O
                         net (fo=1, routed)           0.146     3.043    fp_mul_E/refill_exp\\.refill_req_INST_0_i_37_n_0
    SLICE_X86Y324        LUT6 (Prop_F6LUT_SLICEM_I5_O)
                                                      0.123     3.166 r  fp_mul_E/refill_exp\\.refill_req_INST_0_i_8/O
                         net (fo=15, routed)          0.173     3.340    fp_mul_E/refill_exp\\.refill_req_INST_0_i_8_n_0
    SLICE_X88Y323        LUT6 (Prop_H6LUT_SLICEM_I4_O)
                                                      0.053     3.393 f  fp_mul_E/count[2]_i_4__1/O
                         net (fo=12, routed)          0.208     3.601    berexp_inst/cmp_exp_x/refill_uniform_buf_instance/hotbits[1].par2ser/count_reg[2]_0
    SLICE_X88Y326        LUT6 (Prop_G6LUT_SLICEM_I4_O)
                                                      0.052     3.653 r  berexp_inst/cmp_exp_x/refill_uniform_buf_instance/hotbits[1].par2ser/refill_exp\\.refill_req_INST_0_i_13/O
                         net (fo=33, routed)          0.205     3.858    berexp_inst/cmp_exp_x/refill_uniform_buf_instance/hotbits[2].par2ser/shiftreg_reg[0]_1
    SLICE_X91Y325        LUT6 (Prop_C6LUT_SLICEL_I2_O)
                                                      0.123     3.981 r  berexp_inst/cmp_exp_x/refill_uniform_buf_instance/hotbits[2].par2ser/refill_exp\\.refill_req_INST_0_i_2/O
                         net (fo=11, routed)          0.211     4.192    fp_mul_E/refill_buf_reg[3][7]
    SLICE_X93Y323        LUT6 (Prop_F6LUT_SLICEM_I4_O)
                                                      0.051     4.243 r  fp_mul_E/refill_buf[3][7]_i_1__0/O
                         net (fo=8, routed)           0.161     4.404    berexp_inst/cmp_exp_x/refill_uniform_buf_instance/refill_buf_reg[3][7]_0[0]
    SLICE_X93Y323        FDRE                                         r  berexp_inst/cmp_exp_x/refill_uniform_buf_instance/refill_buf_reg[3][6]/CE
  -------------------------------------------------------------------    -------------------

                         (clock clk rise edge)        4.500     4.500 r  
                                                      0.000     4.500 r  clk (IN)
                         net (fo=3683, unset)         0.021     4.521    berexp_inst/cmp_exp_x/refill_uniform_buf_instance/clk
    SLICE_X93Y323        FDRE                                         r  berexp_inst/cmp_exp_x/refill_uniform_buf_instance/refill_buf_reg[3][6]/C
                         clock pessimism              0.000     4.521    
                         clock uncertainty           -0.035     4.486    
    SLICE_X93Y323        FDRE (Setup_HFF_SLICEM_C_CE)
                                                     -0.061     4.425    berexp_inst/cmp_exp_x/refill_uniform_buf_instance/refill_buf_reg[3][6]
  -------------------------------------------------------------------
                         required time                          4.425    
                         arrival time                          -4.404    
  -------------------------------------------------------------------
                         slack                                  0.021    

Slack (MET) :             0.041ns  (required time - arrival time)
  Source:                 <hidden>
                            (rising edge-triggered cell FDRE clocked by clk  {rise@0.000ns fall@2.250ns period=4.500ns})
  Destination:            <hidden>
                            (rising edge-triggered cell FDRE clocked by clk  {rise@0.000ns fall@2.250ns period=4.500ns})
  Path Group:             clk
  Path Type:              Setup (Max at Slow Process Corner)
  Requirement:            4.500ns  (clk rise@4.500ns - clk rise@0.000ns)
  Data Path Delay:        4.439ns  (logic 2.080ns (46.860%)  route 2.359ns (53.140%))
  Logic Levels:           19  (CARRY8=3 DSP_ALU=1 DSP_OUTPUT=1 LUT2=2 LUT3=1 LUT4=1 LUT5=2 LUT6=6 MUXF7=1 MUXF8=1)
  Clock Path Skew:        -0.010ns (DCD - SCD + CPR)
    Destination Clock Delay (DCD):    0.020ns = ( 4.520 - 4.500 ) 
    Source Clock Delay      (SCD):    0.030ns
    Clock Pessimism Removal (CPR):    0.000ns
  Clock Uncertainty:      0.035ns  ((TSJ^2 + TIJ^2)^1/2 + DJ) / 2 + PE
    Total System Jitter     (TSJ):    0.071ns
    Total Input Jitter      (TIJ):    0.000ns
    Discrete Jitter          (DJ):    0.000ns
    Phase Error              (PE):    0.000ns

    Location             Delay type                Incr(ns)  Path(ns)    Netlist Resource(s)
  -------------------------------------------------------------------    -------------------
                         (clock clk rise edge)        0.000     0.000 r  
                                                      0.000     0.000 r  clk (IN)
                         net (fo=3683, unset)         0.030     0.030    <hidden>
    SLICE_X94Y114        FDRE                                         r  <hidden>
  -------------------------------------------------------------------    -------------------
    SLICE_X94Y114        FDRE (Prop_HFF_SLICEM_C_Q)
                                                      0.079     0.109 r  <hidden>
                         net (fo=5, routed)           0.170     0.279    <hidden>
    SLICE_X92Y114        LUT3 (Prop_E6LUT_SLICEL_I2_O)
                                                      0.051     0.330 r  <hidden>
                         net (fo=108, routed)         0.271     0.602    <hidden>
    SLICE_X90Y115        LUT6 (Prop_H6LUT_SLICEL_I4_O)
                                                      0.099     0.701 f  <hidden>
                         net (fo=4, routed)           0.265     0.966    <hidden>
    SLICE_X93Y115        LUT4 (Prop_H6LUT_SLICEM_I0_O)
                                                      0.101     1.067 r  <hidden>
                         net (fo=1, routed)           0.015     1.082    <hidden>
    SLICE_X93Y115        CARRY8 (Prop_CARRY8_SLICEM_S[7]_CO[7])
                                                      0.124     1.206 f  <hidden>
                         net (fo=2, routed)           0.005     1.211    <hidden>
    SLICE_X93Y116        CARRY8 (Prop_CARRY8_SLICEM_CI_CO[4])
                                                      0.092     1.303 f  <hidden>
                         net (fo=2, routed)           0.127     1.430    <hidden>
    SLICE_X92Y116        LUT6 (Prop_G6LUT_SLICEL_I4_O)
                                                      0.089     1.519 f  <hidden>
                         net (fo=1, routed)           0.192     1.711    <hidden>
    SLICE_X92Y113        LUT5 (Prop_E6LUT_SLICEL_I2_O)
                                                      0.035     1.746 f  <hidden>
                         net (fo=1, routed)           0.042     1.788    <hidden>
    SLICE_X92Y113        LUT6 (Prop_A6LUT_SLICEL_I0_O)
                                                      0.050     1.838 f  <hidden>
                         net (fo=1, routed)           0.009     1.847    <hidden>
    SLICE_X92Y113        MUXF7 (Prop_F7MUX_AB_SLICEL_I1_O)
                                                      0.057     1.904 f  <hidden>
                         net (fo=1, routed)           0.000     1.904    <hidden>
    SLICE_X92Y113        MUXF8 (Prop_F8MUX_BOT_SLICEL_I1_O)
                                                      0.033     1.937 f  <hidden>
                         net (fo=2, routed)           0.137     2.074    <hidden>
    SLICE_X92Y116        LUT2 (Prop_B6LUT_SLICEL_I1_O)
                                                      0.036     2.110 r  <hidden>
                         net (fo=1, routed)           0.267     2.377    <hidden>
    DSP48E2_X12Y49       DSP_ALU (Prop_DSP_ALU_DSP48E2_CARRYIN_ALU_OUT[47])
                                                      0.517     2.894 f  <hidden>
                         net (fo=1, routed)           0.000     2.894    <hidden>
    DSP48E2_X12Y49       DSP_OUTPUT (Prop_DSP_OUTPUT_DSP48E2_ALU_OUT[47]_P[47])
                                                      0.109     3.003 r  <hidden>
                         net (fo=16, routed)          0.250     3.253    <hidden>
    SLICE_X92Y121        LUT5 (Prop_C6LUT_SLICEL_I3_O)
                                                      0.123     3.376 f  <hidden>
                         net (fo=2, routed)           0.090     3.466    <hidden>
    SLICE_X90Y121        LUT6 (Prop_B6LUT_SLICEL_I5_O)
                                                      0.036     3.502 r  <hidden>
                         net (fo=1, routed)           0.009     3.511    <hidden>
    SLICE_X90Y121        CARRY8 (Prop_CARRY8_SLICEL_S[1]_CO[7])
                                                      0.200     3.711 r  <hidden>
                         net (fo=67, routed)          0.208     3.919    <hidden>
    SLICE_X91Y121        LUT2 (Prop_E6LUT_SLICEL_I0_O)
                                                      0.035     3.954 r  <hidden>
                         net (fo=7, routed)           0.112     4.066    <hidden>
    SLICE_X91Y120        LUT6 (Prop_H6LUT_SLICEL_I4_O)
                                                      0.124     4.190 r  <hidden>
                         net (fo=1, routed)           0.141     4.331    <hidden>
    SLICE_X91Y120        LUT6 (Prop_A6LUT_SLICEL_I0_O)
                                                      0.090     4.421 r  <hidden>
                         net (fo=1, routed)           0.048     4.469    <hidden>
    SLICE_X91Y120        FDRE                                         r  <hidden>
  -------------------------------------------------------------------    -------------------

                         (clock clk rise edge)        4.500     4.500 r  
                                                      0.000     4.500 r  clk (IN)
                         net (fo=3683, unset)         0.020     4.520    <hidden>
    SLICE_X91Y120        FDRE                                         r  <hidden>
                         clock pessimism              0.000     4.520    
                         clock uncertainty           -0.035     4.485    
    SLICE_X91Y120        FDRE (Setup_AFF_SLICEL_C_D)
                                                      0.025     4.510    <hidden>
  -------------------------------------------------------------------
                         required time                          4.510    
                         arrival time                          -4.469    
  -------------------------------------------------------------------
                         slack                                  0.041    

Slack (MET) :             0.041ns  (required time - arrival time)
  Source:                 state_sginv_reg[0]/C
                            (rising edge-triggered cell FDRE clocked by clk  {rise@0.000ns fall@2.250ns period=4.500ns})
  Destination:            berexp_inst/cmp_exp_x/refill_uniform_buf_instance/refill_buf_reg[2][1]/CE
                            (rising edge-triggered cell FDRE clocked by clk  {rise@0.000ns fall@2.250ns period=4.500ns})
  Path Group:             clk
  Path Type:              Setup (Max at Slow Process Corner)
  Requirement:            4.500ns  (clk rise@4.500ns - clk rise@0.000ns)
  Data Path Delay:        4.355ns  (logic 1.363ns (31.300%)  route 2.992ns (68.700%))
  Logic Levels:           13  (LUT4=1 LUT5=1 LUT6=11)
  Clock Path Skew:        -0.009ns (DCD - SCD + CPR)
    Destination Clock Delay (DCD):    0.020ns = ( 4.520 - 4.500 ) 
    Source Clock Delay      (SCD):    0.029ns
    Clock Pessimism Removal (CPR):    0.000ns
  Clock Uncertainty:      0.035ns  ((TSJ^2 + TIJ^2)^1/2 + DJ) / 2 + PE
    Total System Jitter     (TSJ):    0.071ns
    Total Input Jitter      (TIJ):    0.000ns
    Discrete Jitter          (DJ):    0.000ns
    Phase Error              (PE):    0.000ns

    Location             Delay type                Incr(ns)  Path(ns)    Netlist Resource(s)
  -------------------------------------------------------------------    -------------------
                         (clock clk rise edge)        0.000     0.000 r  
                                                      0.000     0.000 r  clk (IN)
                         net (fo=3683, unset)         0.029     0.029    clk
    SLICE_X90Y313        FDRE                                         r  state_sginv_reg[0]/C
  -------------------------------------------------------------------    -------------------
    SLICE_X90Y313        FDRE (Prop_FFF_SLICEL_C_Q)
                                                      0.079     0.108 r  state_sginv_reg[0]/Q
                         net (fo=62, routed)          0.311     0.419    fp_mul_E/ccs_reg[15]_i_9_1
    SLICE_X88Y312        LUT6 (Prop_E6LUT_SLICEM_I2_O)
                                                      0.124     0.543 r  fp_mul_E/ccs_reg[64]_i_16/O
                         net (fo=53, routed)          0.244     0.786    fp_mul_E/berexp_inst/exp_x_or_ccs[61]
    SLICE_X90Y313        LUT6 (Prop_G6LUT_SLICEL_I4_O)
                                                      0.149     0.935 r  fp_mul_E/ccs_reg[49]_i_12/O
                         net (fo=4, routed)           0.255     1.190    fp_mul_E/ccs_reg[49]_i_12_n_0
    SLICE_X91Y316        LUT6 (Prop_F6LUT_SLICEL_I5_O)
                                                      0.089     1.279 r  fp_mul_E/ccs_reg[48]_i_4/O
                         net (fo=3, routed)           0.178     1.457    fp_mul_E/ccs_reg[48]_i_4_n_0
    SLICE_X89Y317        LUT6 (Prop_H6LUT_SLICEM_I0_O)
                                                      0.152     1.609 r  fp_mul_E/ccs_reg[48]_i_3/O
                         net (fo=3, routed)           0.254     1.863    fp_mul_E/ccs_reg[48]_i_3_n_0
    SLICE_X88Y319        LUT6 (Prop_C6LUT_SLICEM_I2_O)
                                                      0.145     2.008 r  fp_mul_E/ccs_reg[32]_i_1/O
                         net (fo=3, routed)           0.246     2.254    berexp_inst/cmp_exp_x/refill_uniform_buf_instance/hotbits[3].par2ser/D[11]
    SLICE_X86Y320        LUT4 (Prop_E6LUT_SLICEM_I1_O)
                                                      0.100     2.354 r  berexp_inst/cmp_exp_x/refill_uniform_buf_instance/hotbits[3].par2ser/refill_exp\\.refill_req_INST_0_i_160/O
                         net (fo=2, routed)           0.259     2.613    fp_mul_E/sample_z1[31]_i_41_0
    SLICE_X84Y321        LUT6 (Prop_C6LUT_SLICEM_I4_O)
                                                      0.088     2.701 f  fp_mul_E/refill_exp\\.refill_req_INST_0_i_101/O
                         net (fo=1, routed)           0.159     2.860    fp_mul_E/refill_exp\\.refill_req_INST_0_i_101_n_0
    SLICE_X86Y324        LUT6 (Prop_G6LUT_SLICEM_I3_O)
                                                      0.037     2.897 f  fp_mul_E/refill_exp\\.refill_req_INST_0_i_37/O
                         net (fo=1, routed)           0.146     3.043    fp_mul_E/refill_exp\\.refill_req_INST_0_i_37_n_0
    SLICE_X86Y324        LUT6 (Prop_F6LUT_SLICEM_I5_O)
                                                      0.123     3.166 r  fp_mul_E/refill_exp\\.refill_req_INST_0_i_8/O
                         net (fo=15, routed)          0.173     3.340    fp_mul_E/refill_exp\\.refill_req_INST_0_i_8_n_0
    SLICE_X88Y323        LUT6 (Prop_H6LUT_SLICEM_I4_O)
                                                      0.053     3.393 f  fp_mul_E/count[2]_i_4__1/O
                         net (fo=12, routed)          0.208     3.601    berexp_inst/cmp_exp_x/refill_uniform_buf_instance/hotbits[1].par2ser/count_reg[2]_0
    SLICE_X88Y326        LUT6 (Prop_G6LUT_SLICEM_I4_O)
                                                      0.052     3.653 r  berexp_inst/cmp_exp_x/refill_uniform_buf_instance/hotbits[1].par2ser/refill_exp\\.refill_req_INST_0_i_13/O
                         net (fo=33, routed)          0.205     3.858    berexp_inst/cmp_exp_x/refill_uniform_buf_instance/hotbits[2].par2ser/shiftreg_reg[0]_1
    SLICE_X91Y325        LUT6 (Prop_C6LUT_SLICEL_I2_O)
                                                      0.123     3.981 r  berexp_inst/cmp_exp_x/refill_uniform_buf_instance/hotbits[2].par2ser/refill_exp\\.refill_req_INST_0_i_2/O
                         net (fo=11, routed)          0.150     4.131    fp_mul_E/refill_buf_reg[3][7]
    SLICE_X92Y324        LUT5 (Prop_F6LUT_SLICEL_I3_O)
                                                      0.049     4.180 r  fp_mul_E/refill_buf[2][7]_i_1__1/O
                         net (fo=8, routed)           0.204     4.384    berexp_inst/cmp_exp_x/refill_uniform_buf_instance/refill_buf_reg[2][7]_0[0]
    SLICE_X92Y324        FDRE                                         r  berexp_inst/cmp_exp_x/refill_uniform_buf_instance/refill_buf_reg[2][1]/CE
  -------------------------------------------------------------------    -------------------

                         (clock clk rise edge)        4.500     4.500 r  
                                                      0.000     4.500 r  clk (IN)
                         net (fo=3683, unset)         0.020     4.520    berexp_inst/cmp_exp_x/refill_uniform_buf_instance/clk
    SLICE_X92Y324        FDRE                                         r  berexp_inst/cmp_exp_x/refill_uniform_buf_instance/refill_buf_reg[2][1]/C
                         clock pessimism              0.000     4.520    
                         clock uncertainty           -0.035     4.485    
    SLICE_X92Y324        FDRE (Setup_EFF2_SLICEL_C_CE)
                                                     -0.060     4.425    berexp_inst/cmp_exp_x/refill_uniform_buf_instance/refill_buf_reg[2][1]
  -------------------------------------------------------------------
                         required time                          4.425    
                         arrival time                          -4.384    
  -------------------------------------------------------------------
                         slack                                  0.041    





Min Delay Paths
--------------------------------------------------------------------------------------
Slack (MET) :             0.044ns  (arrival time - required time)
  Source:                 base_sampler/refill_uniform_buf_instance/refill_buf_reg[3][6]/C
                            (rising edge-triggered cell FDRE clocked by clk  {rise@0.000ns fall@2.250ns period=4.500ns})
  Destination:            base_sampler/refill_uniform_buf_instance/out_buf_reg[3][6]/D
                            (rising edge-triggered cell FDRE clocked by clk  {rise@0.000ns fall@2.250ns period=4.500ns})
  Path Group:             clk
  Path Type:              Hold (Min at Fast Process Corner)
  Requirement:            0.000ns  (clk rise@0.000ns - clk rise@0.000ns)
  Data Path Delay:        0.097ns  (logic 0.039ns (40.206%)  route 0.058ns (59.794%))
  Logic Levels:           0  
  Clock Path Skew:        0.006ns (DCD - SCD - CPR)
    Destination Clock Delay (DCD):    0.019ns
    Source Clock Delay      (SCD):    0.013ns
    Clock Pessimism Removal (CPR):    -0.000ns

    Location             Delay type                Incr(ns)  Path(ns)    Netlist Resource(s)
  -------------------------------------------------------------------    -------------------
                         (clock clk rise edge)        0.000     0.000 r  
                                                      0.000     0.000 r  clk (IN)
                         net (fo=3683, unset)         0.013     0.013    base_sampler/refill_uniform_buf_instance/clk
    SLICE_X82Y117        FDRE                                         r  base_sampler/refill_uniform_buf_instance/refill_buf_reg[3][6]/C
  -------------------------------------------------------------------    -------------------
    SLICE_X82Y117        FDRE (Prop_HFF_SLICEL_C_Q)
                                                      0.039     0.052 r  base_sampler/refill_uniform_buf_instance/refill_buf_reg[3][6]/Q
                         net (fo=1, routed)           0.058     0.110    base_sampler/refill_uniform_buf_instance/refill_buf_reg[3]_5[6]
    SLICE_X82Y115        FDRE                                         r  base_sampler/refill_uniform_buf_instance/out_buf_reg[3][6]/D
  -------------------------------------------------------------------    -------------------

                         (clock clk rise edge)        0.000     0.000 r  
                                                      0.000     0.000 r  clk (IN)
                         net (fo=3683, unset)         0.019     0.019    base_sampler/refill_uniform_buf_instance/clk
    SLICE_X82Y115        FDRE                                         r  base_sampler/refill_uniform_buf_instance/out_buf_reg[3][6]/C
                         clock pessimism              0.000     0.019    
    SLICE_X82Y115        FDRE (Hold_GFF2_SLICEL_C_D)
                                                      0.047     0.066    base_sampler/refill_uniform_buf_instance/out_buf_reg[3][6]
  -------------------------------------------------------------------
                         required time                         -0.066    
                         arrival time                           0.110    
  -------------------------------------------------------------------
                         slack                                  0.044    

Slack (MET) :             0.048ns  (arrival time - required time)
  Source:                 berexp_inst/cmp_exp_x/refill_uniform_buf_instance/hotbits[0].par2ser/count_reg[2]/C
                            (rising edge-triggered cell FDRE clocked by clk  {rise@0.000ns fall@2.250ns period=4.500ns})
  Destination:            berexp_inst/cmp_exp_x/refill_uniform_buf_instance/hotbits[0].par2ser/count_reg[2]/D
                            (rising edge-triggered cell FDRE clocked by clk  {rise@0.000ns fall@2.250ns period=4.500ns})
  Path Group:             clk
  Path Type:              Hold (Min at Fast Process Corner)
  Requirement:            0.000ns  (clk rise@0.000ns - clk rise@0.000ns)
  Data Path Delay:        0.100ns  (logic 0.053ns (53.250%)  route 0.047ns (46.750%))
  Logic Levels:           1  (LUT5=1)
  Clock Path Skew:        0.006ns (DCD - SCD - CPR)
    Destination Clock Delay (DCD):    0.018ns
    Source Clock Delay      (SCD):    0.012ns
    Clock Pessimism Removal (CPR):    -0.000ns

    Location             Delay type                Incr(ns)  Path(ns)    Netlist Resource(s)
  -------------------------------------------------------------------    -------------------
                         (clock clk rise edge)        0.000     0.000 r  
                                                      0.000     0.000 r  clk (IN)
                         net (fo=3683, unset)         0.012     0.012    berexp_inst/cmp_exp_x/refill_uniform_buf_instance/hotbits[0].par2ser/clk
    SLICE_X87Y327        FDRE                                         r  berexp_inst/cmp_exp_x/refill_uniform_buf_instance/hotbits[0].par2ser/count_reg[2]/C
  -------------------------------------------------------------------    -------------------
    SLICE_X87Y327        FDRE (Prop_CFF_SLICEL_C_Q)
                                                      0.039     0.051 r  berexp_inst/cmp_exp_x/refill_uniform_buf_instance/hotbits[0].par2ser/count_reg[2]/Q
                         net (fo=9, routed)           0.030     0.081    berexp_inst/cmp_exp_x/refill_uniform_buf_instance/hotbits[0].par2ser/count_reg_n_0_[2]
    SLICE_X87Y327        LUT5 (Prop_C6LUT_SLICEL_I2_O)
                                                      0.014     0.095 r  berexp_inst/cmp_exp_x/refill_uniform_buf_instance/hotbits[0].par2ser/count[2]_i_2__8/O
                         net (fo=1, routed)           0.017     0.112    berexp_inst/cmp_exp_x/refill_uniform_buf_instance/hotbits[0].par2ser/count[2]_i_2__8_n_0
    SLICE_X87Y327        FDRE                                         r  berexp_inst/cmp_exp_x/refill_uniform_buf_instance/hotbits[0].par2ser/count_reg[2]/D
  -------------------------------------------------------------------    -------------------

                         (clock clk rise edge)        0.000     0.000 r  
                                                      0.000     0.000 r  clk (IN)
                         net (fo=3683, unset)         0.018     0.018    berexp_inst/cmp_exp_x/refill_uniform_buf_instance/hotbits[0].par2ser/clk
    SLICE_X87Y327        FDRE                                         r  berexp_inst/cmp_exp_x/refill_uniform_buf_instance/hotbits[0].par2ser/count_reg[2]/C
                         clock pessimism              0.000     0.018    
    SLICE_X87Y327        FDRE (Hold_CFF_SLICEL_C_D)
                                                      0.046     0.064    berexp_inst/cmp_exp_x/refill_uniform_buf_instance/hotbits[0].par2ser/count_reg[2]
  -------------------------------------------------------------------
                         required time                         -0.064    
                         arrival time                           0.112    
  -------------------------------------------------------------------
                         slack                                  0.048    

Slack (MET) :             0.048ns  (arrival time - required time)
  Source:                 berexp_inst/cmp_ccs/refill_uniform_buf_instance/out_buf_valid_reg[1]/C
                            (rising edge-triggered cell FDRE clocked by clk  {rise@0.000ns fall@2.250ns period=4.500ns})
  Destination:            berexp_inst/cmp_ccs/refill_uniform_buf_instance/out_buf_valid_reg[1]/D
                            (rising edge-triggered cell FDRE clocked by clk  {rise@0.000ns fall@2.250ns period=4.500ns})
  Path Group:             clk
  Path Type:              Hold (Min at Fast Process Corner)
  Requirement:            0.000ns  (clk rise@0.000ns - clk rise@0.000ns)
  Data Path Delay:        0.100ns  (logic 0.054ns (54.121%)  route 0.046ns (45.879%))
  Logic Levels:           1  (LUT6=1)
  Clock Path Skew:        0.006ns (DCD - SCD - CPR)
    Destination Clock Delay (DCD):    0.019ns
    Source Clock Delay      (SCD):    0.013ns
    Clock Pessimism Removal (CPR):    -0.000ns

    Location             Delay type                Incr(ns)  Path(ns)    Netlist Resource(s)
  -------------------------------------------------------------------    -------------------
                         (clock clk rise edge)        0.000     0.000 r  
                                                      0.000     0.000 r  clk (IN)
                         net (fo=3683, unset)         0.013     0.013    berexp_inst/cmp_ccs/refill_uniform_buf_instance/clk
    SLICE_X85Y287        FDRE                                         r  berexp_inst/cmp_ccs/refill_uniform_buf_instance/out_buf_valid_reg[1]/C
  -------------------------------------------------------------------    -------------------
    SLICE_X85Y287        FDRE (Prop_HFF_SLICEL_C_Q)
                                                      0.039     0.052 r  berexp_inst/cmp_ccs/refill_uniform_buf_instance/out_buf_valid_reg[1]/Q
                         net (fo=4, routed)           0.029     0.081    berexp_inst/cmp_ccs/refill_uniform_buf_instance/hotbits[1].par2ser/out_buf_valid_reg[7]_1[1]
    SLICE_X85Y287        LUT6 (Prop_H6LUT_SLICEL_I3_O)
                                                      0.015     0.096 r  berexp_inst/cmp_ccs/refill_uniform_buf_instance/hotbits[1].par2ser/out_buf_valid[1]_i_1__1/O
                         net (fo=1, routed)           0.017     0.113    berexp_inst/cmp_ccs/refill_uniform_buf_instance/out_buf_valid20_out[1]
    SLICE_X85Y287        FDRE                                         r  berexp_inst/cmp_ccs/refill_uniform_buf_instance/out_buf_valid_reg[1]/D
  -------------------------------------------------------------------    -------------------

                         (clock clk rise edge)        0.000     0.000 r  
                                                      0.000     0.000 r  clk (IN)
                         net (fo=3683, unset)         0.019     0.019    berexp_inst/cmp_ccs/refill_uniform_buf_instance/clk
    SLICE_X85Y287        FDRE                                         r  berexp_inst/cmp_ccs/refill_uniform_buf_instance/out_buf_valid_reg[1]/C
                         clock pessimism              0.000     0.019    
    SLICE_X85Y287        FDRE (Hold_HFF_SLICEL_C_D)
                                                      0.046     0.065    berexp_inst/cmp_ccs/refill_uniform_buf_instance/out_buf_valid_reg[1]
  -------------------------------------------------------------------
                         required time                         -0.065    
                         arrival time                           0.113    
  -------------------------------------------------------------------
                         slack                                  0.048    

Slack (MET) :             0.048ns  (arrival time - required time)
  Source:                 sample_valid_chain_reg[1]/C
                            (rising edge-triggered cell FDRE clocked by clk  {rise@0.000ns fall@2.250ns period=4.500ns})
  Destination:            sample_valid_chain_reg[2]/D
                            (rising edge-triggered cell FDRE clocked by clk  {rise@0.000ns fall@2.250ns period=4.500ns})
  Path Group:             clk
  Path Type:              Hold (Min at Fast Process Corner)
  Requirement:            0.000ns  (clk rise@0.000ns - clk rise@0.000ns)
  Data Path Delay:        0.101ns  (logic 0.072ns (71.287%)  route 0.029ns (28.713%))
  Logic Levels:           1  (LUT2=1)
  Clock Path Skew:        0.006ns (DCD - SCD - CPR)
    Destination Clock Delay (DCD):    0.018ns
    Source Clock Delay      (SCD):    0.012ns
    Clock Pessimism Removal (CPR):    -0.000ns

    Location             Delay type                Incr(ns)  Path(ns)    Netlist Resource(s)
  -------------------------------------------------------------------    -------------------
                         (clock clk rise edge)        0.000     0.000 r  
                                                      0.000     0.000 r  clk (IN)
                         net (fo=3683, unset)         0.012     0.012    clk
    SLICE_X90Y127        FDRE                                         r  sample_valid_chain_reg[1]/C
  -------------------------------------------------------------------    -------------------
    SLICE_X90Y127        FDRE (Prop_DFF_SLICEL_C_Q)
                                                      0.039     0.051 r  sample_valid_chain_reg[1]/Q
                         net (fo=1, routed)           0.023     0.074    sample_valid_chain_reg_n_0_[1]
    SLICE_X90Y127        LUT2 (Prop_D5LUT_SLICEL_I0_O)
                                                      0.033     0.107 r  sample_valid_chain[2]_i_1/O
                         net (fo=1, routed)           0.006     0.113    sample_valid_chain[2]_i_1_n_0
    SLICE_X90Y127        FDRE                                         r  sample_valid_chain_reg[2]/D
  -------------------------------------------------------------------    -------------------

                         (clock clk rise edge)        0.000     0.000 r  
                                                      0.000     0.000 r  clk (IN)
                         net (fo=3683, unset)         0.018     0.018    clk
    SLICE_X90Y127        FDRE                                         r  sample_valid_chain_reg[2]/C
                         clock pessimism              0.000     0.018    
    SLICE_X90Y127        FDRE (Hold_DFF2_SLICEL_C_D)
                                                      0.047     0.065    sample_valid_chain_reg[2]
  -------------------------------------------------------------------
                         required time                         -0.065    
                         arrival time                           0.113    
  -------------------------------------------------------------------
                         slack                                  0.048    

Slack (MET) :             0.048ns  (arrival time - required time)
  Source:                 berexp_inst/cmp_ccs/refill_uniform_buf_instance/refill_buf_reg[7][2]/C
                            (rising edge-triggered cell FDRE clocked by clk  {rise@0.000ns fall@2.250ns period=4.500ns})
  Destination:            berexp_inst/cmp_ccs/refill_uniform_buf_instance/out_buf_reg[7][2]/D
                            (rising edge-triggered cell FDRE clocked by clk  {rise@0.000ns fall@2.250ns period=4.500ns})
  Path Group:             clk
  Path Type:              Hold (Min at Fast Process Corner)
  Requirement:            0.000ns  (clk rise@0.000ns - clk rise@0.000ns)
  Data Path Delay:        0.100ns  (logic 0.037ns (37.000%)  route 0.063ns (63.000%))
  Logic Levels:           0  
  Clock Path Skew:        0.006ns (DCD - SCD - CPR)
    Destination Clock Delay (DCD):    0.019ns
    Source Clock Delay      (SCD):    0.013ns
    Clock Pessimism Removal (CPR):    -0.000ns

    Location             Delay type                Incr(ns)  Path(ns)    Netlist Resource(s)
  -------------------------------------------------------------------    -------------------
                         (clock clk rise edge)        0.000     0.000 r  
                                                      0.000     0.000 r  clk (IN)
                         net (fo=3683, unset)         0.013     0.013    berexp_inst/cmp_ccs/refill_uniform_buf_instance/clk
    SLICE_X84Y289        FDRE                                         r  berexp_inst/cmp_ccs/refill_uniform_buf_instance/refill_buf_reg[7][2]/C
  -------------------------------------------------------------------    -------------------
    SLICE_X84Y289        FDRE (Prop_FFF_SLICEM_C_Q)
                                                      0.037     0.050 r  berexp_inst/cmp_ccs/refill_uniform_buf_instance/refill_buf_reg[7][2]/Q
                         net (fo=1, routed)           0.063     0.113    berexp_inst/cmp_ccs/refill_uniform_buf_instance/refill_buf_reg[7]_17[2]
    SLICE_X85Y289        FDRE                                         r  berexp_inst/cmp_ccs/refill_uniform_buf_instance/out_buf_reg[7][2]/D
  -------------------------------------------------------------------    -------------------

                         (clock clk rise edge)        0.000     0.000 r  
                                                      0.000     0.000 r  clk (IN)
                         net (fo=3683, unset)         0.019     0.019    berexp_inst/cmp_ccs/refill_uniform_buf_instance/clk
    SLICE_X85Y289        FDRE                                         r  berexp_inst/cmp_ccs/refill_uniform_buf_instance/out_buf_reg[7][2]/C
                         clock pessimism              0.000     0.019    
    SLICE_X85Y289        FDRE (Hold_GFF_SLICEL_C_D)
                                                      0.046     0.065    berexp_inst/cmp_ccs/refill_uniform_buf_instance/out_buf_reg[7][2]
  -------------------------------------------------------------------
                         required time                         -0.065    
                         arrival time                           0.113    
  -------------------------------------------------------------------
                         slack                                  0.048    

Slack (MET) :             0.048ns  (arrival time - required time)
  Source:                 z0_reg[b]/C
                            (rising edge-triggered cell FDRE clocked by clk  {rise@0.000ns fall@2.250ns period=4.500ns})
  Destination:            berexp_inst/z_delay/shiftreg_reg[7][b]_srl17/D
                            (rising edge-triggered cell SRLC32E clocked by clk  {rise@0.000ns fall@2.250ns period=4.500ns})
  Path Group:             clk
  Path Type:              Hold (Min at Fast Process Corner)
  Requirement:            0.000ns  (clk rise@0.000ns - clk rise@0.000ns)
  Data Path Delay:        0.136ns  (logic 0.039ns (28.654%)  route 0.097ns (71.346%))
  Logic Levels:           0  
  Clock Path Skew:        0.026ns (DCD - SCD - CPR)
    Destination Clock Delay (DCD):    0.039ns
    Source Clock Delay      (SCD):    0.013ns
    Clock Pessimism Removal (CPR):    -0.000ns

    Location             Delay type                Incr(ns)  Path(ns)    Netlist Resource(s)
  -------------------------------------------------------------------    -------------------
                         (clock clk rise edge)        0.000     0.000 r  
                                                      0.000     0.000 r  clk (IN)
                         net (fo=3683, unset)         0.013     0.013    clk
    SLICE_X86Y126        FDRE                                         r  z0_reg[b]/C
  -------------------------------------------------------------------    -------------------
    SLICE_X86Y126        FDRE (Prop_AFF2_SLICEM_C_Q)
                                                      0.039     0.052 r  z0_reg[b]/Q
                         net (fo=10, routed)          0.097     0.149    berexp_inst/z_delay/z0_reg[b]__0
    SLICE_X88Y122        SRLC32E                                      r  berexp_inst/z_delay/shiftreg_reg[7][b]_srl17/D
  -------------------------------------------------------------------    -------------------

                         (clock clk rise edge)        0.000     0.000 r  
                                                      0.000     0.000 r  clk (IN)
                         net (fo=3683, unset)         0.039     0.039    berexp_inst/z_delay/clk
    SLICE_X88Y122        SRLC32E                                      r  berexp_inst/z_delay/shiftreg_reg[7][b]_srl17/CLK
                         clock pessimism              0.000     0.039    
    SLICE_X88Y122        SRLC32E (Hold_H6LUT_SLICEM_CLK_D)
                                                      0.062     0.101    berexp_inst/z_delay/shiftreg_reg[7][b]_srl17
  -------------------------------------------------------------------
                         required time                         -0.101    
                         arrival time                           0.149    
  -------------------------------------------------------------------
                         slack                                  0.048    

Slack (MET) :             0.049ns  (arrival time - required time)
  Source:                 base_sampler/refill_uniform_buf_instance/hotbits[1].par2ser/shiftreg_reg[5]/C
                            (rising edge-triggered cell FDRE clocked by clk  {rise@0.000ns fall@2.250ns period=4.500ns})
  Destination:            base_sampler/refill_uniform_buf_instance/hotbits[1].par2ser/shiftreg_reg[4]/D
                            (rising edge-triggered cell FDRE clocked by clk  {rise@0.000ns fall@2.250ns period=4.500ns})
  Path Group:             clk
  Path Type:              Hold (Min at Fast Process Corner)
  Requirement:            0.000ns  (clk rise@0.000ns - clk rise@0.000ns)
  Data Path Delay:        0.101ns  (logic 0.062ns (61.386%)  route 0.039ns (38.614%))
  Logic Levels:           1  (LUT5=1)
  Clock Path Skew:        0.006ns (DCD - SCD - CPR)
    Destination Clock Delay (DCD):    0.018ns
    Source Clock Delay      (SCD):    0.012ns
    Clock Pessimism Removal (CPR):    -0.000ns

    Location             Delay type                Incr(ns)  Path(ns)    Netlist Resource(s)
  -------------------------------------------------------------------    -------------------
                         (clock clk rise edge)        0.000     0.000 r  
                                                      0.000     0.000 r  clk (IN)
                         net (fo=3683, unset)         0.012     0.012    base_sampler/refill_uniform_buf_instance/hotbits[1].par2ser/clk
    SLICE_X85Y125        FDRE                                         r  base_sampler/refill_uniform_buf_instance/hotbits[1].par2ser/shiftreg_reg[5]/C
  -------------------------------------------------------------------    -------------------
    SLICE_X85Y125        FDRE (Prop_AFF_SLICEL_C_Q)
                                                      0.039     0.051 r  base_sampler/refill_uniform_buf_instance/hotbits[1].par2ser/shiftreg_reg[5]/Q
                         net (fo=1, routed)           0.024     0.075    base_sampler/refill_uniform_buf_instance/hotbits[1].par2ser/shiftreg__0[5]
    SLICE_X85Y125        LUT5 (Prop_B6LUT_SLICEL_I4_O)
                                                      0.023     0.098 r  base_sampler/refill_uniform_buf_instance/hotbits[1].par2ser/shiftreg[4]_i_1__3/O
                         net (fo=1, routed)           0.015     0.113    base_sampler/refill_uniform_buf_instance/hotbits[1].par2ser/shiftreg[4]_i_1__3_n_0
    SLICE_X85Y125        FDRE                                         r  base_sampler/refill_uniform_buf_instance/hotbits[1].par2ser/shiftreg_reg[4]/D
  -------------------------------------------------------------------    -------------------

                         (clock clk rise edge)        0.000     0.000 r  
                                                      0.000     0.000 r  clk (IN)
                         net (fo=3683, unset)         0.018     0.018    base_sampler/refill_uniform_buf_instance/hotbits[1].par2ser/clk
    SLICE_X85Y125        FDRE                                         r  base_sampler/refill_uniform_buf_instance/hotbits[1].par2ser/shiftreg_reg[4]/C
                         clock pessimism              0.000     0.018    
    SLICE_X85Y125        FDRE (Hold_BFF_SLICEL_C_D)
                                                      0.046     0.064    base_sampler/refill_uniform_buf_instance/hotbits[1].par2ser/shiftreg_reg[4]
  -------------------------------------------------------------------
                         required time                         -0.064    
                         arrival time                           0.113    
  -------------------------------------------------------------------
                         slack                                  0.049    

Slack (MET) :             0.049ns  (arrival time - required time)
  Source:                 base_sampler/refill_uniform_buf_instance/refill_buf_reg[4][4]/C
                            (rising edge-triggered cell FDRE clocked by clk  {rise@0.000ns fall@2.250ns period=4.500ns})
  Destination:            base_sampler/refill_uniform_buf_instance/out_buf_reg[4][4]/D
                            (rising edge-triggered cell FDRE clocked by clk  {rise@0.000ns fall@2.250ns period=4.500ns})
  Path Group:             clk
  Path Type:              Hold (Min at Fast Process Corner)
  Requirement:            0.000ns  (clk rise@0.000ns - clk rise@0.000ns)
  Data Path Delay:        0.103ns  (logic 0.039ns (37.864%)  route 0.064ns (62.136%))
  Logic Levels:           0  
  Clock Path Skew:        0.007ns (DCD - SCD - CPR)
    Destination Clock Delay (DCD):    0.019ns
    Source Clock Delay      (SCD):    0.012ns
    Clock Pessimism Removal (CPR):    -0.000ns

    Location             Delay type                Incr(ns)  Path(ns)    Netlist Resource(s)
  -------------------------------------------------------------------    -------------------
                         (clock clk rise edge)        0.000     0.000 r  
                                                      0.000     0.000 r  clk (IN)
                         net (fo=3683, unset)         0.012     0.012    base_sampler/refill_uniform_buf_instance/clk
    SLICE_X82Y114        FDRE                                         r  base_sampler/refill_uniform_buf_instance/refill_buf_reg[4][4]/C
  -------------------------------------------------------------------    -------------------
    SLICE_X82Y114        FDRE (Prop_DFF_SLICEL_C_Q)
                                                      0.039     0.051 r  base_sampler/refill_uniform_buf_instance/refill_buf_reg[4][4]/Q
                         net (fo=1, routed)           0.064     0.115    base_sampler/refill_uniform_buf_instance/refill_buf_reg[4]_6[4]
    SLICE_X83Y114        FDRE                                         r  base_sampler/refill_uniform_buf_instance/out_buf_reg[4][4]/D
  -------------------------------------------------------------------    -------------------

                         (clock clk rise edge)        0.000     0.000 r  
                                                      0.000     0.000 r  clk (IN)
                         net (fo=3683, unset)         0.019     0.019    base_sampler/refill_uniform_buf_instance/clk
    SLICE_X83Y114        FDRE                                         r  base_sampler/refill_uniform_buf_instance/out_buf_reg[4][4]/C
                         clock pessimism              0.000     0.019    
    SLICE_X83Y114        FDRE (Hold_AFF2_SLICEM_C_D)
                                                      0.047     0.066    base_sampler/refill_uniform_buf_instance/out_buf_reg[4][4]
  -------------------------------------------------------------------
                         required time                         -0.066    
                         arrival time                           0.115    
  -------------------------------------------------------------------
                         slack                                  0.049    

Slack (MET) :             0.049ns  (arrival time - required time)
  Source:                 berexp_inst/cmp_ccs/refill_uniform_buf_instance/hotbits[2].par2ser/shiftreg_reg[5]/C
                            (rising edge-triggered cell FDRE clocked by clk  {rise@0.000ns fall@2.250ns period=4.500ns})
  Destination:            berexp_inst/cmp_ccs/refill_uniform_buf_instance/hotbits[2].par2ser/shiftreg_reg[4]/D
                            (rising edge-triggered cell FDRE clocked by clk  {rise@0.000ns fall@2.250ns period=4.500ns})
  Path Group:             clk
  Path Type:              Hold (Min at Fast Process Corner)
  Requirement:            0.000ns  (clk rise@0.000ns - clk rise@0.000ns)
  Data Path Delay:        0.101ns  (logic 0.062ns (61.386%)  route 0.039ns (38.614%))
  Logic Levels:           1  (LUT5=1)
  Clock Path Skew:        0.006ns (DCD - SCD - CPR)
    Destination Clock Delay (DCD):    0.018ns
    Source Clock Delay      (SCD):    0.012ns
    Clock Pessimism Removal (CPR):    -0.000ns

    Location             Delay type                Incr(ns)  Path(ns)    Netlist Resource(s)
  -------------------------------------------------------------------    -------------------
                         (clock clk rise edge)        0.000     0.000 r  
                                                      0.000     0.000 r  clk (IN)
                         net (fo=3683, unset)         0.012     0.012    berexp_inst/cmp_ccs/refill_uniform_buf_instance/hotbits[2].par2ser/clk
    SLICE_X82Y284        FDRE                                         r  berexp_inst/cmp_ccs/refill_uniform_buf_instance/hotbits[2].par2ser/shiftreg_reg[5]/C
  -------------------------------------------------------------------    -------------------
    SLICE_X82Y284        FDRE (Prop_AFF_SLICEL_C_Q)
                                                      0.039     0.051 r  berexp_inst/cmp_ccs/refill_uniform_buf_instance/hotbits[2].par2ser/shiftreg_reg[5]/Q
                         net (fo=1, routed)           0.024     0.075    berexp_inst/cmp_ccs/refill_uniform_buf_instance/hotbits[2].par2ser/shiftreg__1[5]
    SLICE_X82Y284        LUT5 (Prop_B6LUT_SLICEL_I2_O)
                                                      0.023     0.098 r  berexp_inst/cmp_ccs/refill_uniform_buf_instance/hotbits[2].par2ser/shiftreg[4]_i_1__11/O
                         net (fo=1, routed)           0.015     0.113    berexp_inst/cmp_ccs/refill_uniform_buf_instance/hotbits[2].par2ser/shiftreg[4]_i_1__11_n_0
    SLICE_X82Y284        FDRE                                         r  berexp_inst/cmp_ccs/refill_uniform_buf_instance/hotbits[2].par2ser/shiftreg_reg[4]/D
  -------------------------------------------------------------------    -------------------

                         (clock clk rise edge)        0.000     0.000 r  
                                                      0.000     0.000 r  clk (IN)
                         net (fo=3683, unset)         0.018     0.018    berexp_inst/cmp_ccs/refill_uniform_buf_instance/hotbits[2].par2ser/clk
    SLICE_X82Y284        FDRE                                         r  berexp_inst/cmp_ccs/refill_uniform_buf_instance/hotbits[2].par2ser/shiftreg_reg[4]/C
                         clock pessimism              0.000     0.018    
    SLICE_X82Y284        FDRE (Hold_BFF_SLICEL_C_D)
                                                      0.046     0.064    berexp_inst/cmp_ccs/refill_uniform_buf_instance/hotbits[2].par2ser/shiftreg_reg[4]
  -------------------------------------------------------------------
                         required time                         -0.064    
                         arrival time                           0.113    
  -------------------------------------------------------------------
                         slack                                  0.049    

Slack (MET) :             0.049ns  (arrival time - required time)
  Source:                 berexp_inst/cmp_ccs/refill_uniform_buf_instance/hotbits[4].par2ser/shiftreg_reg[3]/C
                            (rising edge-triggered cell FDRE clocked by clk  {rise@0.000ns fall@2.250ns period=4.500ns})
  Destination:            berexp_inst/cmp_ccs/refill_uniform_buf_instance/hotbits[4].par2ser/shiftreg_reg[2]/D
                            (rising edge-triggered cell FDRE clocked by clk  {rise@0.000ns fall@2.250ns period=4.500ns})
  Path Group:             clk
  Path Type:              Hold (Min at Fast Process Corner)
  Requirement:            0.000ns  (clk rise@0.000ns - clk rise@0.000ns)
  Data Path Delay:        0.101ns  (logic 0.061ns (60.396%)  route 0.040ns (39.604%))
  Logic Levels:           1  (LUT6=1)
  Clock Path Skew:        0.006ns (DCD - SCD - CPR)
    Destination Clock Delay (DCD):    0.019ns
    Source Clock Delay      (SCD):    0.013ns
    Clock Pessimism Removal (CPR):    -0.000ns

    Location             Delay type                Incr(ns)  Path(ns)    Netlist Resource(s)
  -------------------------------------------------------------------    -------------------
                         (clock clk rise edge)        0.000     0.000 r  
                                                      0.000     0.000 r  clk (IN)
                         net (fo=3683, unset)         0.013     0.013    berexp_inst/cmp_ccs/refill_uniform_buf_instance/hotbits[4].par2ser/clk
    SLICE_X87Y283        FDRE                                         r  berexp_inst/cmp_ccs/refill_uniform_buf_instance/hotbits[4].par2ser/shiftreg_reg[3]/C
  -------------------------------------------------------------------    -------------------
    SLICE_X87Y283        FDRE (Prop_FFF_SLICEL_C_Q)
                                                      0.039     0.052 r  berexp_inst/cmp_ccs/refill_uniform_buf_instance/hotbits[4].par2ser/shiftreg_reg[3]/Q
                         net (fo=1, routed)           0.024     0.076    berexp_inst/cmp_ccs/refill_uniform_buf_instance/hotbits[4].par2ser/shiftreg__3[3]
    SLICE_X87Y283        LUT6 (Prop_G6LUT_SLICEL_I3_O)
                                                      0.022     0.098 r  berexp_inst/cmp_ccs/refill_uniform_buf_instance/hotbits[4].par2ser/shiftreg[2]_i_1__13/O
                         net (fo=1, routed)           0.016     0.114    berexp_inst/cmp_ccs/refill_uniform_buf_instance/hotbits[4].par2ser/shiftreg[2]_i_1__13_n_0
    SLICE_X87Y283        FDRE                                         r  berexp_inst/cmp_ccs/refill_uniform_buf_instance/hotbits[4].par2ser/shiftreg_reg[2]/D
  -------------------------------------------------------------------    -------------------

                         (clock clk rise edge)        0.000     0.000 r  
                                                      0.000     0.000 r  clk (IN)
                         net (fo=3683, unset)         0.019     0.019    berexp_inst/cmp_ccs/refill_uniform_buf_instance/hotbits[4].par2ser/clk
    SLICE_X87Y283        FDRE                                         r  berexp_inst/cmp_ccs/refill_uniform_buf_instance/hotbits[4].par2ser/shiftreg_reg[2]/C
                         clock pessimism              0.000     0.019    
    SLICE_X87Y283        FDRE (Hold_GFF_SLICEL_C_D)
                                                      0.046     0.065    berexp_inst/cmp_ccs/refill_uniform_buf_instance/hotbits[4].par2ser/shiftreg_reg[2]
  -------------------------------------------------------------------
                         required time                         -0.065    
                         arrival time                           0.114    
  -------------------------------------------------------------------
                         slack                                  0.049    





Pulse Width Checks
--------------------------------------------------------------------------------------
Clock Name:         clk
Waveform(ns):       { 0.000 2.250 }
Period(ns):         4.500
Sources:            { clk }

Check Type        Corner  Lib Pin             Reference Pin  Required(ns)  Actual(ns)  Slack(ns)  Location       Pin
Min Period        n/a     RAMB36E2/CLKARDCLK  n/a            1.355         4.500       3.145      RAMB36_X2Y30   berexp_inst/i_exp_x/inst/exp_helper/ExpATable/compressedTable/Y_diff_d1_reg_0/CLKARDCLK
Min Period        n/a     RAMB18E2/CLKARDCLK  n/a            1.355         4.500       3.145      RAMB18_X2Y62   berexp_inst/i_exp_x/inst/exp_helper/ExpATable/compressedTable/Y_diff_d1_reg_1/CLKARDCLK
Min Period        n/a     SRL16E/CLK          n/a            1.064         4.500       3.436      SLICE_X83Y163  berexp_inst/i_exp_x/inst/K_extended_d5_reg[10]_srl5/CLK
Min Period        n/a     SRL16E/CLK          n/a            1.064         4.500       3.436      SLICE_X83Y163  berexp_inst/i_exp_x/inst/K_extended_d5_reg[11]_srl5/CLK
Min Period        n/a     SRL16E/CLK          n/a            1.064         4.500       3.436      SLICE_X83Y163  berexp_inst/i_exp_x/inst/K_extended_d5_reg[1]_srl5/CLK
Min Period        n/a     SRL16E/CLK          n/a            1.064         4.500       3.436      SLICE_X83Y163  berexp_inst/i_exp_x/inst/K_extended_d5_reg[2]_srl5/CLK
Min Period        n/a     SRL16E/CLK          n/a            1.064         4.500       3.436      SLICE_X83Y163  berexp_inst/i_exp_x/inst/K_extended_d5_reg[3]_srl5/CLK
Min Period        n/a     SRL16E/CLK          n/a            1.064         4.500       3.436      SLICE_X83Y163  berexp_inst/i_exp_x/inst/K_extended_d5_reg[4]_srl5/CLK
Min Period        n/a     SRL16E/CLK          n/a            1.064         4.500       3.436      SLICE_X83Y163  berexp_inst/i_exp_x/inst/K_extended_d5_reg[5]_srl5/CLK
Min Period        n/a     SRL16E/CLK          n/a            1.064         4.500       3.436      SLICE_X83Y163  berexp_inst/i_exp_x/inst/K_extended_d5_reg[6]_srl5/CLK
Low Pulse Width   Slow    RAMB36E2/CLKARDCLK  n/a            0.542         2.250       1.708      RAMB36_X2Y30   berexp_inst/i_exp_x/inst/exp_helper/ExpATable/compressedTable/Y_diff_d1_reg_0/CLKARDCLK
Low Pulse Width   Fast    RAMB36E2/CLKARDCLK  n/a            0.542         2.250       1.708      RAMB36_X2Y30   berexp_inst/i_exp_x/inst/exp_helper/ExpATable/compressedTable/Y_diff_d1_reg_0/CLKARDCLK
Low Pulse Width   Slow    RAMB18E2/CLKARDCLK  n/a            0.542         2.250       1.708      RAMB18_X2Y62   berexp_inst/i_exp_x/inst/exp_helper/ExpATable/compressedTable/Y_diff_d1_reg_1/CLKARDCLK
Low Pulse Width   Fast    RAMB18E2/CLKARDCLK  n/a            0.542         2.250       1.708      RAMB18_X2Y62   berexp_inst/i_exp_x/inst/exp_helper/ExpATable/compressedTable/Y_diff_d1_reg_1/CLKARDCLK
Low Pulse Width   Slow    SRL16E/CLK          n/a            0.532         2.250       1.718      SLICE_X83Y163  berexp_inst/i_exp_x/inst/K_extended_d5_reg[10]_srl5/CLK
Low Pulse Width   Fast    SRL16E/CLK          n/a            0.532         2.250       1.718      SLICE_X83Y163  berexp_inst/i_exp_x/inst/K_extended_d5_reg[10]_srl5/CLK
Low Pulse Width   Slow    SRL16E/CLK          n/a            0.532         2.250       1.718      SLICE_X83Y163  berexp_inst/i_exp_x/inst/K_extended_d5_reg[11]_srl5/CLK
Low Pulse Width   Fast    SRL16E/CLK          n/a            0.532         2.250       1.718      SLICE_X83Y163  berexp_inst/i_exp_x/inst/K_extended_d5_reg[11]_srl5/CLK
Low Pulse Width   Slow    SRL16E/CLK          n/a            0.532         2.250       1.718      SLICE_X83Y163  berexp_inst/i_exp_x/inst/K_extended_d5_reg[1]_srl5/CLK
Low Pulse Width   Fast    SRL16E/CLK          n/a            0.532         2.250       1.718      SLICE_X83Y163  berexp_inst/i_exp_x/inst/K_extended_d5_reg[1]_srl5/CLK
High Pulse Width  Slow    RAMB36E2/CLKARDCLK  n/a            0.542         2.250       1.708      RAMB36_X2Y30   berexp_inst/i_exp_x/inst/exp_helper/ExpATable/compressedTable/Y_diff_d1_reg_0/CLKARDCLK
High Pulse Width  Fast    RAMB36E2/CLKARDCLK  n/a            0.542         2.250       1.708      RAMB36_X2Y30   berexp_inst/i_exp_x/inst/exp_helper/ExpATable/compressedTable/Y_diff_d1_reg_0/CLKARDCLK
High Pulse Width  Slow    RAMB18E2/CLKARDCLK  n/a            0.542         2.250       1.708      RAMB18_X2Y62   berexp_inst/i_exp_x/inst/exp_helper/ExpATable/compressedTable/Y_diff_d1_reg_1/CLKARDCLK
High Pulse Width  Fast    RAMB18E2/CLKARDCLK  n/a            0.542         2.250       1.708      RAMB18_X2Y62   berexp_inst/i_exp_x/inst/exp_helper/ExpATable/compressedTable/Y_diff_d1_reg_1/CLKARDCLK
High Pulse Width  Slow    SRL16E/CLK          n/a            0.532         2.250       1.718      SLICE_X83Y163  berexp_inst/i_exp_x/inst/K_extended_d5_reg[10]_srl5/CLK
High Pulse Width  Fast    SRL16E/CLK          n/a            0.532         2.250       1.718      SLICE_X83Y163  berexp_inst/i_exp_x/inst/K_extended_d5_reg[10]_srl5/CLK
High Pulse Width  Slow    SRL16E/CLK          n/a            0.532         2.250       1.718      SLICE_X83Y163  berexp_inst/i_exp_x/inst/K_extended_d5_reg[11]_srl5/CLK
High Pulse Width  Fast    SRL16E/CLK          n/a            0.532         2.250       1.718      SLICE_X83Y163  berexp_inst/i_exp_x/inst/K_extended_d5_reg[11]_srl5/CLK
High Pulse Width  Slow    SRL16E/CLK          n/a            0.532         2.250       1.718      SLICE_X83Y163  berexp_inst/i_exp_x/inst/K_extended_d5_reg[1]_srl5/CLK
High Pulse Width  Fast    SRL16E/CLK          n/a            0.532         2.250       1.718      SLICE_X83Y163  berexp_inst/i_exp_x/inst/K_extended_d5_reg[1]_srl5/CLK



--------------------------------------------------------------------------------------
Path Group:  (none)
From Clock:  
  To Clock:  

Max Delay             3 Endpoints
Min Delay             3 Endpoints
--------------------------------------------------------------------------------------


Max Delay Paths
--------------------------------------------------------------------------------------
Slack:                    inf
  Source:                 sigma_inv_valid
                            (input port)
  Destination:            refill_exp\\.refill_req
                            (output port)
  Path Group:             (none)
  Path Type:              Max at Slow Process Corner
  Data Path Delay:        4.039ns  (logic 1.406ns (34.814%)  route 2.633ns (65.186%))
  Logic Levels:           14  (LUT4=2 LUT5=1 LUT6=11)

    Location             Delay type                Incr(ns)  Path(ns)    Netlist Resource(s)
  -------------------------------------------------------------------    -------------------
                                                      0.000     0.000 f  sigma_inv_valid (IN)
                         net (fo=64, unset)           0.000     0.000    berexp_inst/cmp_exp_x/refill_uniform_buf_instance/hotbits[3].par2ser/sigma_inv_valid
    SLICE_X90Y312        LUT4 (Prop_A6LUT_SLICEL_I0_O)
                                                      0.098     0.098 r  berexp_inst/cmp_exp_x/refill_uniform_buf_instance/hotbits[3].par2ser/ccs_reg[64]_i_1/O
                         net (fo=199, routed)         0.168     0.266    berexp_inst/i_exp_x/E[0]
    SLICE_X89Y312        LUT5 (Prop_E6LUT_SLICEM_I2_O)
                                                      0.052     0.318 r  berexp_inst/i_exp_x/ccs_reg[64]_i_10/O
                         net (fo=4, routed)           0.050     0.369    fp_mul_E/ccs_reg[64]_i_8_0
    SLICE_X89Y312        LUT6 (Prop_C6LUT_SLICEM_I2_O)
                                                      0.088     0.457 r  fp_mul_E/ccs_reg[64]_i_18/O
                         net (fo=53, routed)          0.303     0.759    fp_mul_E/ccs_reg[64]_i_18_n_0
    SLICE_X91Y314        LUT6 (Prop_H6LUT_SLICEL_I2_O)
                                                      0.099     0.858 r  fp_mul_E/ccs_reg[49]_i_10/O
                         net (fo=3, routed)           0.109     0.967    fp_mul_E/ccs_reg[49]_i_10_n_0
    SLICE_X91Y316        LUT6 (Prop_F6LUT_SLICEL_I1_O)
                                                      0.049     1.016 r  fp_mul_E/ccs_reg[48]_i_4/O
                         net (fo=3, routed)           0.178     1.194    fp_mul_E/ccs_reg[48]_i_4_n_0
    SLICE_X89Y317        LUT6 (Prop_H6LUT_SLICEM_I0_O)
                                                      0.152     1.346 r  fp_mul_E/ccs_reg[48]_i_3/O
                         net (fo=3, routed)           0.254     1.600    fp_mul_E/ccs_reg[48]_i_3_n_0
    SLICE_X88Y319        LUT6 (Prop_C6LUT_SLICEM_I2_O)
                                                      0.145     1.745 r  fp_mul_E/ccs_reg[32]_i_1/O
                         net (fo=3, routed)           0.246     1.991    berexp_inst/cmp_exp_x/refill_uniform_buf_instance/hotbits[3].par2ser/D[11]
    SLICE_X86Y320        LUT4 (Prop_E6LUT_SLICEM_I1_O)
                                                      0.100     2.091 f  berexp_inst/cmp_exp_x/refill_uniform_buf_instance/hotbits[3].par2ser/refill_exp\\.refill_req_INST_0_i_160/O
                         net (fo=2, routed)           0.259     2.351    fp_mul_E/sample_z1[31]_i_41_0
    SLICE_X84Y321        LUT6 (Prop_C6LUT_SLICEM_I4_O)
                                                      0.088     2.439 r  fp_mul_E/refill_exp\\.refill_req_INST_0_i_101/O
                         net (fo=1, routed)           0.159     2.598    fp_mul_E/refill_exp\\.refill_req_INST_0_i_101_n_0
    SLICE_X86Y324        LUT6 (Prop_G6LUT_SLICEM_I3_O)
                                                      0.037     2.635 r  fp_mul_E/refill_exp\\.refill_req_INST_0_i_37/O
                         net (fo=1, routed)           0.146     2.781    fp_mul_E/refill_exp\\.refill_req_INST_0_i_37_n_0
    SLICE_X86Y324        LUT6 (Prop_F6LUT_SLICEM_I5_O)
                                                      0.123     2.904 f  fp_mul_E/refill_exp\\.refill_req_INST_0_i_8/O
                         net (fo=15, routed)          0.371     3.275    fp_mul_E/refill_exp\\.refill_req_INST_0_i_8_n_0
    SLICE_X92Y323        LUT6 (Prop_D6LUT_SLICEL_I3_O)
                                                      0.099     3.374 r  fp_mul_E/refill_exp\\.refill_req_INST_0_i_19/O
                         net (fo=4, routed)           0.099     3.473    fp_mul_E/refill_exp\\.refill_req_INST_0_i_19_n_0
    SLICE_X91Y323        LUT6 (Prop_B6LUT_SLICEL_I3_O)
                                                      0.124     3.597 r  fp_mul_E/refill_exp\\.refill_req_INST_0_i_3/O
                         net (fo=4, routed)           0.290     3.887    berexp_inst/cmp_exp_x/refill_uniform_buf_instance/hotbits[2].par2ser/refill_exp\\.refill_req_1
    SLICE_X93Y323        LUT6 (Prop_H6LUT_SLICEM_I3_O)
                                                      0.152     4.039 r  berexp_inst/cmp_exp_x/refill_uniform_buf_instance/hotbits[2].par2ser/refill_exp\\.refill_req_INST_0/O
                         net (fo=0)                   0.000     4.039    refill_exp\\.refill_req
                                                                      r  refill_exp\\.refill_req (OUT)
  -------------------------------------------------------------------    -------------------

Slack:                    inf
  Source:                 start
                            (input port)
  Destination:            refill_basesampler\\.refill_req
                            (output port)
  Path Group:             (none)
  Path Type:              Max at Slow Process Corner
  Data Path Delay:        3.515ns  (logic 0.756ns (21.511%)  route 2.759ns (78.489%))
  Logic Levels:           9  (LUT2=1 LUT3=2 LUT5=3 LUT6=3)

    Location             Delay type                Incr(ns)  Path(ns)    Netlist Resource(s)
  -------------------------------------------------------------------    -------------------
                                                      0.000     0.000 r  start (IN)
                         net (fo=17, unset)           0.000     0.000    berexp_inst/start
    SLICE_X85Y238        LUT6 (Prop_G6LUT_SLICEL_I0_O)
                                                      0.149     0.149 r  berexp_inst/sample_valid_chain[0]_i_2/O
                         net (fo=2, routed)           0.481     0.630    berexp_inst/z0_used
    SLICE_X86Y200        LUT3 (Prop_G6LUT_SLICEM_I2_O)
                                                      0.037     0.667 f  berexp_inst/z0[b]_i_7/O
                         net (fo=2, routed)           0.640     1.307    base_sampler/refill_uniform_buf_instance/hotbits[3].par2ser/z0_valid_next
    SLICE_X85Y144        LUT6 (Prop_B6LUT_SLICEL_I5_O)
                                                      0.051     1.358 r  base_sampler/refill_uniform_buf_instance/hotbits[3].par2ser/z0[b]_i_1/O
                         net (fo=8, routed)           0.303     1.661    base_sampler/refill_uniform_buf_instance/hotbits[3].par2ser/E[0]
    SLICE_X85Y130        LUT2 (Prop_H6LUT_SLICEL_I0_O)
                                                      0.099     1.760 r  base_sampler/refill_uniform_buf_instance/hotbits[3].par2ser/count[2]_i_3__6/O
                         net (fo=50, routed)          0.479     2.239    base_sampler/refill_uniform_buf_instance/hotbits[4].par2ser/basesampler_z0_used
    SLICE_X84Y118        LUT5 (Prop_F6LUT_SLICEM_I4_O)
                                                      0.098     2.337 f  base_sampler/refill_uniform_buf_instance/hotbits[4].par2ser/out_buf_valid[4]_i_3/O
                         net (fo=7, routed)           0.140     2.477    base_sampler/refill_uniform_buf_instance/hotbits[4].par2ser/out_buf_valid[4]_i_3_n_0
    SLICE_X84Y119        LUT6 (Prop_B6LUT_SLICEM_I5_O)
                                                      0.052     2.529 r  base_sampler/refill_uniform_buf_instance/hotbits[4].par2ser/refill_buf_valid[0]_i_2/O
                         net (fo=16, routed)          0.157     2.686    base_sampler/refill_uniform_buf_instance/hotbits[4].par2ser/rst_0
    SLICE_X85Y118        LUT3 (Prop_E6LUT_SLICEL_I0_O)
                                                      0.035     2.721 f  base_sampler/refill_uniform_buf_instance/hotbits[4].par2ser/refill_basesampler\\.refill_req_INST_0_i_20/O
                         net (fo=6, routed)           0.296     3.018    base_sampler/refill_uniform_buf_instance/hotbits[4].par2ser/refill_basesampler\\.refill_req_INST_0_i_20_n_0
    SLICE_X82Y118        LUT5 (Prop_G5LUT_SLICEL_I4_O)
                                                      0.135     3.153 r  base_sampler/refill_uniform_buf_instance/hotbits[4].par2ser/refill_basesampler\\.refill_req_INST_0_i_5/O
                         net (fo=1, routed)           0.262     3.415    base_sampler/refill_uniform_buf_instance/hotbits[4].par2ser/refill_basesampler\\.refill_req_INST_0_i_5_n_0
    SLICE_X83Y117        LUT5 (Prop_G6LUT_SLICEM_I4_O)
                                                      0.100     3.515 r  base_sampler/refill_uniform_buf_instance/hotbits[4].par2ser/refill_basesampler\\.refill_req_INST_0/O
                         net (fo=0)                   0.000     3.515    refill_basesampler\\.refill_req
                                                                      r  refill_basesampler\\.refill_req (OUT)
  -------------------------------------------------------------------    -------------------

Slack:                    inf
  Source:                 sigma_inv_valid
                            (input port)
  Destination:            busy
                            (output port)
  Path Group:             (none)
  Path Type:              Max at Slow Process Corner
  Data Path Delay:        0.150ns  (logic 0.150ns (100.000%)  route 0.000ns (0.000%))
  Logic Levels:           1  (LUT6=1)

    Location             Delay type                Incr(ns)  Path(ns)    Netlist Resource(s)
  -------------------------------------------------------------------    -------------------
                                                      0.000     0.000 r  sigma_inv_valid (IN)
                         net (fo=64, unset)           0.000     0.000    sigma_inv_valid
    SLICE_X87Y301        LUT6 (Prop_H6LUT_SLICEL_I0_O)
                                                      0.150     0.150 r  busy_INST_0/O
                         net (fo=0)                   0.000     0.150    busy
                                                                      r  busy (OUT)
  -------------------------------------------------------------------    -------------------





Min Delay Paths
--------------------------------------------------------------------------------------
Slack:                    inf
  Source:                 start
                            (input port)
  Destination:            busy
                            (output port)
  Path Group:             (none)
  Path Type:              Min at Fast Process Corner
  Data Path Delay:        0.015ns  (logic 0.015ns (100.000%)  route 0.000ns (0.000%))
  Logic Levels:           1  (LUT6=1)

    Location             Delay type                Incr(ns)  Path(ns)    Netlist Resource(s)
  -------------------------------------------------------------------    -------------------
                                                      0.000     0.000 r  start (IN)
                         net (fo=17, unset)           0.000     0.000    start
    SLICE_X87Y301        LUT6 (Prop_H6LUT_SLICEL_I5_O)
                                                      0.015     0.015 r  busy_INST_0/O
                         net (fo=0)                   0.000     0.015    busy
                                                                      r  busy (OUT)
  -------------------------------------------------------------------    -------------------

Slack:                    inf
  Source:                 rst
                            (input port)
  Destination:            refill_basesampler\\.refill_req
                            (output port)
  Path Group:             (none)
  Path Type:              Min at Fast Process Corner
  Data Path Delay:        0.412ns  (logic 0.129ns (31.275%)  route 0.283ns (68.725%))
  Logic Levels:           4  (LUT2=1 LUT5=3)

    Location             Delay type                Incr(ns)  Path(ns)    Netlist Resource(s)
  -------------------------------------------------------------------    -------------------
                                                      0.000     0.000 f  rst (IN)
                         net (fo=383, unset)          0.000     0.000    base_sampler/refill_uniform_buf_instance/hotbits[3].par2ser/rst
    SLICE_X85Y130        LUT2 (Prop_H6LUT_SLICEL_I1_O)
                                                      0.015     0.015 r  base_sampler/refill_uniform_buf_instance/hotbits[3].par2ser/count[2]_i_3__6/O
                         net (fo=50, routed)          0.164     0.179    base_sampler/refill_uniform_buf_instance/hotbits[4].par2ser/basesampler_z0_used
    SLICE_X81Y117        LUT5 (Prop_G6LUT_SLICEM_I0_O)
                                                      0.014     0.193 r  base_sampler/refill_uniform_buf_instance/hotbits[4].par2ser/refill_basesampler\\.refill_req_INST_0_i_11/O
                         net (fo=3, routed)           0.028     0.221    base_sampler/refill_uniform_buf_instance/hotbits[4].par2ser/refill_basesampler\\.refill_req_INST_0_i_11_n_0
    SLICE_X81Y117        LUT5 (Prop_E6LUT_SLICEM_I1_O)
                                                      0.040     0.261 r  base_sampler/refill_uniform_buf_instance/hotbits[4].par2ser/refill_basesampler\\.refill_req_INST_0_i_3/O
                         net (fo=4, routed)           0.092     0.352    base_sampler/refill_uniform_buf_instance/hotbits[4].par2ser/refill_basesampler\\.refill_req_INST_0_i_3_n_0
    SLICE_X83Y117        LUT5 (Prop_G6LUT_SLICEM_I2_O)
                                                      0.060     0.412 r  base_sampler/refill_uniform_buf_instance/hotbits[4].par2ser/refill_basesampler\\.refill_req_INST_0/O
                         net (fo=0)                   0.000     0.412    refill_basesampler\\.refill_req
                                                                      r  refill_basesampler\\.refill_req (OUT)
  -------------------------------------------------------------------    -------------------

Slack:                    inf
  Source:                 stop
                            (input port)
  Destination:            refill_exp\\.refill_req
                            (output port)
  Path Group:             (none)
  Path Type:              Min at Fast Process Corner
  Data Path Delay:        0.781ns  (logic 0.170ns (21.775%)  route 0.611ns (78.225%))
  Logic Levels:           6  (LUT4=1 LUT6=5)

    Location             Delay type                Incr(ns)  Path(ns)    Netlist Resource(s)
  -------------------------------------------------------------------    -------------------
                                                      0.000     0.000 f  stop (IN)
                         net (fo=70, unset)           0.000     0.000    berexp_inst/cmp_exp_x/refill_uniform_buf_instance/hotbits[3].par2ser/stop
    SLICE_X90Y312        LUT4 (Prop_A6LUT_SLICEL_I3_O)
                                                      0.014     0.014 r  berexp_inst/cmp_exp_x/refill_uniform_buf_instance/hotbits[3].par2ser/ccs_reg[64]_i_1/O
                         net (fo=199, routed)         0.072     0.086    berexp_inst/i_exp_x/E[0]
    SLICE_X89Y311        LUT6 (Prop_D6LUT_SLICEM_I3_O)
                                                      0.050     0.136 r  berexp_inst/i_exp_x/ccs_reg[64]_i_3/O
                         net (fo=155, routed)         0.168     0.304    berexp_inst/cmp_exp_x/refill_uniform_buf_instance/hotbits[3].par2ser/refill_exp\\.refill_req_INST_0_i_109
    SLICE_X89Y320        LUT6 (Prop_H6LUT_SLICEM_I3_O)
                                                      0.035     0.339 f  berexp_inst/cmp_exp_x/refill_uniform_buf_instance/hotbits[3].par2ser/refill_exp\\.refill_req_INST_0_i_40/O
                         net (fo=4, routed)           0.057     0.397    fp_mul_E/refill_exp\\.refill_req_INST_0_i_8_1
    SLICE_X89Y323        LUT6 (Prop_B6LUT_SLICEM_I4_O)
                                                      0.014     0.411 f  fp_mul_E/refill_exp\\.refill_req_INST_0_i_9/O
                         net (fo=14, routed)          0.175     0.585    fp_mul_E/refill_exp\\.refill_req_INST_0_i_9_n_0
    SLICE_X90Y323        LUT6 (Prop_G6LUT_SLICEL_I4_O)
                                                      0.022     0.607 f  fp_mul_E/refill_exp\\.refill_req_INST_0_i_1/O
                         net (fo=7, routed)           0.138     0.746    berexp_inst/cmp_exp_x/refill_uniform_buf_instance/hotbits[2].par2ser/refill_exp\\.refill_req_0
    SLICE_X93Y323        LUT6 (Prop_H6LUT_SLICEM_I1_O)
                                                      0.035     0.781 r  berexp_inst/cmp_exp_x/refill_uniform_buf_instance/hotbits[2].par2ser/refill_exp\\.refill_req_INST_0/O
                         net (fo=0)                   0.000     0.781    refill_exp\\.refill_req
                                                                      r  refill_exp\\.refill_req (OUT)
  -------------------------------------------------------------------    -------------------





--------------------------------------------------------------------------------------
Path Group:  (none)
From Clock:  clk
  To Clock:  

Max Delay            75 Endpoints
Min Delay            75 Endpoints
--------------------------------------------------------------------------------------


Max Delay Paths
--------------------------------------------------------------------------------------
Slack:                    inf
  Source:                 state_sginv_reg[0]/C
                            (rising edge-triggered cell FDRE clocked by clk  {rise@0.000ns fall@2.250ns period=4.500ns})
  Destination:            refill_exp\\.refill_req
                            (output port)
  Path Group:             (none)
  Path Type:              Max at Slow Process Corner
  Data Path Delay:        4.273ns  (logic 1.461ns (34.195%)  route 2.812ns (65.805%))
  Logic Levels:           12  (LUT4=1 LUT6=11)
  Clock Uncertainty:      0.025ns  ((TSJ^2 + TIJ^2)^1/2 + DJ) / 2 + PE
    Total System Jitter     (TSJ):    0.050ns
    Total Input Jitter      (TIJ):    0.000ns
    Discrete Jitter          (DJ):    0.000ns
    Phase Error              (PE):    0.000ns

    Location             Delay type                Incr(ns)  Path(ns)    Netlist Resource(s)
  -------------------------------------------------------------------    -------------------
                         (clock clk rise edge)        0.000     0.000 r  
                                                      0.000     0.000 r  clk (IN)
                         net (fo=3683, unset)         0.029     0.029    clk
    SLICE_X90Y313        FDRE                                         r  state_sginv_reg[0]/C
  -------------------------------------------------------------------    -------------------
    SLICE_X90Y313        FDRE (Prop_FFF_SLICEL_C_Q)
                                                      0.079     0.108 r  state_sginv_reg[0]/Q
                         net (fo=62, routed)          0.311     0.419    fp_mul_E/ccs_reg[15]_i_9_1
    SLICE_X88Y312        LUT6 (Prop_E6LUT_SLICEM_I2_O)
                                                      0.124     0.543 r  fp_mul_E/ccs_reg[64]_i_16/O
                         net (fo=53, routed)          0.244     0.786    fp_mul_E/berexp_inst/exp_x_or_ccs[61]
    SLICE_X90Y313        LUT6 (Prop_G6LUT_SLICEL_I4_O)
                                                      0.149     0.935 r  fp_mul_E/ccs_reg[49]_i_12/O
                         net (fo=4, routed)           0.255     1.190    fp_mul_E/ccs_reg[49]_i_12_n_0
    SLICE_X91Y316        LUT6 (Prop_F6LUT_SLICEL_I5_O)
                                                      0.089     1.279 r  fp_mul_E/ccs_reg[48]_i_4/O
                         net (fo=3, routed)           0.178     1.457    fp_mul_E/ccs_reg[48]_i_4_n_0
    SLICE_X89Y317        LUT6 (Prop_H6LUT_SLICEM_I0_O)
                                                      0.152     1.609 r  fp_mul_E/ccs_reg[48]_i_3/O
                         net (fo=3, routed)           0.254     1.863    fp_mul_E/ccs_reg[48]_i_3_n_0
    SLICE_X88Y319        LUT6 (Prop_C6LUT_SLICEM_I2_O)
                                                      0.145     2.008 r  fp_mul_E/ccs_reg[32]_i_1/O
                         net (fo=3, routed)           0.246     2.254    berexp_inst/cmp_exp_x/refill_uniform_buf_instance/hotbits[3].par2ser/D[11]
    SLICE_X86Y320        LUT4 (Prop_E6LUT_SLICEM_I1_O)
                                                      0.100     2.354 f  berexp_inst/cmp_exp_x/refill_uniform_buf_instance/hotbits[3].par2ser/refill_exp\\.refill_req_INST_0_i_160/O
                         net (fo=2, routed)           0.259     2.613    fp_mul_E/sample_z1[31]_i_41_0
    SLICE_X84Y321        LUT6 (Prop_C6LUT_SLICEM_I4_O)
                                                      0.088     2.701 r  fp_mul_E/refill_exp\\.refill_req_INST_0_i_101/O
                         net (fo=1, routed)           0.159     2.860    fp_mul_E/refill_exp\\.refill_req_INST_0_i_101_n_0
    SLICE_X86Y324        LUT6 (Prop_G6LUT_SLICEM_I3_O)
                                                      0.037     2.897 r  fp_mul_E/refill_exp\\.refill_req_INST_0_i_37/O
                         net (fo=1, routed)           0.146     3.043    fp_mul_E/refill_exp\\.refill_req_INST_0_i_37_n_0
    SLICE_X86Y324        LUT6 (Prop_F6LUT_SLICEM_I5_O)
                                                      0.123     3.166 f  fp_mul_E/refill_exp\\.refill_req_INST_0_i_8/O
                         net (fo=15, routed)          0.371     3.538    fp_mul_E/refill_exp\\.refill_req_INST_0_i_8_n_0
    SLICE_X92Y323        LUT6 (Prop_D6LUT_SLICEL_I3_O)
                                                      0.099     3.637 r  fp_mul_E/refill_exp\\.refill_req_INST_0_i_19/O
                         net (fo=4, routed)           0.099     3.736    fp_mul_E/refill_exp\\.refill_req_INST_0_i_19_n_0
    SLICE_X91Y323        LUT6 (Prop_B6LUT_SLICEL_I3_O)
                                                      0.124     3.860 r  fp_mul_E/refill_exp\\.refill_req_INST_0_i_3/O
                         net (fo=4, routed)           0.290     4.150    berexp_inst/cmp_exp_x/refill_uniform_buf_instance/hotbits[2].par2ser/refill_exp\\.refill_req_1
    SLICE_X93Y323        LUT6 (Prop_H6LUT_SLICEM_I3_O)
                                                      0.152     4.302 r  berexp_inst/cmp_exp_x/refill_uniform_buf_instance/hotbits[2].par2ser/refill_exp\\.refill_req_INST_0/O
                         net (fo=0)                   0.000     4.302    refill_exp\\.refill_req
                                                                      r  refill_exp\\.refill_req (OUT)
  -------------------------------------------------------------------    -------------------

Slack:                    inf
  Source:                 berexp_inst/sample_z1_valid_reg/C
                            (rising edge-triggered cell FDRE clocked by clk  {rise@0.000ns fall@2.250ns period=4.500ns})
  Destination:            refill_basesampler\\.refill_req
                            (output port)
  Path Group:             (none)
  Path Type:              Max at Slow Process Corner
  Data Path Delay:        3.830ns  (logic 0.736ns (19.215%)  route 3.094ns (80.785%))
  Logic Levels:           9  (LUT2=1 LUT3=2 LUT5=3 LUT6=3)
  Clock Uncertainty:      0.025ns  ((TSJ^2 + TIJ^2)^1/2 + DJ) / 2 + PE
    Total System Jitter     (TSJ):    0.050ns
    Total Input Jitter      (TIJ):    0.000ns
    Discrete Jitter          (DJ):    0.000ns
    Phase Error              (PE):    0.000ns

    Location             Delay type                Incr(ns)  Path(ns)    Netlist Resource(s)
  -------------------------------------------------------------------    -------------------
                         (clock clk rise edge)        0.000     0.000 r  
                                                      0.000     0.000 r  clk (IN)
                         net (fo=3683, unset)         0.028     0.028    berexp_inst/clk
    SLICE_X85Y249        FDRE                                         r  berexp_inst/sample_z1_valid_reg/C
  -------------------------------------------------------------------    -------------------
    SLICE_X85Y249        FDRE (Prop_DFF_SLICEL_C_Q)
                                                      0.079     0.107 f  berexp_inst/sample_z1_valid_reg/Q
                         net (fo=5, routed)           0.336     0.443    berexp_inst/sample_z1_valid_reg_0
    SLICE_X85Y238        LUT6 (Prop_G6LUT_SLICEL_I2_O)
                                                      0.050     0.493 r  berexp_inst/sample_valid_chain[0]_i_2/O
                         net (fo=2, routed)           0.481     0.974    berexp_inst/z0_used
    SLICE_X86Y200        LUT3 (Prop_G6LUT_SLICEM_I2_O)
                                                      0.037     1.011 f  berexp_inst/z0[b]_i_7/O
                         net (fo=2, routed)           0.640     1.651    base_sampler/refill_uniform_buf_instance/hotbits[3].par2ser/z0_valid_next
    SLICE_X85Y144        LUT6 (Prop_B6LUT_SLICEL_I5_O)
                                                      0.051     1.702 r  base_sampler/refill_uniform_buf_instance/hotbits[3].par2ser/z0[b]_i_1/O
                         net (fo=8, routed)           0.303     2.005    base_sampler/refill_uniform_buf_instance/hotbits[3].par2ser/E[0]
    SLICE_X85Y130        LUT2 (Prop_H6LUT_SLICEL_I0_O)
                                                      0.099     2.104 r  base_sampler/refill_uniform_buf_instance/hotbits[3].par2ser/count[2]_i_3__6/O
                         net (fo=50, routed)          0.479     2.583    base_sampler/refill_uniform_buf_instance/hotbits[4].par2ser/basesampler_z0_used
    SLICE_X84Y118        LUT5 (Prop_F6LUT_SLICEM_I4_O)
                                                      0.098     2.681 f  base_sampler/refill_uniform_buf_instance/hotbits[4].par2ser/out_buf_valid[4]_i_3/O
                         net (fo=7, routed)           0.140     2.821    base_sampler/refill_uniform_buf_instance/hotbits[4].par2ser/out_buf_valid[4]_i_3_n_0
    SLICE_X84Y119        LUT6 (Prop_B6LUT_SLICEM_I5_O)
                                                      0.052     2.873 r  base_sampler/refill_uniform_buf_instance/hotbits[4].par2ser/refill_buf_valid[0]_i_2/O
                         net (fo=16, routed)          0.157     3.030    base_sampler/refill_uniform_buf_instance/hotbits[4].par2ser/rst_0
    SLICE_X85Y118        LUT3 (Prop_E6LUT_SLICEL_I0_O)
                                                      0.035     3.065 f  base_sampler/refill_uniform_buf_instance/hotbits[4].par2ser/refill_basesampler\\.refill_req_INST_0_i_20/O
                         net (fo=6, routed)           0.296     3.361    base_sampler/refill_uniform_buf_instance/hotbits[4].par2ser/refill_basesampler\\.refill_req_INST_0_i_20_n_0
    SLICE_X82Y118        LUT5 (Prop_G5LUT_SLICEL_I4_O)
                                                      0.135     3.496 r  base_sampler/refill_uniform_buf_instance/hotbits[4].par2ser/refill_basesampler\\.refill_req_INST_0_i_5/O
                         net (fo=1, routed)           0.262     3.758    base_sampler/refill_uniform_buf_instance/hotbits[4].par2ser/refill_basesampler\\.refill_req_INST_0_i_5_n_0
    SLICE_X83Y117        LUT5 (Prop_G6LUT_SLICEM_I4_O)
                                                      0.100     3.858 r  base_sampler/refill_uniform_buf_instance/hotbits[4].par2ser/refill_basesampler\\.refill_req_INST_0/O
                         net (fo=0)                   0.000     3.858    refill_basesampler\\.refill_req
                                                                      r  refill_basesampler\\.refill_req (OUT)
  -------------------------------------------------------------------    -------------------

Slack:                    inf
  Source:                 berexp_inst/cmp_ccs/refill_uniform_buf_instance/out_buf_reg[2][1]/C
                            (rising edge-triggered cell FDRE clocked by clk  {rise@0.000ns fall@2.250ns period=4.500ns})
  Destination:            refill_ccs\\.refill_req
                            (output port)
  Path Group:             (none)
  Path Type:              Max at Slow Process Corner
  Data Path Delay:        3.333ns  (logic 1.193ns (35.791%)  route 2.140ns (64.209%))
  Logic Levels:           13  (LUT2=3 LUT3=2 LUT4=1 LUT5=3 LUT6=4)
  Clock Uncertainty:      0.025ns  ((TSJ^2 + TIJ^2)^1/2 + DJ) / 2 + PE
    Total System Jitter     (TSJ):    0.050ns
    Total Input Jitter      (TIJ):    0.000ns
    Discrete Jitter          (DJ):    0.000ns
    Phase Error              (PE):    0.000ns

    Location             Delay type                Incr(ns)  Path(ns)    Netlist Resource(s)
  -------------------------------------------------------------------    -------------------
                         (clock clk rise edge)        0.000     0.000 r  
                                                      0.000     0.000 r  clk (IN)
                         net (fo=3683, unset)         0.030     0.030    berexp_inst/cmp_ccs/refill_uniform_buf_instance/clk
    SLICE_X83Y300        FDRE                                         r  berexp_inst/cmp_ccs/refill_uniform_buf_instance/out_buf_reg[2][1]/C
  -------------------------------------------------------------------    -------------------
    SLICE_X83Y300        FDRE (Prop_EFF_SLICEM_C_Q)
                                                      0.076     0.106 r  berexp_inst/cmp_ccs/refill_uniform_buf_instance/out_buf_reg[2][1]/Q
                         net (fo=5, routed)           0.339     0.445    berexp_inst/cmp_ccs/refill_uniform_buf_instance/hotbits[4].par2ser/uniform_lsb[18]
    SLICE_X82Y309        LUT6 (Prop_F6LUT_SLICEL_I3_O)
                                                      0.049     0.494 f  berexp_inst/cmp_ccs/refill_uniform_buf_instance/hotbits[4].par2ser/refill_ccs\\.refill_req_INST_0_i_88/O
                         net (fo=3, routed)           0.200     0.694    berexp_inst/cmp_ccs/refill_uniform_buf_instance/hotbits[4].par2ser/out_buf_reg[2][3]
    SLICE_X83Y306        LUT5 (Prop_G6LUT_SLICEM_I4_O)
                                                      0.090     0.784 r  berexp_inst/cmp_ccs/refill_uniform_buf_instance/hotbits[4].par2ser/refill_ccs\\.refill_req_INST_0_i_55/O
                         net (fo=6, routed)           0.435     1.218    berexp_inst/cmp_ccs/refill_uniform_buf_instance/hotbits[4].par2ser/ccs_reg_reg[37]
    SLICE_X84Y293        LUT5 (Prop_C6LUT_SLICEM_I4_O)
                                                      0.088     1.306 f  berexp_inst/cmp_ccs/refill_uniform_buf_instance/hotbits[4].par2ser/refill_ccs\\.refill_req_INST_0_i_32/O
                         net (fo=3, routed)           0.100     1.407    berexp_inst/cmp_ccs/refill_uniform_buf_instance/hotbits[4].par2ser/out_buf_reg[1][5]_0
    SLICE_X84Y291        LUT2 (Prop_B6LUT_SLICEM_I1_O)
                                                      0.052     1.459 r  berexp_inst/cmp_ccs/refill_uniform_buf_instance/hotbits[4].par2ser/refill_ccs\\.refill_req_INST_0_i_26/O
                         net (fo=3, routed)           0.100     1.558    berexp_inst/cmp_ccs/refill_uniform_buf_instance/hotbits[1].par2ser/out_buf_reg[1][0]_0
    SLICE_X85Y291        LUT6 (Prop_G6LUT_SLICEL_I2_O)
                                                      0.097     1.655 f  berexp_inst/cmp_ccs/refill_uniform_buf_instance/hotbits[1].par2ser/refill_ccs\\.refill_req_INST_0_i_6/O
                         net (fo=7, routed)           0.164     1.820    berexp_inst/cmp_ccs/refill_uniform_buf_instance/hotbits[1].par2ser/refill_ccs\\.refill_req_INST_0_i_6_n_0
    SLICE_X85Y288        LUT2 (Prop_A6LUT_SLICEL_I1_O)
                                                      0.149     1.969 f  berexp_inst/cmp_ccs/refill_uniform_buf_instance/hotbits[1].par2ser/refill_ccs\\.refill_req_INST_0_i_73/O
                         net (fo=3, routed)           0.047     2.016    berexp_inst/cmp_ccs/refill_uniform_buf_instance/hotbits[1].par2ser/refill_ccs\\.refill_req_INST_0_i_73_n_0
    SLICE_X85Y288        LUT4 (Prop_B6LUT_SLICEL_I3_O)
                                                      0.090     2.106 r  berexp_inst/cmp_ccs/refill_uniform_buf_instance/hotbits[1].par2ser/refill_ccs\\.refill_req_INST_0_i_39/O
                         net (fo=6, routed)           0.108     2.214    berexp_inst/cmp_ccs/refill_uniform_buf_instance/hotbits[1].par2ser/x_valid_chain_reg[7]
    SLICE_X84Y288        LUT3 (Prop_E6LUT_SLICEM_I0_O)
                                                      0.124     2.338 r  berexp_inst/cmp_ccs/refill_uniform_buf_instance/hotbits[1].par2ser/count[0]_i_2__3/O
                         net (fo=5, routed)           0.048     2.386    berexp_inst/cmp_ccs/refill_uniform_buf_instance/hotbits[1].par2ser/count[0]_i_2__3_n_0
    SLICE_X84Y288        LUT3 (Prop_B6LUT_SLICEM_I0_O)
                                                      0.052     2.438 r  berexp_inst/cmp_ccs/refill_uniform_buf_instance/hotbits[1].par2ser/count[0]_i_3__1/O
                         net (fo=2, routed)           0.147     2.585    berexp_inst/cmp_ccs/refill_uniform_buf_instance/hotbits[2].par2ser/count_reg[0]_0
    SLICE_X84Y285        LUT5 (Prop_C6LUT_SLICEM_I0_O)
                                                      0.051     2.636 f  berexp_inst/cmp_ccs/refill_uniform_buf_instance/hotbits[2].par2ser/refill_ccs\\.refill_req_INST_0_i_38/O
                         net (fo=3, routed)           0.179     2.815    berexp_inst/cmp_ccs/refill_uniform_buf_instance/hotbits[2].par2ser/refill_ccs\\.refill_req_INST_0_i_38_n_0
    SLICE_X84Y285        LUT2 (Prop_E6LUT_SLICEM_I0_O)
                                                      0.148     2.963 f  berexp_inst/cmp_ccs/refill_uniform_buf_instance/hotbits[2].par2ser/refill_ccs\\.refill_req_INST_0_i_11/O
                         net (fo=10, routed)          0.099     3.062    berexp_inst/cmp_ccs/refill_uniform_buf_instance/hotbits[1].par2ser/refill_buf_valid_reg[7]
    SLICE_X84Y285        LUT6 (Prop_H6LUT_SLICEM_I1_O)
                                                      0.090     3.152 f  berexp_inst/cmp_ccs/refill_uniform_buf_instance/hotbits[1].par2ser/refill_ccs\\.refill_req_INST_0_i_2/O
                         net (fo=15, routed)          0.174     3.326    berexp_inst/cmp_ccs/refill_uniform_buf_instance/hotbits[1].par2ser/refill_ccs\\.refill_req_INST_0_i_2_n_0
    SLICE_X84Y289        LUT6 (Prop_G6LUT_SLICEM_I2_O)
                                                      0.037     3.363 r  berexp_inst/cmp_ccs/refill_uniform_buf_instance/hotbits[1].par2ser/refill_ccs\\.refill_req_INST_0/O
                         net (fo=0)                   0.000     3.363    refill_ccs\\.refill_req
                                                                      r  refill_ccs\\.refill_req (OUT)
  -------------------------------------------------------------------    -------------------

Slack:                    inf
  Source:                 base_sampler/refill_uniform_buf_instance/hotbits[0].par2ser/buffers_full_reg[1]/C
                            (rising edge-triggered cell FDRE clocked by clk  {rise@0.000ns fall@2.250ns period=4.500ns})
  Destination:            full
                            (output port)
  Path Group:             (none)
  Path Type:              Max at Slow Process Corner
  Data Path Delay:        2.652ns  (logic 0.455ns (17.159%)  route 2.197ns (82.841%))
  Logic Levels:           4  (LUT3=1 LUT4=1 LUT5=1 LUT6=1)
  Clock Uncertainty:      0.025ns  ((TSJ^2 + TIJ^2)^1/2 + DJ) / 2 + PE
    Total System Jitter     (TSJ):    0.050ns
    Total Input Jitter      (TIJ):    0.000ns
    Discrete Jitter          (DJ):    0.000ns
    Phase Error              (PE):    0.000ns

    Location             Delay type                Incr(ns)  Path(ns)    Netlist Resource(s)
  -------------------------------------------------------------------    -------------------
                         (clock clk rise edge)        0.000     0.000 r  
                                                      0.000     0.000 r  clk (IN)
                         net (fo=3683, unset)         0.029     0.029    base_sampler/refill_uniform_buf_instance/hotbits[0].par2ser/clk
    SLICE_X87Y127        FDRE                                         r  base_sampler/refill_uniform_buf_instance/hotbits[0].par2ser/buffers_full_reg[1]/C
  -------------------------------------------------------------------    -------------------
    SLICE_X87Y127        FDRE (Prop_HFF2_SLICEL_C_Q)
                                                      0.080     0.109 r  base_sampler/refill_uniform_buf_instance/hotbits[0].par2ser/buffers_full_reg[1]/Q
                         net (fo=14, routed)          0.399     0.508    base_sampler/refill_uniform_buf_instance/hotbits[3].par2ser/count[2]_i_4[0]
    SLICE_X84Y119        LUT4 (Prop_E6LUT_SLICEM_I3_O)
                                                      0.052     0.560 f  base_sampler/refill_uniform_buf_instance/hotbits[3].par2ser/refill_basesampler\\.full_INST_0_i_5/O
                         net (fo=1, routed)           0.170     0.730    base_sampler/refill_uniform_buf_instance/hotbits[1].par2ser/refill_basesampler\\.full_0
    SLICE_X83Y119        LUT5 (Prop_E6LUT_SLICEM_I4_O)
                                                      0.052     0.782 f  base_sampler/refill_uniform_buf_instance/hotbits[1].par2ser/refill_basesampler\\.full_INST_0_i_3/O
                         net (fo=1, routed)           0.059     0.841    base_sampler/refill_uniform_buf_instance/hotbits[5].par2ser/refill_basesampler\\.full_2
    SLICE_X83Y119        LUT6 (Prop_F6LUT_SLICEM_I5_O)
                                                      0.148     0.989 r  base_sampler/refill_uniform_buf_instance/hotbits[5].par2ser/refill_basesampler\\.full_INST_0/O
                         net (fo=1, routed)           1.569     2.558    berexp_inst/cmp_exp_x/refill_uniform_buf_instance/hotbits[4].par2ser/refill_basesampler\\.full
    SLICE_X84Y286        LUT3 (Prop_F6LUT_SLICEM_I2_O)
                                                      0.123     2.681 r  berexp_inst/cmp_exp_x/refill_uniform_buf_instance/hotbits[4].par2ser/full_INST_0/O
                         net (fo=0)                   0.000     2.681    full
                                                                      r  full (OUT)
  -------------------------------------------------------------------    -------------------

Slack:                    inf
  Source:                 state_mu_reg[0]/C
                            (rising edge-triggered cell FDRE clocked by clk  {rise@0.000ns fall@2.250ns period=4.500ns})
  Destination:            busy
                            (output port)
  Path Group:             (none)
  Path Type:              Max at Slow Process Corner
  Data Path Delay:        1.169ns  (logic 0.204ns (17.449%)  route 0.965ns (82.551%))
  Logic Levels:           1  (LUT6=1)
  Clock Uncertainty:      0.025ns  ((TSJ^2 + TIJ^2)^1/2 + DJ) / 2 + PE
    Total System Jitter     (TSJ):    0.050ns
    Total Input Jitter      (TIJ):    0.000ns
    Discrete Jitter          (DJ):    0.000ns
    Phase Error              (PE):    0.000ns

    Location             Delay type                Incr(ns)  Path(ns)    Netlist Resource(s)
  -------------------------------------------------------------------    -------------------
                         (clock clk rise edge)        0.000     0.000 r  
                                                      0.000     0.000 r  clk (IN)
                         net (fo=3683, unset)         0.029     0.029    clk
    SLICE_X85Y238        FDRE                                         r  state_mu_reg[0]/C
  -------------------------------------------------------------------    -------------------
    SLICE_X85Y238        FDRE (Prop_HFF2_SLICEL_C_Q)
                                                      0.080     0.109 r  state_mu_reg[0]/Q
                         net (fo=110, routed)         0.965     1.074    state_mu_reg_n_0_[0]
    SLICE_X87Y301        LUT6 (Prop_H6LUT_SLICEL_I1_O)
                                                      0.124     1.198 r  busy_INST_0/O
                         net (fo=0)                   0.000     1.198    busy
                                                                      r  busy (OUT)
  -------------------------------------------------------------------    -------------------

Slack:                    inf
  Source:                 berexp_inst/cmp_ccs/refill_uniform_buf_instance/out_buf_valid_reg[7]/C
                            (rising edge-triggered cell FDRE clocked by clk  {rise@0.000ns fall@2.250ns period=4.500ns})
  Destination:            refill_ccs\\.full
                            (output port)
  Path Group:             (none)
  Path Type:              Max at Slow Process Corner
  Data Path Delay:        1.031ns  (logic 0.366ns (35.510%)  route 0.665ns (64.490%))
  Logic Levels:           3  (LUT4=1 LUT5=1 LUT6=1)
  Clock Uncertainty:      0.025ns  ((TSJ^2 + TIJ^2)^1/2 + DJ) / 2 + PE
    Total System Jitter     (TSJ):    0.050ns
    Total Input Jitter      (TIJ):    0.000ns
    Discrete Jitter          (DJ):    0.000ns
    Phase Error              (PE):    0.000ns

    Location             Delay type                Incr(ns)  Path(ns)    Netlist Resource(s)
  -------------------------------------------------------------------    -------------------
                         (clock clk rise edge)        0.000     0.000 r  
                                                      0.000     0.000 r  clk (IN)
                         net (fo=3683, unset)         0.028     0.028    berexp_inst/cmp_ccs/refill_uniform_buf_instance/clk
    SLICE_X85Y289        FDRE                                         r  berexp_inst/cmp_ccs/refill_uniform_buf_instance/out_buf_valid_reg[7]/C
  -------------------------------------------------------------------    -------------------
    SLICE_X85Y289        FDRE (Prop_CFF_SLICEL_C_Q)
                                                      0.079     0.107 r  berexp_inst/cmp_ccs/refill_uniform_buf_instance/out_buf_valid_reg[7]/Q
                         net (fo=4, routed)           0.313     0.420    berexp_inst/cmp_ccs/refill_uniform_buf_instance/hotbits[0].par2ser/refill_ccs\\.full_INST_0_i_1_0[7]
    SLICE_X85Y288        LUT4 (Prop_F6LUT_SLICEL_I0_O)
                                                      0.049     0.469 f  berexp_inst/cmp_ccs/refill_uniform_buf_instance/hotbits[0].par2ser/refill_ccs\\.full_INST_0_i_4/O
                         net (fo=1, routed)           0.147     0.616    berexp_inst/cmp_ccs/refill_uniform_buf_instance/hotbits[0].par2ser/refill_ccs\\.full_INST_0_i_4_n_0
    SLICE_X84Y287        LUT5 (Prop_F6LUT_SLICEM_I4_O)
                                                      0.088     0.704 r  berexp_inst/cmp_ccs/refill_uniform_buf_instance/hotbits[0].par2ser/refill_ccs\\.full_INST_0_i_1/O
                         net (fo=2, routed)           0.205     0.909    berexp_inst/cmp_ccs/refill_uniform_buf_instance/hotbits[4].par2ser/refill_ccs\\.full_1
    SLICE_X84Y286        LUT6 (Prop_G6LUT_SLICEM_I0_O)
                                                      0.150     1.059 r  berexp_inst/cmp_ccs/refill_uniform_buf_instance/hotbits[4].par2ser/refill_ccs\\.full_INST_0/O
                         net (fo=1, unset)            0.000     1.059    refill_ccs\\.full
                                                                      r  refill_ccs\\.full (OUT)
  -------------------------------------------------------------------    -------------------

Slack:                    inf
  Source:                 base_sampler/refill_uniform_buf_instance/hotbits[0].par2ser/buffers_full_reg[1]/C
                            (rising edge-triggered cell FDRE clocked by clk  {rise@0.000ns fall@2.250ns period=4.500ns})
  Destination:            refill_basesampler\\.full
                            (output port)
  Path Group:             (none)
  Path Type:              Max at Slow Process Corner
  Data Path Delay:        0.960ns  (logic 0.332ns (34.596%)  route 0.628ns (65.404%))
  Logic Levels:           3  (LUT4=1 LUT5=1 LUT6=1)
  Clock Uncertainty:      0.025ns  ((TSJ^2 + TIJ^2)^1/2 + DJ) / 2 + PE
    Total System Jitter     (TSJ):    0.050ns
    Total Input Jitter      (TIJ):    0.000ns
    Discrete Jitter          (DJ):    0.000ns
    Phase Error              (PE):    0.000ns

    Location             Delay type                Incr(ns)  Path(ns)    Netlist Resource(s)
  -------------------------------------------------------------------    -------------------
                         (clock clk rise edge)        0.000     0.000 r  
                                                      0.000     0.000 r  clk (IN)
                         net (fo=3683, unset)         0.029     0.029    base_sampler/refill_uniform_buf_instance/hotbits[0].par2ser/clk
    SLICE_X87Y127        FDRE                                         r  base_sampler/refill_uniform_buf_instance/hotbits[0].par2ser/buffers_full_reg[1]/C
  -------------------------------------------------------------------    -------------------
    SLICE_X87Y127        FDRE (Prop_HFF2_SLICEL_C_Q)
                                                      0.080     0.109 r  base_sampler/refill_uniform_buf_instance/hotbits[0].par2ser/buffers_full_reg[1]/Q
                         net (fo=14, routed)          0.399     0.508    base_sampler/refill_uniform_buf_instance/hotbits[3].par2ser/count[2]_i_4[0]
    SLICE_X84Y119        LUT4 (Prop_E6LUT_SLICEM_I3_O)
                                                      0.052     0.560 f  base_sampler/refill_uniform_buf_instance/hotbits[3].par2ser/refill_basesampler\\.full_INST_0_i_5/O
                         net (fo=1, routed)           0.170     0.730    base_sampler/refill_uniform_buf_instance/hotbits[1].par2ser/refill_basesampler\\.full_0
    SLICE_X83Y119        LUT5 (Prop_E6LUT_SLICEM_I4_O)
                                                      0.052     0.782 f  base_sampler/refill_uniform_buf_instance/hotbits[1].par2ser/refill_basesampler\\.full_INST_0_i_3/O
                         net (fo=1, routed)           0.059     0.841    base_sampler/refill_uniform_buf_instance/hotbits[5].par2ser/refill_basesampler\\.full_2
    SLICE_X83Y119        LUT6 (Prop_F6LUT_SLICEM_I5_O)
                                                      0.148     0.989 r  base_sampler/refill_uniform_buf_instance/hotbits[5].par2ser/refill_basesampler\\.full_INST_0/O
                         net (fo=1, unset)            0.000     0.989    refill_basesampler\\.full
                                                                      r  refill_basesampler\\.full (OUT)
  -------------------------------------------------------------------    -------------------

Slack:                    inf
  Source:                 berexp_inst/cmp_exp_x/refill_uniform_buf_instance/out_buf_valid_reg[6]/C
                            (rising edge-triggered cell FDRE clocked by clk  {rise@0.000ns fall@2.250ns period=4.500ns})
  Destination:            refill_exp\\.full
                            (output port)
  Path Group:             (none)
  Path Type:              Max at Slow Process Corner
  Data Path Delay:        0.957ns  (logic 0.362ns (37.814%)  route 0.595ns (62.186%))
  Logic Levels:           3  (LUT4=1 LUT5=1 LUT6=1)
  Clock Uncertainty:      0.025ns  ((TSJ^2 + TIJ^2)^1/2 + DJ) / 2 + PE
    Total System Jitter     (TSJ):    0.050ns
    Total Input Jitter      (TIJ):    0.000ns
    Discrete Jitter          (DJ):    0.000ns
    Phase Error              (PE):    0.000ns

    Location             Delay type                Incr(ns)  Path(ns)    Netlist Resource(s)
  -------------------------------------------------------------------    -------------------
                         (clock clk rise edge)        0.000     0.000 r  
                                                      0.000     0.000 r  clk (IN)
                         net (fo=3683, unset)         0.028     0.028    berexp_inst/cmp_exp_x/refill_uniform_buf_instance/clk
    SLICE_X90Y323        FDRE                                         r  berexp_inst/cmp_exp_x/refill_uniform_buf_instance/out_buf_valid_reg[6]/C
  -------------------------------------------------------------------    -------------------
    SLICE_X90Y323        FDRE (Prop_CFF_SLICEL_C_Q)
                                                      0.079     0.107 r  berexp_inst/cmp_exp_x/refill_uniform_buf_instance/out_buf_valid_reg[6]/Q
                         net (fo=2, routed)           0.341     0.448    berexp_inst/cmp_exp_x/refill_uniform_buf_instance/hotbits[3].par2ser/refill_exp\\.full_INST_0_i_1_0[6]
    SLICE_X93Y323        LUT4 (Prop_E6LUT_SLICEM_I1_O)
                                                      0.124     0.572 f  berexp_inst/cmp_exp_x/refill_uniform_buf_instance/hotbits[3].par2ser/refill_exp\\.full_INST_0_i_4/O
                         net (fo=1, routed)           0.202     0.774    berexp_inst/cmp_exp_x/refill_uniform_buf_instance/hotbits[3].par2ser/refill_exp\\.full_INST_0_i_4_n_0
    SLICE_X92Y324        LUT5 (Prop_G6LUT_SLICEL_I4_O)
                                                      0.035     0.809 r  berexp_inst/cmp_exp_x/refill_uniform_buf_instance/hotbits[3].par2ser/refill_exp\\.full_INST_0_i_1/O
                         net (fo=2, routed)           0.052     0.861    berexp_inst/cmp_exp_x/refill_uniform_buf_instance/hotbits[4].par2ser/refill_exp\\.full_1
    SLICE_X92Y324        LUT6 (Prop_B6LUT_SLICEL_I0_O)
                                                      0.124     0.985 r  berexp_inst/cmp_exp_x/refill_uniform_buf_instance/hotbits[4].par2ser/refill_exp\\.full_INST_0/O
                         net (fo=1, unset)            0.000     0.985    refill_exp\\.full
                                                                      r  refill_exp\\.full (OUT)
  -------------------------------------------------------------------    -------------------

Slack:                    inf
  Source:                 berexp_inst/sample_z2_valid_reg/C
                            (rising edge-triggered cell FDRE clocked by clk  {rise@0.000ns fall@2.250ns period=4.500ns})
  Destination:            done
                            (output port)
  Path Group:             (none)
  Path Type:              Max at Slow Process Corner
  Data Path Delay:        0.527ns  (logic 0.217ns (41.158%)  route 0.310ns (58.842%))
  Logic Levels:           1  (LUT2=1)
  Clock Uncertainty:      0.025ns  ((TSJ^2 + TIJ^2)^1/2 + DJ) / 2 + PE
    Total System Jitter     (TSJ):    0.050ns
    Total Input Jitter      (TIJ):    0.000ns
    Discrete Jitter          (DJ):    0.000ns
    Phase Error              (PE):    0.000ns

    Location             Delay type                Incr(ns)  Path(ns)    Netlist Resource(s)
  -------------------------------------------------------------------    -------------------
                         (clock clk rise edge)        0.000     0.000 r  
                                                      0.000     0.000 r  clk (IN)
                         net (fo=3683, unset)         0.028     0.028    berexp_inst/clk
    SLICE_X85Y249        FDRE                                         r  berexp_inst/sample_z2_valid_reg/C
  -------------------------------------------------------------------    -------------------
    SLICE_X85Y249        FDRE (Prop_DFF2_SLICEL_C_Q)
                                                      0.081     0.109 r  berexp_inst/sample_z2_valid_reg/Q
                         net (fo=5, routed)           0.287     0.396    berexp_inst/sample_z2_valid_reg_0
    SLICE_X85Y238        LUT2 (Prop_C5LUT_SLICEL_I1_O)
                                                      0.136     0.532 r  berexp_inst/done_INST_0/O
                         net (fo=0)                   0.023     0.555    done
                                                                      r  done (OUT)
  -------------------------------------------------------------------    -------------------

Slack:                    inf
  Source:                 berexp_inst/sample_z2_reg[0]/C
                            (rising edge-triggered cell FDRE clocked by clk  {rise@0.000ns fall@2.250ns period=4.500ns})
  Destination:            sample_z2[0]
                            (output port)
  Path Group:             (none)
  Path Type:              Max at Slow Process Corner
  Data Path Delay:        0.080ns  (logic 0.080ns (100.000%)  route 0.000ns (0.000%))
  Logic Levels:           0  
  Clock Uncertainty:      0.025ns  ((TSJ^2 + TIJ^2)^1/2 + DJ) / 2 + PE
    Total System Jitter     (TSJ):    0.050ns
    Total Input Jitter      (TIJ):    0.000ns
    Discrete Jitter          (DJ):    0.000ns
    Phase Error              (PE):    0.000ns

    Location             Delay type                Incr(ns)  Path(ns)    Netlist Resource(s)
  -------------------------------------------------------------------    -------------------
                         (clock clk rise edge)        0.000     0.000 r  
                                                      0.000     0.000 r  clk (IN)
                         net (fo=3683, unset)         0.030     0.030    berexp_inst/clk
    SLICE_X83Y294        FDRE                                         r  berexp_inst/sample_z2_reg[0]/C
  -------------------------------------------------------------------    -------------------
    SLICE_X83Y294        FDRE (Prop_AFF2_SLICEM_C_Q)
                                                      0.080     0.110 r  berexp_inst/sample_z2_reg[0]/Q
                         net (fo=0)                   0.000     0.110    sample_z2[0]
                                                                      r  sample_z2[0] (OUT)
  -------------------------------------------------------------------    -------------------





Min Delay Paths
--------------------------------------------------------------------------------------
Slack:                    inf
  Source:                 berexp_inst/sample_z1_reg[13]/C
                            (rising edge-triggered cell FDRE clocked by clk  {rise@0.000ns fall@2.250ns period=4.500ns})
  Destination:            sample_z1[13]
                            (output port)
  Path Group:             (none)
  Path Type:              Min at Fast Process Corner
  Data Path Delay:        0.037ns  (logic 0.037ns (100.000%)  route 0.000ns (0.000%))
  Logic Levels:           0  
  Clock Uncertainty:      0.025ns  ((TSJ^2 + TIJ^2)^1/2 + DJ) / 2 + PE
    Total System Jitter     (TSJ):    0.050ns
    Total Input Jitter      (TIJ):    0.000ns
    Discrete Jitter          (DJ):    0.000ns
    Phase Error              (PE):    0.000ns

    Location             Delay type                Incr(ns)  Path(ns)    Netlist Resource(s)
  -------------------------------------------------------------------    -------------------
                         (clock clk rise edge)        0.000     0.000 r  
                                                      0.000     0.000 r  clk (IN)
                         net (fo=3683, unset)         0.013     0.013    berexp_inst/clk
    SLICE_X83Y295        FDRE                                         r  berexp_inst/sample_z1_reg[13]/C
  -------------------------------------------------------------------    -------------------
    SLICE_X83Y295        FDRE (Prop_FFF_SLICEM_C_Q)
                                                      0.037     0.050 r  berexp_inst/sample_z1_reg[13]/Q
                         net (fo=0)                   0.000     0.050    sample_z1[13]
                                                                      r  sample_z1[13] (OUT)
  -------------------------------------------------------------------    -------------------

Slack:                    inf
  Source:                 berexp_inst/sample_z1_reg[21]/C
                            (rising edge-triggered cell FDRE clocked by clk  {rise@0.000ns fall@2.250ns period=4.500ns})
  Destination:            sample_z1[21]
                            (output port)
  Path Group:             (none)
  Path Type:              Min at Fast Process Corner
  Data Path Delay:        0.037ns  (logic 0.037ns (100.000%)  route 0.000ns (0.000%))
  Logic Levels:           0  
  Clock Uncertainty:      0.025ns  ((TSJ^2 + TIJ^2)^1/2 + DJ) / 2 + PE
    Total System Jitter     (TSJ):    0.050ns
    Total Input Jitter      (TIJ):    0.000ns
    Discrete Jitter          (DJ):    0.000ns
    Phase Error              (PE):    0.000ns

    Location             Delay type                Incr(ns)  Path(ns)    Netlist Resource(s)
  -------------------------------------------------------------------    -------------------
                         (clock clk rise edge)        0.000     0.000 r  
                                                      0.000     0.000 r  clk (IN)
                         net (fo=3683, unset)         0.013     0.013    berexp_inst/clk
    SLICE_X83Y296        FDRE                                         r  berexp_inst/sample_z1_reg[21]/C
  -------------------------------------------------------------------    -------------------
    SLICE_X83Y296        FDRE (Prop_FFF_SLICEM_C_Q)
                                                      0.037     0.050 r  berexp_inst/sample_z1_reg[21]/Q
                         net (fo=0)                   0.000     0.050    sample_z1[21]
                                                                      r  sample_z1[21] (OUT)
  -------------------------------------------------------------------    -------------------

Slack:                    inf
  Source:                 berexp_inst/sample_z1_reg[29]/C
                            (rising edge-triggered cell FDRE clocked by clk  {rise@0.000ns fall@2.250ns period=4.500ns})
  Destination:            sample_z1[29]
                            (output port)
  Path Group:             (none)
  Path Type:              Min at Fast Process Corner
  Data Path Delay:        0.037ns  (logic 0.037ns (100.000%)  route 0.000ns (0.000%))
  Logic Levels:           0  
  Clock Uncertainty:      0.025ns  ((TSJ^2 + TIJ^2)^1/2 + DJ) / 2 + PE
    Total System Jitter     (TSJ):    0.050ns
    Total Input Jitter      (TIJ):    0.000ns
    Discrete Jitter          (DJ):    0.000ns
    Phase Error              (PE):    0.000ns

    Location             Delay type                Incr(ns)  Path(ns)    Netlist Resource(s)
  -------------------------------------------------------------------    -------------------
                         (clock clk rise edge)        0.000     0.000 r  
                                                      0.000     0.000 r  clk (IN)
                         net (fo=3683, unset)         0.013     0.013    berexp_inst/clk
    SLICE_X83Y297        FDRE                                         r  berexp_inst/sample_z1_reg[29]/C
  -------------------------------------------------------------------    -------------------
    SLICE_X83Y297        FDRE (Prop_FFF_SLICEM_C_Q)
                                                      0.037     0.050 r  berexp_inst/sample_z1_reg[29]/Q
                         net (fo=0)                   0.000     0.050    sample_z1[29]
                                                                      r  sample_z1[29] (OUT)
  -------------------------------------------------------------------    -------------------

Slack:                    inf
  Source:                 berexp_inst/sample_z1_reg[5]/C
                            (rising edge-triggered cell FDRE clocked by clk  {rise@0.000ns fall@2.250ns period=4.500ns})
  Destination:            sample_z1[5]
                            (output port)
  Path Group:             (none)
  Path Type:              Min at Fast Process Corner
  Data Path Delay:        0.037ns  (logic 0.037ns (100.000%)  route 0.000ns (0.000%))
  Logic Levels:           0  
  Clock Uncertainty:      0.025ns  ((TSJ^2 + TIJ^2)^1/2 + DJ) / 2 + PE
    Total System Jitter     (TSJ):    0.050ns
    Total Input Jitter      (TIJ):    0.000ns
    Discrete Jitter          (DJ):    0.000ns
    Phase Error              (PE):    0.000ns

    Location             Delay type                Incr(ns)  Path(ns)    Netlist Resource(s)
  -------------------------------------------------------------------    -------------------
                         (clock clk rise edge)        0.000     0.000 r  
                                                      0.000     0.000 r  clk (IN)
                         net (fo=3683, unset)         0.013     0.013    berexp_inst/clk
    SLICE_X83Y294        FDRE                                         r  berexp_inst/sample_z1_reg[5]/C
  -------------------------------------------------------------------    -------------------
    SLICE_X83Y294        FDRE (Prop_FFF_SLICEM_C_Q)
                                                      0.037     0.050 r  berexp_inst/sample_z1_reg[5]/Q
                         net (fo=0)                   0.000     0.050    sample_z1[5]
                                                                      r  sample_z1[5] (OUT)
  -------------------------------------------------------------------    -------------------

Slack:                    inf
  Source:                 berexp_inst/sample_z1_reg[0]/C
                            (rising edge-triggered cell FDRE clocked by clk  {rise@0.000ns fall@2.250ns period=4.500ns})
  Destination:            sample_z1[0]
                            (output port)
  Path Group:             (none)
  Path Type:              Min at Fast Process Corner
  Data Path Delay:        0.038ns  (logic 0.038ns (100.000%)  route 0.000ns (0.000%))
  Logic Levels:           0  
  Clock Uncertainty:      0.025ns  ((TSJ^2 + TIJ^2)^1/2 + DJ) / 2 + PE
    Total System Jitter     (TSJ):    0.050ns
    Total Input Jitter      (TIJ):    0.000ns
    Discrete Jitter          (DJ):    0.000ns
    Phase Error              (PE):    0.000ns

    Location             Delay type                Incr(ns)  Path(ns)    Netlist Resource(s)
  -------------------------------------------------------------------    -------------------
                         (clock clk rise edge)        0.000     0.000 r  
                                                      0.000     0.000 r  clk (IN)
                         net (fo=3683, unset)         0.013     0.013    berexp_inst/clk
    SLICE_X83Y294        FDRE                                         r  berexp_inst/sample_z1_reg[0]/C
  -------------------------------------------------------------------    -------------------
    SLICE_X83Y294        FDRE (Prop_AFF_SLICEM_C_Q)
                                                      0.038     0.051 r  berexp_inst/sample_z1_reg[0]/Q
                         net (fo=0)                   0.000     0.051    sample_z1[0]
                                                                      r  sample_z1[0] (OUT)
  -------------------------------------------------------------------    -------------------

Slack:                    inf
  Source:                 berexp_inst/sample_z1_reg[10]/C
                            (rising edge-triggered cell FDRE clocked by clk  {rise@0.000ns fall@2.250ns period=4.500ns})
  Destination:            sample_z1[10]
                            (output port)
  Path Group:             (none)
  Path Type:              Min at Fast Process Corner
  Data Path Delay:        0.038ns  (logic 0.038ns (100.000%)  route 0.000ns (0.000%))
  Logic Levels:           0  
  Clock Uncertainty:      0.025ns  ((TSJ^2 + TIJ^2)^1/2 + DJ) / 2 + PE
    Total System Jitter     (TSJ):    0.050ns
    Total Input Jitter      (TIJ):    0.000ns
    Discrete Jitter          (DJ):    0.000ns
    Phase Error              (PE):    0.000ns

    Location             Delay type                Incr(ns)  Path(ns)    Netlist Resource(s)
  -------------------------------------------------------------------    -------------------
                         (clock clk rise edge)        0.000     0.000 r  
                                                      0.000     0.000 r  clk (IN)
                         net (fo=3683, unset)         0.013     0.013    berexp_inst/clk
    SLICE_X83Y295        FDRE                                         r  berexp_inst/sample_z1_reg[10]/C
  -------------------------------------------------------------------    -------------------
    SLICE_X83Y295        FDRE (Prop_CFF_SLICEM_C_Q)
                                                      0.038     0.051 r  berexp_inst/sample_z1_reg[10]/Q
                         net (fo=0)                   0.000     0.051    sample_z1[10]
                                                                      r  sample_z1[10] (OUT)
  -------------------------------------------------------------------    -------------------

Slack:                    inf
  Source:                 berexp_inst/sample_z1_reg[12]/C
                            (rising edge-triggered cell FDRE clocked by clk  {rise@0.000ns fall@2.250ns period=4.500ns})
  Destination:            sample_z1[12]
                            (output port)
  Path Group:             (none)
  Path Type:              Min at Fast Process Corner
  Data Path Delay:        0.038ns  (logic 0.038ns (100.000%)  route 0.000ns (0.000%))
  Logic Levels:           0  
  Clock Uncertainty:      0.025ns  ((TSJ^2 + TIJ^2)^1/2 + DJ) / 2 + PE
    Total System Jitter     (TSJ):    0.050ns
    Total Input Jitter      (TIJ):    0.000ns
    Discrete Jitter          (DJ):    0.000ns
    Phase Error              (PE):    0.000ns

    Location             Delay type                Incr(ns)  Path(ns)    Netlist Resource(s)
  -------------------------------------------------------------------    -------------------
                         (clock clk rise edge)        0.000     0.000 r  
                                                      0.000     0.000 r  clk (IN)
                         net (fo=3683, unset)         0.013     0.013    berexp_inst/clk
    SLICE_X83Y295        FDRE                                         r  berexp_inst/sample_z1_reg[12]/C
  -------------------------------------------------------------------    -------------------
    SLICE_X83Y295        FDRE (Prop_EFF_SLICEM_C_Q)
                                                      0.038     0.051 r  berexp_inst/sample_z1_reg[12]/Q
                         net (fo=0)                   0.000     0.051    sample_z1[12]
                                                                      r  sample_z1[12] (OUT)
  -------------------------------------------------------------------    -------------------

Slack:                    inf
  Source:                 berexp_inst/sample_z1_reg[16]/C
                            (rising edge-triggered cell FDRE clocked by clk  {rise@0.000ns fall@2.250ns period=4.500ns})
  Destination:            sample_z1[16]
                            (output port)
  Path Group:             (none)
  Path Type:              Min at Fast Process Corner
  Data Path Delay:        0.038ns  (logic 0.038ns (100.000%)  route 0.000ns (0.000%))
  Logic Levels:           0  
  Clock Uncertainty:      0.025ns  ((TSJ^2 + TIJ^2)^1/2 + DJ) / 2 + PE
    Total System Jitter     (TSJ):    0.050ns
    Total Input Jitter      (TIJ):    0.000ns
    Discrete Jitter          (DJ):    0.000ns
    Phase Error              (PE):    0.000ns

    Location             Delay type                Incr(ns)  Path(ns)    Netlist Resource(s)
  -------------------------------------------------------------------    -------------------
                         (clock clk rise edge)        0.000     0.000 r  
                                                      0.000     0.000 r  clk (IN)
                         net (fo=3683, unset)         0.013     0.013    berexp_inst/clk
    SLICE_X83Y296        FDRE                                         r  berexp_inst/sample_z1_reg[16]/C
  -------------------------------------------------------------------    -------------------
    SLICE_X83Y296        FDRE (Prop_AFF_SLICEM_C_Q)
                                                      0.038     0.051 r  berexp_inst/sample_z1_reg[16]/Q
                         net (fo=0)                   0.000     0.051    sample_z1[16]
                                                                      r  sample_z1[16] (OUT)
  -------------------------------------------------------------------    -------------------

Slack:                    inf
  Source:                 berexp_inst/sample_z1_reg[17]/C
                            (rising edge-triggered cell FDRE clocked by clk  {rise@0.000ns fall@2.250ns period=4.500ns})
  Destination:            sample_z1[17]
                            (output port)
  Path Group:             (none)
  Path Type:              Min at Fast Process Corner
  Data Path Delay:        0.038ns  (logic 0.038ns (100.000%)  route 0.000ns (0.000%))
  Logic Levels:           0  
  Clock Uncertainty:      0.025ns  ((TSJ^2 + TIJ^2)^1/2 + DJ) / 2 + PE
    Total System Jitter     (TSJ):    0.050ns
    Total Input Jitter      (TIJ):    0.000ns
    Discrete Jitter          (DJ):    0.000ns
    Phase Error              (PE):    0.000ns

    Location             Delay type                Incr(ns)  Path(ns)    Netlist Resource(s)
  -------------------------------------------------------------------    -------------------
                         (clock clk rise edge)        0.000     0.000 r  
                                                      0.000     0.000 r  clk (IN)
                         net (fo=3683, unset)         0.013     0.013    berexp_inst/clk
    SLICE_X83Y296        FDRE                                         r  berexp_inst/sample_z1_reg[17]/C
  -------------------------------------------------------------------    -------------------
    SLICE_X83Y296        FDRE (Prop_BFF_SLICEM_C_Q)
                                                      0.038     0.051 r  berexp_inst/sample_z1_reg[17]/Q
                         net (fo=0)                   0.000     0.051    sample_z1[17]
                                                                      r  sample_z1[17] (OUT)
  -------------------------------------------------------------------    -------------------

Slack:                    inf
  Source:                 berexp_inst/sample_z1_reg[18]/C
                            (rising edge-triggered cell FDRE clocked by clk  {rise@0.000ns fall@2.250ns period=4.500ns})
  Destination:            sample_z1[18]
                            (output port)
  Path Group:             (none)
  Path Type:              Min at Fast Process Corner
  Data Path Delay:        0.038ns  (logic 0.038ns (100.000%)  route 0.000ns (0.000%))
  Logic Levels:           0  
  Clock Uncertainty:      0.025ns  ((TSJ^2 + TIJ^2)^1/2 + DJ) / 2 + PE
    Total System Jitter     (TSJ):    0.050ns
    Total Input Jitter      (TIJ):    0.000ns
    Discrete Jitter          (DJ):    0.000ns
    Phase Error              (PE):    0.000ns

    Location             Delay type                Incr(ns)  Path(ns)    Netlist Resource(s)
  -------------------------------------------------------------------    -------------------
                         (clock clk rise edge)        0.000     0.000 r  
                                                      0.000     0.000 r  clk (IN)
                         net (fo=3683, unset)         0.013     0.013    berexp_inst/clk
    SLICE_X83Y296        FDRE                                         r  berexp_inst/sample_z1_reg[18]/C
  -------------------------------------------------------------------    -------------------
    SLICE_X83Y296        FDRE (Prop_CFF_SLICEM_C_Q)
                                                      0.038     0.051 r  berexp_inst/sample_z1_reg[18]/Q
                         net (fo=0)                   0.000     0.051    sample_z1[18]
                                                                      r  sample_z1[18] (OUT)
  -------------------------------------------------------------------    -------------------





--------------------------------------------------------------------------------------
Path Group:  (none)
From Clock:  
  To Clock:  clk

Max Delay          2541 Endpoints
Min Delay          2541 Endpoints
--------------------------------------------------------------------------------------


Max Delay Paths
--------------------------------------------------------------------------------------
Slack:                    inf
  Source:                 mu[54]
                            (input port)
  Destination:            <hidden>
                            (rising edge-triggered cell FDRE clocked by clk  {rise@0.000ns fall@2.250ns period=4.500ns})
  Path Group:             (none)
  Path Type:              Setup (Max at Slow Process Corner)
  Data Path Delay:        7.328ns  (logic 1.915ns (26.132%)  route 5.413ns (73.868%))
  Logic Levels:           18  (CARRY8=2 LUT2=1 LUT3=3 LUT4=2 LUT5=1 LUT6=9)
  Clock Path Skew:        0.021ns (DCD - SCD + CPR)
    Destination Clock Delay (DCD):    0.021ns
    Source Clock Delay      (SCD):    0.000ns
    Clock Pessimism Removal (CPR):    0.000ns
  Clock Uncertainty:      0.025ns  ((TSJ^2 + TIJ^2)^1/2 + DJ) / 2 + PE
    Total System Jitter     (TSJ):    0.050ns
    Total Input Jitter      (TIJ):    0.000ns
    Discrete Jitter          (DJ):    0.000ns
    Phase Error              (PE):    0.000ns

    Location             Delay type                Incr(ns)  Path(ns)    Netlist Resource(s)
  -------------------------------------------------------------------    -------------------
                                                      0.000     0.000 r  mu[54] (IN)
                         net (fo=13, unset)           0.000     0.000    fp_mu_abs/str[exp][2]
    SLICE_X95Y61         LUT6 (Prop_H6LUT_SLICEL_I0_O)
                                                      0.150     0.150 f  fp_mu_abs/inst_i_123/O
                         net (fo=1, routed)           0.142     0.292    fp_mu_abs/inst_i_123_n_0
    SLICE_X95Y61         LUT6 (Prop_A6LUT_SLICEL_I1_O)
                                                      0.124     0.416 f  fp_mu_abs/inst_i_73/O
                         net (fo=102, routed)         0.813     1.229    fp_mu_abs/inst_i_73_n_0
    SLICE_X89Y73         LUT6 (Prop_G6LUT_SLICEM_I5_O)
                                                      0.037     1.266 r  fp_mu_abs/s1[mu_int][31]_i_14/O
                         net (fo=112, routed)         0.724     1.991    fp_mu_abs/s1[mu_int][31]_i_14_n_0
    SLICE_X94Y75         LUT4 (Prop_C5LUT_SLICEM_I2_O)
                                                      0.111     2.102 r  fp_mu_abs/s1[mu_int][9]_i_7/O
                         net (fo=1, routed)           0.244     2.346    fp_mu_abs/s1[mu_int][9]_i_7_n_0
    SLICE_X94Y75         LUT6 (Prop_F6LUT_SLICEM_I5_O)
                                                      0.037     2.383 r  fp_mu_abs/s1[mu_int][9]_i_5/O
                         net (fo=3, routed)           0.339     2.722    fp_mu_abs/s1[mu_int][9]_i_5_n_0
    SLICE_X91Y77         LUT3 (Prop_H6LUT_SLICEL_I0_O)
                                                      0.150     2.872 r  fp_mu_abs/s1[mu_int][29]_i_11/O
                         net (fo=3, routed)           0.042     2.914    fp_mu_abs/s1[mu_int][29]_i_11_n_0
    SLICE_X91Y77         LUT3 (Prop_G6LUT_SLICEL_I2_O)
                                                      0.050     2.964 r  fp_mu_abs/s1[mu_int][5]_i_2/O
                         net (fo=2, routed)           0.272     3.236    fp_mu_abs/s1[mu_int][5]_i_2_n_0
    SLICE_X94Y73         LUT5 (Prop_F6LUT_SLICEM_I4_O)
                                                      0.037     3.273 r  fp_mu_abs/s1[mu_int][21]_i_2/O
                         net (fo=3, routed)           0.317     3.590    fp_mu_abs/s1[mu_int][21]_i_2_n_0
    SLICE_X93Y73         LUT6 (Prop_H6LUT_SLICEM_I4_O)
                                                      0.125     3.715 f  fp_mu_abs/inst_i_165/O
                         net (fo=4, routed)           0.362     4.077    fp_mu_abs/inst_i_165_n_0
    SLICE_X90Y70         LUT6 (Prop_B6LUT_SLICEL_I2_O)
                                                      0.124     4.201 r  fp_mu_abs/inst_i_124/O
                         net (fo=34, routed)          0.414     4.614    fp_mu_abs/inst_i_124_n_0
    SLICE_X89Y67         LUT4 (Prop_D5LUT_SLICEM_I0_O)
                                                      0.135     4.749 f  fp_mu_abs/r1[57]_i_2/O
                         net (fo=63, routed)          0.360     5.109    fp_mu_abs/r1[57]_i_2_n_0
    SLICE_X94Y67         LUT6 (Prop_F6LUT_SLICEM_I3_O)
                                                      0.123     5.232 r  fp_mu_abs/r1[17]_i_3/O
                         net (fo=4, routed)           0.170     5.402    fp_mu_abs/r1[17]_i_3_n_0
    SLICE_X93Y65         LUT3 (Prop_D5LUT_SLICEM_I0_O)
                                                      0.135     5.537 r  fp_mu_abs/inst_i_152/O
                         net (fo=3, routed)           0.351     5.888    fp_mu_abs/inst_i_152_n_0
    SLICE_X95Y65         LUT6 (Prop_H6LUT_SLICEL_I0_O)
                                                      0.150     6.038 r  fp_mu_abs/inst_i_100/O
                         net (fo=1, routed)           0.250     6.288    fp_mu_abs/inst_i_100_n_0
    SLICE_X95Y65         LUT6 (Prop_F6LUT_SLICEL_I1_O)
                                                      0.148     6.436 f  fp_mu_abs/inst_i_61/O
                         net (fo=3, routed)           0.521     6.957    <hidden>
    SLICE_X93Y53         LUT2 (Prop_F6LUT_SLICEM_I0_O)
                                                      0.098     7.055 r  <hidden>
                         net (fo=1, routed)           0.022     7.077    <hidden>
    SLICE_X93Y53         CARRY8 (Prop_CARRY8_SLICEM_S[5]_CO[7])
                                                      0.159     7.236 r  <hidden>
                         net (fo=1, routed)           0.026     7.262    <hidden>
    SLICE_X93Y54         CARRY8 (Prop_CARRY8_SLICEM_CI_CO[7])
                                                      0.022     7.284 r  <hidden>
                         net (fo=1, routed)           0.044     7.328    <hidden>
    SLICE_X93Y54         FDRE                                         r  <hidden>
  -------------------------------------------------------------------    -------------------

                         (clock clk rise edge)        0.000     0.000 r  
                                                      0.000     0.000 r  clk (IN)
                         net (fo=3683, unset)         0.021     0.021    <hidden>
    SLICE_X93Y54         FDRE                                         r  <hidden>

Slack:                    inf
  Source:                 mu[54]
                            (input port)
  Destination:            <hidden>
                            (rising edge-triggered cell FDRE clocked by clk  {rise@0.000ns fall@2.250ns period=4.500ns})
  Path Group:             (none)
  Path Type:              Setup (Max at Slow Process Corner)
  Data Path Delay:        7.231ns  (logic 1.725ns (23.854%)  route 5.506ns (76.146%))
  Logic Levels:           17  (CARRY8=2 LUT2=1 LUT3=1 LUT4=2 LUT5=2 LUT6=9)
  Clock Path Skew:        0.021ns (DCD - SCD + CPR)
    Destination Clock Delay (DCD):    0.021ns
    Source Clock Delay      (SCD):    0.000ns
    Clock Pessimism Removal (CPR):    0.000ns
  Clock Uncertainty:      0.025ns  ((TSJ^2 + TIJ^2)^1/2 + DJ) / 2 + PE
    Total System Jitter     (TSJ):    0.050ns
    Total Input Jitter      (TIJ):    0.000ns
    Discrete Jitter          (DJ):    0.000ns
    Phase Error              (PE):    0.000ns

    Location             Delay type                Incr(ns)  Path(ns)    Netlist Resource(s)
  -------------------------------------------------------------------    -------------------
                                                      0.000     0.000 f  mu[54] (IN)
                         net (fo=13, unset)           0.000     0.000    fp_mu_abs/str[exp][2]
    SLICE_X95Y61         LUT6 (Prop_H6LUT_SLICEL_I0_O)
                                                      0.150     0.150 r  fp_mu_abs/inst_i_123/O
                         net (fo=1, routed)           0.142     0.292    fp_mu_abs/inst_i_123_n_0
    SLICE_X95Y61         LUT6 (Prop_A6LUT_SLICEL_I1_O)
                                                      0.124     0.416 r  fp_mu_abs/inst_i_73/O
                         net (fo=102, routed)         0.813     1.229    fp_mu_abs/inst_i_73_n_0
    SLICE_X89Y73         LUT6 (Prop_G6LUT_SLICEM_I5_O)
                                                      0.037     1.266 f  fp_mu_abs/s1[mu_int][31]_i_14/O
                         net (fo=112, routed)         0.889     2.155    fp_mu_abs/s1[mu_int][31]_i_14_n_0
    SLICE_X96Y75         LUT4 (Prop_A5LUT_SLICEM_I2_O)
                                                      0.112     2.267 f  fp_mu_abs/s1[mu_int][29]_i_21/O
                         net (fo=1, routed)           0.177     2.444    fp_mu_abs/s1[mu_int][29]_i_21_n_0
    SLICE_X96Y75         LUT6 (Prop_F6LUT_SLICEM_I5_O)
                                                      0.037     2.481 f  fp_mu_abs/s1[mu_int][29]_i_14/O
                         net (fo=2, routed)           0.141     2.622    fp_mu_abs/s1[mu_int][29]_i_14_n_0
    SLICE_X96Y75         LUT3 (Prop_C6LUT_SLICEM_I0_O)
                                                      0.098     2.720 f  fp_mu_abs/s1[mu_int][25]_i_10/O
                         net (fo=6, routed)           0.360     3.080    fp_mu_abs/s1[mu_int][25]_i_10_n_0
    SLICE_X93Y75         LUT6 (Prop_G6LUT_SLICEM_I3_O)
                                                      0.123     3.203 r  fp_mu_abs/r1[47]_i_15/O
                         net (fo=10, routed)          0.408     3.611    fp_mu_abs/r1[47]_i_15_n_0
    SLICE_X90Y70         LUT4 (Prop_C6LUT_SLICEL_I0_O)
                                                      0.146     3.757 r  fp_mu_abs/inst_i_180/O
                         net (fo=3, routed)           0.132     3.889    fp_mu_abs/inst_i_180_n_0
    SLICE_X90Y70         LUT5 (Prop_D6LUT_SLICEL_I4_O)
                                                      0.099     3.988 f  fp_mu_abs/inst_i_127/O
                         net (fo=26, routed)          0.567     4.555    fp_mu_abs/inst_i_127_n_0
    SLICE_X94Y69         LUT6 (Prop_B6LUT_SLICEM_I4_O)
                                                      0.125     4.680 r  fp_mu_abs/r1[55]_i_3/O
                         net (fo=65, routed)          0.627     5.306    fp_mu_abs/r1[55]_i_3_n_0
    SLICE_X89Y66         LUT6 (Prop_F6LUT_SLICEM_I1_O)
                                                      0.098     5.404 r  fp_mu_abs/r1[42]_i_3/O
                         net (fo=4, routed)           0.283     5.687    fp_mu_abs/r1[42]_i_3_n_0
    SLICE_X89Y66         LUT6 (Prop_G6LUT_SLICEM_I5_O)
                                                      0.150     5.837 r  fp_mu_abs/r1[42]_i_2/O
                         net (fo=2, routed)           0.354     6.191    fp_mu_abs/r1[42]_i_2_n_0
    SLICE_X90Y58         LUT6 (Prop_C6LUT_SLICEL_I3_O)
                                                      0.146     6.337 f  fp_mu_abs/r1[41]_i_1/O
                         net (fo=3, routed)           0.288     6.625    fp_mu_abs/D[41]
    SLICE_X90Y58         LUT5 (Prop_G6LUT_SLICEL_I0_O)
                                                      0.050     6.675 f  fp_mu_abs/inst_i_30__1/O
                         net (fo=4, routed)           0.242     6.917    <hidden>
    SLICE_X89Y56         LUT2 (Prop_E6LUT_SLICEM_I1_O)
                                                      0.052     6.969 r  <hidden>
                         net (fo=1, routed)           0.014     6.983    <hidden>
    SLICE_X89Y56         CARRY8 (Prop_CARRY8_SLICEM_S[4]_CO[7])
                                                      0.156     7.139 r  <hidden>
                         net (fo=1, routed)           0.026     7.165    <hidden>
    SLICE_X89Y57         CARRY8 (Prop_CARRY8_SLICEM_CI_CO[7])
                                                      0.022     7.187 r  <hidden>
                         net (fo=1, routed)           0.044     7.231    <hidden>
    SLICE_X89Y57         FDRE                                         r  <hidden>
  -------------------------------------------------------------------    -------------------

                         (clock clk rise edge)        0.000     0.000 r  
                                                      0.000     0.000 r  clk (IN)
                         net (fo=3683, unset)         0.021     0.021    <hidden>
    SLICE_X89Y57         FDRE                                         r  <hidden>

Slack:                    inf
  Source:                 mu[54]
                            (input port)
  Destination:            <hidden>
                            (rising edge-triggered cell FDRE clocked by clk  {rise@0.000ns fall@2.250ns period=4.500ns})
  Path Group:             (none)
  Path Type:              Setup (Max at Slow Process Corner)
  Data Path Delay:        7.203ns  (logic 1.795ns (24.919%)  route 5.408ns (75.081%))
  Logic Levels:           17  (CARRY8=2 LUT3=2 LUT4=2 LUT5=2 LUT6=9)
  Clock Path Skew:        0.020ns (DCD - SCD + CPR)
    Destination Clock Delay (DCD):    0.020ns
    Source Clock Delay      (SCD):    0.000ns
    Clock Pessimism Removal (CPR):    0.000ns
  Clock Uncertainty:      0.025ns  ((TSJ^2 + TIJ^2)^1/2 + DJ) / 2 + PE
    Total System Jitter     (TSJ):    0.050ns
    Total Input Jitter      (TIJ):    0.000ns
    Discrete Jitter          (DJ):    0.000ns
    Phase Error              (PE):    0.000ns

    Location             Delay type                Incr(ns)  Path(ns)    Netlist Resource(s)
  -------------------------------------------------------------------    -------------------
                                                      0.000     0.000 f  mu[54] (IN)
                         net (fo=13, unset)           0.000     0.000    fp_mu_abs/str[exp][2]
    SLICE_X95Y61         LUT6 (Prop_H6LUT_SLICEL_I0_O)
                                                      0.150     0.150 r  fp_mu_abs/inst_i_123/O
                         net (fo=1, routed)           0.142     0.292    fp_mu_abs/inst_i_123_n_0
    SLICE_X95Y61         LUT6 (Prop_A6LUT_SLICEL_I1_O)
                                                      0.124     0.416 r  fp_mu_abs/inst_i_73/O
                         net (fo=102, routed)         0.813     1.229    fp_mu_abs/inst_i_73_n_0
    SLICE_X89Y73         LUT6 (Prop_G6LUT_SLICEM_I5_O)
                                                      0.037     1.266 f  fp_mu_abs/s1[mu_int][31]_i_14/O
                         net (fo=112, routed)         0.889     2.155    fp_mu_abs/s1[mu_int][31]_i_14_n_0
    SLICE_X96Y75         LUT4 (Prop_A5LUT_SLICEM_I2_O)
                                                      0.112     2.267 f  fp_mu_abs/s1[mu_int][29]_i_21/O
                         net (fo=1, routed)           0.177     2.444    fp_mu_abs/s1[mu_int][29]_i_21_n_0
    SLICE_X96Y75         LUT6 (Prop_F6LUT_SLICEM_I5_O)
                                                      0.037     2.481 f  fp_mu_abs/s1[mu_int][29]_i_14/O
                         net (fo=2, routed)           0.141     2.622    fp_mu_abs/s1[mu_int][29]_i_14_n_0
    SLICE_X96Y75         LUT3 (Prop_C6LUT_SLICEM_I0_O)
                                                      0.098     2.720 f  fp_mu_abs/s1[mu_int][25]_i_10/O
                         net (fo=6, routed)           0.360     3.080    fp_mu_abs/s1[mu_int][25]_i_10_n_0
    SLICE_X93Y75         LUT6 (Prop_G6LUT_SLICEM_I3_O)
                                                      0.123     3.203 r  fp_mu_abs/r1[47]_i_15/O
                         net (fo=10, routed)          0.408     3.611    fp_mu_abs/r1[47]_i_15_n_0
    SLICE_X90Y70         LUT4 (Prop_C6LUT_SLICEL_I0_O)
                                                      0.146     3.757 r  fp_mu_abs/inst_i_180/O
                         net (fo=3, routed)           0.132     3.889    fp_mu_abs/inst_i_180_n_0
    SLICE_X90Y70         LUT5 (Prop_D6LUT_SLICEL_I4_O)
                                                      0.099     3.988 f  fp_mu_abs/inst_i_127/O
                         net (fo=26, routed)          0.567     4.555    fp_mu_abs/inst_i_127_n_0
    SLICE_X94Y69         LUT6 (Prop_B6LUT_SLICEM_I4_O)
                                                      0.125     4.680 r  fp_mu_abs/r1[55]_i_3/O
                         net (fo=65, routed)          0.627     5.306    fp_mu_abs/r1[55]_i_3_n_0
    SLICE_X89Y66         LUT6 (Prop_F6LUT_SLICEM_I1_O)
                                                      0.098     5.404 r  fp_mu_abs/r1[42]_i_3/O
                         net (fo=4, routed)           0.283     5.687    fp_mu_abs/r1[42]_i_3_n_0
    SLICE_X89Y66         LUT6 (Prop_G6LUT_SLICEM_I5_O)
                                                      0.150     5.837 r  fp_mu_abs/r1[42]_i_2/O
                         net (fo=2, routed)           0.354     6.191    fp_mu_abs/r1[42]_i_2_n_0
    SLICE_X90Y58         LUT6 (Prop_C6LUT_SLICEL_I3_O)
                                                      0.146     6.337 f  fp_mu_abs/r1[41]_i_1/O
                         net (fo=3, routed)           0.288     6.625    fp_mu_abs/D[41]
    SLICE_X90Y58         LUT5 (Prop_G6LUT_SLICEL_I0_O)
                                                      0.050     6.675 f  fp_mu_abs/inst_i_30__1/O
                         net (fo=4, routed)           0.166     6.841    <hidden>
    SLICE_X90Y56         LUT3 (Prop_D6LUT_SLICEL_I2_O)
                                                      0.089     6.930 r  <hidden>
                         net (fo=1, routed)           0.009     6.939    <hidden>
    SLICE_X90Y56         CARRY8 (Prop_CARRY8_SLICEL_S[3]_CO[7])
                                                      0.154     7.093 r  <hidden>
                         net (fo=1, routed)           0.026     7.119    <hidden>
    SLICE_X90Y57         CARRY8 (Prop_CARRY8_SLICEL_CI_CO[2])
                                                      0.057     7.176 r  <hidden>
                         net (fo=1, routed)           0.027     7.203    <hidden>
    SLICE_X90Y57         FDRE                                         r  <hidden>
  -------------------------------------------------------------------    -------------------

                         (clock clk rise edge)        0.000     0.000 r  
                                                      0.000     0.000 r  clk (IN)
                         net (fo=3683, unset)         0.020     0.020    <hidden>
    SLICE_X90Y57         FDRE                                         r  <hidden>

Slack:                    inf
  Source:                 mu[54]
                            (input port)
  Destination:            <hidden>
                            (rising edge-triggered cell FDRE clocked by clk  {rise@0.000ns fall@2.250ns period=4.500ns})
  Path Group:             (none)
  Path Type:              Setup (Max at Slow Process Corner)
  Data Path Delay:        7.051ns  (logic 1.602ns (22.719%)  route 5.449ns (77.281%))
  Logic Levels:           14  (LUT3=1 LUT4=2 LUT5=3 LUT6=8)
  Clock Path Skew:        0.020ns (DCD - SCD + CPR)
    Destination Clock Delay (DCD):    0.020ns
    Source Clock Delay      (SCD):    0.000ns
    Clock Pessimism Removal (CPR):    0.000ns
  Clock Uncertainty:      0.025ns  ((TSJ^2 + TIJ^2)^1/2 + DJ) / 2 + PE
    Total System Jitter     (TSJ):    0.050ns
    Total Input Jitter      (TIJ):    0.000ns
    Discrete Jitter          (DJ):    0.000ns
    Phase Error              (PE):    0.000ns

    Location             Delay type                Incr(ns)  Path(ns)    Netlist Resource(s)
  -------------------------------------------------------------------    -------------------
                                                      0.000     0.000 f  mu[54] (IN)
                         net (fo=13, unset)           0.000     0.000    fp_mu_abs/str[exp][2]
    SLICE_X95Y61         LUT6 (Prop_H6LUT_SLICEL_I0_O)
                                                      0.150     0.150 r  fp_mu_abs/inst_i_123/O
                         net (fo=1, routed)           0.142     0.292    fp_mu_abs/inst_i_123_n_0
    SLICE_X95Y61         LUT6 (Prop_A6LUT_SLICEL_I1_O)
                                                      0.124     0.416 r  fp_mu_abs/inst_i_73/O
                         net (fo=102, routed)         0.813     1.229    fp_mu_abs/inst_i_73_n_0
    SLICE_X89Y73         LUT6 (Prop_G6LUT_SLICEM_I5_O)
                                                      0.037     1.266 f  fp_mu_abs/s1[mu_int][31]_i_14/O
                         net (fo=112, routed)         0.889     2.155    fp_mu_abs/s1[mu_int][31]_i_14_n_0
    SLICE_X96Y75         LUT4 (Prop_A5LUT_SLICEM_I2_O)
                                                      0.112     2.267 f  fp_mu_abs/s1[mu_int][29]_i_21/O
                         net (fo=1, routed)           0.177     2.444    fp_mu_abs/s1[mu_int][29]_i_21_n_0
    SLICE_X96Y75         LUT6 (Prop_F6LUT_SLICEM_I5_O)
                                                      0.037     2.481 f  fp_mu_abs/s1[mu_int][29]_i_14/O
                         net (fo=2, routed)           0.096     2.577    fp_mu_abs/s1[mu_int][29]_i_14_n_0
    SLICE_X96Y74         LUT3 (Prop_D5LUT_SLICEM_I2_O)
                                                      0.135     2.712 f  fp_mu_abs/s1[mu_int][29]_i_5/O
                         net (fo=6, routed)           0.268     2.980    fp_mu_abs/s1[mu_int][29]_i_5_n_0
    SLICE_X94Y73         LUT6 (Prop_C6LUT_SLICEM_I0_O)
                                                      0.145     3.125 r  fp_mu_abs/r1[41]_i_5/O
                         net (fo=9, routed)           0.501     3.626    fp_mu_abs/r1[41]_i_5_n_0
    SLICE_X91Y70         LUT5 (Prop_C6LUT_SLICEL_I0_O)
                                                      0.088     3.714 r  fp_mu_abs/inst_i_174/O
                         net (fo=3, routed)           0.244     3.958    fp_mu_abs/inst_i_174_n_0
    SLICE_X94Y69         LUT4 (Prop_D6LUT_SLICEM_I2_O)
                                                      0.145     4.103 f  fp_mu_abs/inst_i_126/O
                         net (fo=10, routed)          0.517     4.621    fp_mu_abs/inst_i_126_n_0
    SLICE_X89Y67         LUT5 (Prop_D6LUT_SLICEM_I2_O)
                                                      0.145     4.766 r  fp_mu_abs/inst_i_76/O
                         net (fo=75, routed)          0.636     5.401    fp_mu_abs/inst_i_76_n_0
    SLICE_X90Y68         LUT6 (Prop_H6LUT_SLICEL_I1_O)
                                                      0.124     5.525 f  fp_mu_abs/r1[35]_i_3/O
                         net (fo=4, routed)           0.195     5.720    fp_mu_abs/r1[35]_i_3_n_0
    SLICE_X93Y67         LUT6 (Prop_F6LUT_SLICEM_I3_O)
                                                      0.088     5.808 f  fp_mu_abs/r1[31]_i_2/O
                         net (fo=2, routed)           0.314     6.123    fp_mu_abs/r1[31]_i_2_n_0
    SLICE_X92Y61         LUT6 (Prop_E6LUT_SLICEL_I1_O)
                                                      0.147     6.270 r  fp_mu_abs/r1[31]_i_1/O
                         net (fo=3, routed)           0.408     6.677    fp_mu_abs/D[31]
    SLICE_X94Y53         LUT5 (Prop_H6LUT_SLICEM_I0_O)
                                                      0.125     6.802 r  fp_mu_abs/inst_i_40__1/O
                         net (fo=3, routed)           0.249     7.051    <hidden>
    SLICE_X92Y53         FDRE                                         r  <hidden>
  -------------------------------------------------------------------    -------------------

                         (clock clk rise edge)        0.000     0.000 r  
                                                      0.000     0.000 r  clk (IN)
                         net (fo=3683, unset)         0.020     0.020    <hidden>
    SLICE_X92Y53         FDRE                                         r  <hidden>

Slack:                    inf
  Source:                 mu[54]
                            (input port)
  Destination:            <hidden>
                            (rising edge-triggered cell FDRE clocked by clk  {rise@0.000ns fall@2.250ns period=4.500ns})
  Path Group:             (none)
  Path Type:              Setup (Max at Slow Process Corner)
  Data Path Delay:        7.012ns  (logic 1.468ns (20.935%)  route 5.544ns (79.065%))
  Logic Levels:           14  (LUT3=1 LUT4=2 LUT5=3 LUT6=8)
  Clock Path Skew:        0.020ns (DCD - SCD + CPR)
    Destination Clock Delay (DCD):    0.020ns
    Source Clock Delay      (SCD):    0.000ns
    Clock Pessimism Removal (CPR):    0.000ns
  Clock Uncertainty:      0.025ns  ((TSJ^2 + TIJ^2)^1/2 + DJ) / 2 + PE
    Total System Jitter     (TSJ):    0.050ns
    Total Input Jitter      (TIJ):    0.000ns
    Discrete Jitter          (DJ):    0.000ns
    Phase Error              (PE):    0.000ns

    Location             Delay type                Incr(ns)  Path(ns)    Netlist Resource(s)
  -------------------------------------------------------------------    -------------------
                                                      0.000     0.000 f  mu[54] (IN)
                         net (fo=13, unset)           0.000     0.000    fp_mu_abs/str[exp][2]
    SLICE_X95Y61         LUT6 (Prop_H6LUT_SLICEL_I0_O)
                                                      0.150     0.150 r  fp_mu_abs/inst_i_123/O
                         net (fo=1, routed)           0.142     0.292    fp_mu_abs/inst_i_123_n_0
    SLICE_X95Y61         LUT6 (Prop_A6LUT_SLICEL_I1_O)
                                                      0.124     0.416 r  fp_mu_abs/inst_i_73/O
                         net (fo=102, routed)         0.813     1.229    fp_mu_abs/inst_i_73_n_0
    SLICE_X89Y73         LUT6 (Prop_G6LUT_SLICEM_I5_O)
                                                      0.037     1.266 f  fp_mu_abs/s1[mu_int][31]_i_14/O
                         net (fo=112, routed)         0.889     2.155    fp_mu_abs/s1[mu_int][31]_i_14_n_0
    SLICE_X96Y75         LUT4 (Prop_A5LUT_SLICEM_I2_O)
                                                      0.112     2.267 f  fp_mu_abs/s1[mu_int][29]_i_21/O
                         net (fo=1, routed)           0.177     2.444    fp_mu_abs/s1[mu_int][29]_i_21_n_0
    SLICE_X96Y75         LUT6 (Prop_F6LUT_SLICEM_I5_O)
                                                      0.037     2.481 f  fp_mu_abs/s1[mu_int][29]_i_14/O
                         net (fo=2, routed)           0.096     2.577    fp_mu_abs/s1[mu_int][29]_i_14_n_0
    SLICE_X96Y74         LUT3 (Prop_D5LUT_SLICEM_I2_O)
                                                      0.135     2.712 f  fp_mu_abs/s1[mu_int][29]_i_5/O
                         net (fo=6, routed)           0.268     2.980    fp_mu_abs/s1[mu_int][29]_i_5_n_0
    SLICE_X94Y73         LUT6 (Prop_C6LUT_SLICEM_I0_O)
                                                      0.145     3.125 r  fp_mu_abs/r1[41]_i_5/O
                         net (fo=9, routed)           0.501     3.626    fp_mu_abs/r1[41]_i_5_n_0
    SLICE_X91Y70         LUT5 (Prop_C6LUT_SLICEL_I0_O)
                                                      0.088     3.714 r  fp_mu_abs/inst_i_174/O
                         net (fo=3, routed)           0.244     3.958    fp_mu_abs/inst_i_174_n_0
    SLICE_X94Y69         LUT4 (Prop_D6LUT_SLICEM_I2_O)
                                                      0.145     4.103 f  fp_mu_abs/inst_i_126/O
                         net (fo=10, routed)          0.517     4.621    fp_mu_abs/inst_i_126_n_0
    SLICE_X89Y67         LUT5 (Prop_D6LUT_SLICEM_I2_O)
                                                      0.145     4.766 r  fp_mu_abs/inst_i_76/O
                         net (fo=75, routed)          0.636     5.401    fp_mu_abs/inst_i_76_n_0
    SLICE_X90Y68         LUT6 (Prop_H6LUT_SLICEL_I1_O)
                                                      0.124     5.525 f  fp_mu_abs/r1[35]_i_3/O
                         net (fo=4, routed)           0.209     5.734    fp_mu_abs/r1[35]_i_3_n_0
    SLICE_X93Y68         LUT6 (Prop_F6LUT_SLICEM_I0_O)
                                                      0.051     5.785 f  fp_mu_abs/r1[29]_i_2/O
                         net (fo=2, routed)           0.370     6.155    fp_mu_abs/r1[29]_i_2_n_0
    SLICE_X92Y61         LUT6 (Prop_G6LUT_SLICEL_I1_O)
                                                      0.123     6.278 r  fp_mu_abs/r1[29]_i_1/O
                         net (fo=3, routed)           0.332     6.610    fp_mu_abs/D[29]
    SLICE_X94Y54         LUT5 (Prop_G6LUT_SLICEM_I0_O)
                                                      0.052     6.662 r  fp_mu_abs/inst_i_42__1/O
                         net (fo=3, routed)           0.350     7.012    <hidden>
    SLICE_X92Y53         FDRE                                         r  <hidden>
  -------------------------------------------------------------------    -------------------

                         (clock clk rise edge)        0.000     0.000 r  
                                                      0.000     0.000 r  clk (IN)
                         net (fo=3683, unset)         0.020     0.020    <hidden>
    SLICE_X92Y53         FDRE                                         r  <hidden>

Slack:                    inf
  Source:                 mu[54]
                            (input port)
  Destination:            <hidden>
                            (rising edge-triggered cell FDRE clocked by clk  {rise@0.000ns fall@2.250ns period=4.500ns})
  Path Group:             (none)
  Path Type:              Setup (Max at Slow Process Corner)
  Data Path Delay:        6.988ns  (logic 1.636ns (23.410%)  route 5.352ns (76.590%))
  Logic Levels:           15  (LUT3=3 LUT4=2 LUT5=1 LUT6=9)
  Clock Path Skew:        0.020ns (DCD - SCD + CPR)
    Destination Clock Delay (DCD):    0.020ns
    Source Clock Delay      (SCD):    0.000ns
    Clock Pessimism Removal (CPR):    0.000ns
  Clock Uncertainty:      0.025ns  ((TSJ^2 + TIJ^2)^1/2 + DJ) / 2 + PE
    Total System Jitter     (TSJ):    0.050ns
    Total Input Jitter      (TIJ):    0.000ns
    Discrete Jitter          (DJ):    0.000ns
    Phase Error              (PE):    0.000ns

    Location             Delay type                Incr(ns)  Path(ns)    Netlist Resource(s)
  -------------------------------------------------------------------    -------------------
                                                      0.000     0.000 f  mu[54] (IN)
                         net (fo=13, unset)           0.000     0.000    fp_mu_abs/str[exp][2]
    SLICE_X95Y61         LUT6 (Prop_H6LUT_SLICEL_I0_O)
                                                      0.150     0.150 r  fp_mu_abs/inst_i_123/O
                         net (fo=1, routed)           0.142     0.292    fp_mu_abs/inst_i_123_n_0
    SLICE_X95Y61         LUT6 (Prop_A6LUT_SLICEL_I1_O)
                                                      0.124     0.416 r  fp_mu_abs/inst_i_73/O
                         net (fo=102, routed)         0.813     1.229    fp_mu_abs/inst_i_73_n_0
    SLICE_X89Y73         LUT6 (Prop_G6LUT_SLICEM_I5_O)
                                                      0.037     1.266 f  fp_mu_abs/s1[mu_int][31]_i_14/O
                         net (fo=112, routed)         0.724     1.991    fp_mu_abs/s1[mu_int][31]_i_14_n_0
    SLICE_X94Y75         LUT4 (Prop_C5LUT_SLICEM_I2_O)
                                                      0.111     2.102 f  fp_mu_abs/s1[mu_int][9]_i_7/O
                         net (fo=1, routed)           0.244     2.346    fp_mu_abs/s1[mu_int][9]_i_7_n_0
    SLICE_X94Y75         LUT6 (Prop_F6LUT_SLICEM_I5_O)
                                                      0.037     2.383 f  fp_mu_abs/s1[mu_int][9]_i_5/O
                         net (fo=3, routed)           0.339     2.722    fp_mu_abs/s1[mu_int][9]_i_5_n_0
    SLICE_X91Y77         LUT3 (Prop_H6LUT_SLICEL_I0_O)
                                                      0.150     2.872 f  fp_mu_abs/s1[mu_int][29]_i_11/O
                         net (fo=3, routed)           0.042     2.914    fp_mu_abs/s1[mu_int][29]_i_11_n_0
    SLICE_X91Y77         LUT3 (Prop_G6LUT_SLICEL_I2_O)
                                                      0.050     2.964 f  fp_mu_abs/s1[mu_int][5]_i_2/O
                         net (fo=2, routed)           0.272     3.236    fp_mu_abs/s1[mu_int][5]_i_2_n_0
    SLICE_X94Y73         LUT5 (Prop_F6LUT_SLICEM_I4_O)
                                                      0.037     3.273 f  fp_mu_abs/s1[mu_int][21]_i_2/O
                         net (fo=3, routed)           0.317     3.590    fp_mu_abs/s1[mu_int][21]_i_2_n_0
    SLICE_X93Y73         LUT6 (Prop_H6LUT_SLICEM_I4_O)
                                                      0.125     3.715 r  fp_mu_abs/inst_i_165/O
                         net (fo=4, routed)           0.362     4.077    fp_mu_abs/inst_i_165_n_0
    SLICE_X90Y70         LUT6 (Prop_B6LUT_SLICEL_I2_O)
                                                      0.124     4.201 f  fp_mu_abs/inst_i_124/O
                         net (fo=34, routed)          0.414     4.614    fp_mu_abs/inst_i_124_n_0
    SLICE_X89Y67         LUT4 (Prop_D5LUT_SLICEM_I0_O)
                                                      0.135     4.749 r  fp_mu_abs/r1[57]_i_2/O
                         net (fo=63, routed)          0.360     5.109    fp_mu_abs/r1[57]_i_2_n_0
    SLICE_X94Y67         LUT6 (Prop_F6LUT_SLICEM_I3_O)
                                                      0.123     5.232 f  fp_mu_abs/r1[17]_i_3/O
                         net (fo=4, routed)           0.170     5.402    fp_mu_abs/r1[17]_i_3_n_0
    SLICE_X93Y65         LUT3 (Prop_D5LUT_SLICEM_I0_O)
                                                      0.135     5.537 f  fp_mu_abs/inst_i_152/O
                         net (fo=3, routed)           0.351     5.888    fp_mu_abs/inst_i_152_n_0
    SLICE_X95Y65         LUT6 (Prop_H6LUT_SLICEL_I0_O)
                                                      0.150     6.038 f  fp_mu_abs/inst_i_100/O
                         net (fo=1, routed)           0.250     6.288    fp_mu_abs/inst_i_100_n_0
    SLICE_X95Y65         LUT6 (Prop_F6LUT_SLICEL_I1_O)
                                                      0.148     6.436 r  fp_mu_abs/inst_i_61/O
                         net (fo=3, routed)           0.553     6.988    <hidden>
    SLICE_X92Y53         FDRE                                         r  <hidden>
  -------------------------------------------------------------------    -------------------

                         (clock clk rise edge)        0.000     0.000 r  
                                                      0.000     0.000 r  clk (IN)
                         net (fo=3683, unset)         0.020     0.020    <hidden>
    SLICE_X92Y53         FDRE                                         r  <hidden>

Slack:                    inf
  Source:                 mu[54]
                            (input port)
  Destination:            <hidden>
                            (rising edge-triggered cell FDRE clocked by clk  {rise@0.000ns fall@2.250ns period=4.500ns})
  Path Group:             (none)
  Path Type:              Setup (Max at Slow Process Corner)
  Data Path Delay:        6.972ns  (logic 1.495ns (21.441%)  route 5.477ns (78.559%))
  Logic Levels:           14  (LUT3=1 LUT4=2 LUT5=2 LUT6=9)
  Clock Path Skew:        0.020ns (DCD - SCD + CPR)
    Destination Clock Delay (DCD):    0.020ns
    Source Clock Delay      (SCD):    0.000ns
    Clock Pessimism Removal (CPR):    0.000ns
  Clock Uncertainty:      0.025ns  ((TSJ^2 + TIJ^2)^1/2 + DJ) / 2 + PE
    Total System Jitter     (TSJ):    0.050ns
    Total Input Jitter      (TIJ):    0.000ns
    Discrete Jitter          (DJ):    0.000ns
    Phase Error              (PE):    0.000ns

    Location             Delay type                Incr(ns)  Path(ns)    Netlist Resource(s)
  -------------------------------------------------------------------    -------------------
                                                      0.000     0.000 f  mu[54] (IN)
                         net (fo=13, unset)           0.000     0.000    fp_mu_abs/str[exp][2]
    SLICE_X95Y61         LUT6 (Prop_H6LUT_SLICEL_I0_O)
                                                      0.150     0.150 r  fp_mu_abs/inst_i_123/O
                         net (fo=1, routed)           0.142     0.292    fp_mu_abs/inst_i_123_n_0
    SLICE_X95Y61         LUT6 (Prop_A6LUT_SLICEL_I1_O)
                                                      0.124     0.416 r  fp_mu_abs/inst_i_73/O
                         net (fo=102, routed)         0.813     1.229    fp_mu_abs/inst_i_73_n_0
    SLICE_X89Y73         LUT6 (Prop_G6LUT_SLICEM_I5_O)
                                                      0.037     1.266 f  fp_mu_abs/s1[mu_int][31]_i_14/O
                         net (fo=112, routed)         0.889     2.155    fp_mu_abs/s1[mu_int][31]_i_14_n_0
    SLICE_X96Y75         LUT4 (Prop_A5LUT_SLICEM_I2_O)
                                                      0.112     2.267 f  fp_mu_abs/s1[mu_int][29]_i_21/O
                         net (fo=1, routed)           0.177     2.444    fp_mu_abs/s1[mu_int][29]_i_21_n_0
    SLICE_X96Y75         LUT6 (Prop_F6LUT_SLICEM_I5_O)
                                                      0.037     2.481 f  fp_mu_abs/s1[mu_int][29]_i_14/O
                         net (fo=2, routed)           0.141     2.622    fp_mu_abs/s1[mu_int][29]_i_14_n_0
    SLICE_X96Y75         LUT3 (Prop_C6LUT_SLICEM_I0_O)
                                                      0.098     2.720 f  fp_mu_abs/s1[mu_int][25]_i_10/O
                         net (fo=6, routed)           0.360     3.080    fp_mu_abs/s1[mu_int][25]_i_10_n_0
    SLICE_X93Y75         LUT6 (Prop_G6LUT_SLICEM_I3_O)
                                                      0.123     3.203 r  fp_mu_abs/r1[47]_i_15/O
                         net (fo=10, routed)          0.408     3.611    fp_mu_abs/r1[47]_i_15_n_0
    SLICE_X90Y70         LUT4 (Prop_C6LUT_SLICEL_I0_O)
                                                      0.146     3.757 r  fp_mu_abs/inst_i_180/O
                         net (fo=3, routed)           0.132     3.889    fp_mu_abs/inst_i_180_n_0
    SLICE_X90Y70         LUT5 (Prop_D6LUT_SLICEL_I4_O)
                                                      0.099     3.988 f  fp_mu_abs/inst_i_127/O
                         net (fo=26, routed)          0.567     4.555    fp_mu_abs/inst_i_127_n_0
    SLICE_X94Y69         LUT6 (Prop_B6LUT_SLICEM_I4_O)
                                                      0.125     4.680 r  fp_mu_abs/r1[55]_i_3/O
                         net (fo=65, routed)          0.627     5.306    fp_mu_abs/r1[55]_i_3_n_0
    SLICE_X89Y66         LUT6 (Prop_F6LUT_SLICEM_I1_O)
                                                      0.098     5.404 f  fp_mu_abs/r1[42]_i_3/O
                         net (fo=4, routed)           0.283     5.687    fp_mu_abs/r1[42]_i_3_n_0
    SLICE_X89Y66         LUT6 (Prop_G6LUT_SLICEM_I5_O)
                                                      0.150     5.837 f  fp_mu_abs/r1[42]_i_2/O
                         net (fo=2, routed)           0.354     6.191    fp_mu_abs/r1[42]_i_2_n_0
    SLICE_X90Y58         LUT6 (Prop_C6LUT_SLICEL_I3_O)
                                                      0.146     6.337 r  fp_mu_abs/r1[41]_i_1/O
                         net (fo=3, routed)           0.288     6.625    fp_mu_abs/D[41]
    SLICE_X90Y58         LUT5 (Prop_G6LUT_SLICEL_I0_O)
                                                      0.050     6.675 r  fp_mu_abs/inst_i_30__1/O
                         net (fo=4, routed)           0.297     6.972    <hidden>
    SLICE_X90Y55         FDRE                                         r  <hidden>
  -------------------------------------------------------------------    -------------------

                         (clock clk rise edge)        0.000     0.000 r  
                                                      0.000     0.000 r  clk (IN)
                         net (fo=3683, unset)         0.020     0.020    <hidden>
    SLICE_X90Y55         FDRE                                         r  <hidden>

Slack:                    inf
  Source:                 mu[54]
                            (input port)
  Destination:            <hidden>
                            (rising edge-triggered cell FDRE clocked by clk  {rise@0.000ns fall@2.250ns period=4.500ns})
  Path Group:             (none)
  Path Type:              Setup (Max at Slow Process Corner)
  Data Path Delay:        6.956ns  (logic 1.502ns (21.592%)  route 5.454ns (78.409%))
  Logic Levels:           14  (LUT3=1 LUT4=2 LUT5=3 LUT6=8)
  Clock Path Skew:        0.020ns (DCD - SCD + CPR)
    Destination Clock Delay (DCD):    0.020ns
    Source Clock Delay      (SCD):    0.000ns
    Clock Pessimism Removal (CPR):    0.000ns
  Clock Uncertainty:      0.025ns  ((TSJ^2 + TIJ^2)^1/2 + DJ) / 2 + PE
    Total System Jitter     (TSJ):    0.050ns
    Total Input Jitter      (TIJ):    0.000ns
    Discrete Jitter          (DJ):    0.000ns
    Phase Error              (PE):    0.000ns

    Location             Delay type                Incr(ns)  Path(ns)    Netlist Resource(s)
  -------------------------------------------------------------------    -------------------
                                                      0.000     0.000 f  mu[54] (IN)
                         net (fo=13, unset)           0.000     0.000    fp_mu_abs/str[exp][2]
    SLICE_X95Y61         LUT6 (Prop_H6LUT_SLICEL_I0_O)
                                                      0.150     0.150 r  fp_mu_abs/inst_i_123/O
                         net (fo=1, routed)           0.142     0.292    fp_mu_abs/inst_i_123_n_0
    SLICE_X95Y61         LUT6 (Prop_A6LUT_SLICEL_I1_O)
                                                      0.124     0.416 r  fp_mu_abs/inst_i_73/O
                         net (fo=102, routed)         0.813     1.229    fp_mu_abs/inst_i_73_n_0
    SLICE_X89Y73         LUT6 (Prop_G6LUT_SLICEM_I5_O)
                                                      0.037     1.266 f  fp_mu_abs/s1[mu_int][31]_i_14/O
                         net (fo=112, routed)         0.889     2.155    fp_mu_abs/s1[mu_int][31]_i_14_n_0
    SLICE_X96Y75         LUT4 (Prop_A5LUT_SLICEM_I2_O)
                                                      0.112     2.267 f  fp_mu_abs/s1[mu_int][29]_i_21/O
                         net (fo=1, routed)           0.177     2.444    fp_mu_abs/s1[mu_int][29]_i_21_n_0
    SLICE_X96Y75         LUT6 (Prop_F6LUT_SLICEM_I5_O)
                                                      0.037     2.481 f  fp_mu_abs/s1[mu_int][29]_i_14/O
                         net (fo=2, routed)           0.096     2.577    fp_mu_abs/s1[mu_int][29]_i_14_n_0
    SLICE_X96Y74         LUT3 (Prop_D5LUT_SLICEM_I2_O)
                                                      0.135     2.712 f  fp_mu_abs/s1[mu_int][29]_i_5/O
                         net (fo=6, routed)           0.268     2.980    fp_mu_abs/s1[mu_int][29]_i_5_n_0
    SLICE_X94Y73         LUT6 (Prop_C6LUT_SLICEM_I0_O)
                                                      0.145     3.125 r  fp_mu_abs/r1[41]_i_5/O
                         net (fo=9, routed)           0.501     3.626    fp_mu_abs/r1[41]_i_5_n_0
    SLICE_X91Y70         LUT5 (Prop_C6LUT_SLICEL_I0_O)
                                                      0.088     3.714 r  fp_mu_abs/inst_i_174/O
                         net (fo=3, routed)           0.244     3.958    fp_mu_abs/inst_i_174_n_0
    SLICE_X94Y69         LUT4 (Prop_D6LUT_SLICEM_I2_O)
                                                      0.145     4.103 f  fp_mu_abs/inst_i_126/O
                         net (fo=10, routed)          0.517     4.621    fp_mu_abs/inst_i_126_n_0
    SLICE_X89Y67         LUT5 (Prop_D6LUT_SLICEM_I2_O)
                                                      0.145     4.766 r  fp_mu_abs/inst_i_76/O
                         net (fo=75, routed)          0.636     5.401    fp_mu_abs/inst_i_76_n_0
    SLICE_X90Y68         LUT6 (Prop_H6LUT_SLICEL_I1_O)
                                                      0.124     5.525 f  fp_mu_abs/r1[35]_i_3/O
                         net (fo=4, routed)           0.195     5.720    fp_mu_abs/r1[35]_i_3_n_0
    SLICE_X93Y67         LUT6 (Prop_F6LUT_SLICEM_I3_O)
                                                      0.088     5.808 f  fp_mu_abs/r1[31]_i_2/O
                         net (fo=2, routed)           0.394     6.203    fp_mu_abs/r1[31]_i_2_n_0
    SLICE_X92Y61         LUT6 (Prop_F6LUT_SLICEL_I3_O)
                                                      0.049     6.252 r  fp_mu_abs/r1[30]_i_1/O
                         net (fo=3, routed)           0.309     6.560    fp_mu_abs/D[30]
    SLICE_X91Y57         LUT5 (Prop_C6LUT_SLICEL_I0_O)
                                                      0.123     6.683 r  fp_mu_abs/inst_i_41__1/O
                         net (fo=3, routed)           0.273     6.956    <hidden>
    SLICE_X92Y54         FDRE                                         r  <hidden>
  -------------------------------------------------------------------    -------------------

                         (clock clk rise edge)        0.000     0.000 r  
                                                      0.000     0.000 r  clk (IN)
                         net (fo=3683, unset)         0.020     0.020    <hidden>
    SLICE_X92Y54         FDRE                                         r  <hidden>

Slack:                    inf
  Source:                 mu[54]
                            (input port)
  Destination:            <hidden>
                            (rising edge-triggered cell FDRE clocked by clk  {rise@0.000ns fall@2.250ns period=4.500ns})
  Path Group:             (none)
  Path Type:              Setup (Max at Slow Process Corner)
  Data Path Delay:        6.940ns  (logic 1.467ns (21.138%)  route 5.473ns (78.862%))
  Logic Levels:           14  (LUT3=1 LUT4=2 LUT5=3 LUT6=8)
  Clock Path Skew:        0.020ns (DCD - SCD + CPR)
    Destination Clock Delay (DCD):    0.020ns
    Source Clock Delay      (SCD):    0.000ns
    Clock Pessimism Removal (CPR):    0.000ns
  Clock Uncertainty:      0.025ns  ((TSJ^2 + TIJ^2)^1/2 + DJ) / 2 + PE
    Total System Jitter     (TSJ):    0.050ns
    Total Input Jitter      (TIJ):    0.000ns
    Discrete Jitter          (DJ):    0.000ns
    Phase Error              (PE):    0.000ns

    Location             Delay type                Incr(ns)  Path(ns)    Netlist Resource(s)
  -------------------------------------------------------------------    -------------------
                                                      0.000     0.000 f  mu[54] (IN)
                         net (fo=13, unset)           0.000     0.000    fp_mu_abs/str[exp][2]
    SLICE_X95Y61         LUT6 (Prop_H6LUT_SLICEL_I0_O)
                                                      0.150     0.150 r  fp_mu_abs/inst_i_123/O
                         net (fo=1, routed)           0.142     0.292    fp_mu_abs/inst_i_123_n_0
    SLICE_X95Y61         LUT6 (Prop_A6LUT_SLICEL_I1_O)
                                                      0.124     0.416 r  fp_mu_abs/inst_i_73/O
                         net (fo=102, routed)         0.813     1.229    fp_mu_abs/inst_i_73_n_0
    SLICE_X89Y73         LUT6 (Prop_G6LUT_SLICEM_I5_O)
                                                      0.037     1.266 f  fp_mu_abs/s1[mu_int][31]_i_14/O
                         net (fo=112, routed)         0.889     2.155    fp_mu_abs/s1[mu_int][31]_i_14_n_0
    SLICE_X96Y75         LUT4 (Prop_A5LUT_SLICEM_I2_O)
                                                      0.112     2.267 f  fp_mu_abs/s1[mu_int][29]_i_21/O
                         net (fo=1, routed)           0.177     2.444    fp_mu_abs/s1[mu_int][29]_i_21_n_0
    SLICE_X96Y75         LUT6 (Prop_F6LUT_SLICEM_I5_O)
                                                      0.037     2.481 f  fp_mu_abs/s1[mu_int][29]_i_14/O
                         net (fo=2, routed)           0.096     2.577    fp_mu_abs/s1[mu_int][29]_i_14_n_0
    SLICE_X96Y74         LUT3 (Prop_D5LUT_SLICEM_I2_O)
                                                      0.135     2.712 f  fp_mu_abs/s1[mu_int][29]_i_5/O
                         net (fo=6, routed)           0.268     2.980    fp_mu_abs/s1[mu_int][29]_i_5_n_0
    SLICE_X94Y73         LUT6 (Prop_C6LUT_SLICEM_I0_O)
                                                      0.145     3.125 r  fp_mu_abs/r1[41]_i_5/O
                         net (fo=9, routed)           0.501     3.626    fp_mu_abs/r1[41]_i_5_n_0
    SLICE_X91Y70         LUT5 (Prop_C6LUT_SLICEL_I0_O)
                                                      0.088     3.714 r  fp_mu_abs/inst_i_174/O
                         net (fo=3, routed)           0.244     3.958    fp_mu_abs/inst_i_174_n_0
    SLICE_X94Y69         LUT4 (Prop_D6LUT_SLICEM_I2_O)
                                                      0.145     4.103 f  fp_mu_abs/inst_i_126/O
                         net (fo=10, routed)          0.517     4.621    fp_mu_abs/inst_i_126_n_0
    SLICE_X89Y67         LUT5 (Prop_D6LUT_SLICEM_I2_O)
                                                      0.145     4.766 r  fp_mu_abs/inst_i_76/O
                         net (fo=75, routed)          0.636     5.401    fp_mu_abs/inst_i_76_n_0
    SLICE_X90Y68         LUT6 (Prop_H6LUT_SLICEL_I1_O)
                                                      0.124     5.525 f  fp_mu_abs/r1[35]_i_3/O
                         net (fo=4, routed)           0.209     5.734    fp_mu_abs/r1[35]_i_3_n_0
    SLICE_X93Y68         LUT6 (Prop_F6LUT_SLICEM_I0_O)
                                                      0.051     5.785 f  fp_mu_abs/r1[29]_i_2/O
                         net (fo=2, routed)           0.415     6.200    fp_mu_abs/r1[29]_i_2_n_0
    SLICE_X92Y61         LUT6 (Prop_H6LUT_SLICEL_I3_O)
                                                      0.051     6.251 r  fp_mu_abs/r1[28]_i_1/O
                         net (fo=3, routed)           0.339     6.590    fp_mu_abs/D[28]
    SLICE_X92Y51         LUT5 (Prop_F6LUT_SLICEL_I0_O)
                                                      0.123     6.713 r  fp_mu_abs/inst_i_43__1/O
                         net (fo=3, routed)           0.227     6.940    <hidden>
    SLICE_X92Y51         FDRE                                         r  <hidden>
  -------------------------------------------------------------------    -------------------

                         (clock clk rise edge)        0.000     0.000 r  
                                                      0.000     0.000 r  clk (IN)
                         net (fo=3683, unset)         0.020     0.020    <hidden>
    SLICE_X92Y51         FDRE                                         r  <hidden>

Slack:                    inf
  Source:                 mu[54]
                            (input port)
  Destination:            <hidden>
                            (rising edge-triggered cell FDRE clocked by clk  {rise@0.000ns fall@2.250ns period=4.500ns})
  Path Group:             (none)
  Path Type:              Setup (Max at Slow Process Corner)
  Data Path Delay:        6.925ns  (logic 1.424ns (20.564%)  route 5.501ns (79.436%))
  Logic Levels:           14  (LUT3=1 LUT4=2 LUT5=2 LUT6=9)
  Clock Path Skew:        0.020ns (DCD - SCD + CPR)
    Destination Clock Delay (DCD):    0.020ns
    Source Clock Delay      (SCD):    0.000ns
    Clock Pessimism Removal (CPR):    0.000ns
  Clock Uncertainty:      0.025ns  ((TSJ^2 + TIJ^2)^1/2 + DJ) / 2 + PE
    Total System Jitter     (TSJ):    0.050ns
    Total Input Jitter      (TIJ):    0.000ns
    Discrete Jitter          (DJ):    0.000ns
    Phase Error              (PE):    0.000ns

    Location             Delay type                Incr(ns)  Path(ns)    Netlist Resource(s)
  -------------------------------------------------------------------    -------------------
                                                      0.000     0.000 f  mu[54] (IN)
                         net (fo=13, unset)           0.000     0.000    fp_mu_abs/str[exp][2]
    SLICE_X95Y61         LUT6 (Prop_H6LUT_SLICEL_I0_O)
                                                      0.150     0.150 r  fp_mu_abs/inst_i_123/O
                         net (fo=1, routed)           0.142     0.292    fp_mu_abs/inst_i_123_n_0
    SLICE_X95Y61         LUT6 (Prop_A6LUT_SLICEL_I1_O)
                                                      0.124     0.416 r  fp_mu_abs/inst_i_73/O
                         net (fo=102, routed)         0.813     1.229    fp_mu_abs/inst_i_73_n_0
    SLICE_X89Y73         LUT6 (Prop_G6LUT_SLICEM_I5_O)
                                                      0.037     1.266 f  fp_mu_abs/s1[mu_int][31]_i_14/O
                         net (fo=112, routed)         0.889     2.155    fp_mu_abs/s1[mu_int][31]_i_14_n_0
    SLICE_X96Y75         LUT4 (Prop_A5LUT_SLICEM_I2_O)
                                                      0.112     2.267 f  fp_mu_abs/s1[mu_int][29]_i_21/O
                         net (fo=1, routed)           0.177     2.444    fp_mu_abs/s1[mu_int][29]_i_21_n_0
    SLICE_X96Y75         LUT6 (Prop_F6LUT_SLICEM_I5_O)
                                                      0.037     2.481 f  fp_mu_abs/s1[mu_int][29]_i_14/O
                         net (fo=2, routed)           0.141     2.622    fp_mu_abs/s1[mu_int][29]_i_14_n_0
    SLICE_X96Y75         LUT3 (Prop_C6LUT_SLICEM_I0_O)
                                                      0.098     2.720 f  fp_mu_abs/s1[mu_int][25]_i_10/O
                         net (fo=6, routed)           0.360     3.080    fp_mu_abs/s1[mu_int][25]_i_10_n_0
    SLICE_X93Y75         LUT6 (Prop_G6LUT_SLICEM_I3_O)
                                                      0.123     3.203 r  fp_mu_abs/r1[47]_i_15/O
                         net (fo=10, routed)          0.408     3.611    fp_mu_abs/r1[47]_i_15_n_0
    SLICE_X90Y70         LUT4 (Prop_C6LUT_SLICEL_I0_O)
                                                      0.146     3.757 r  fp_mu_abs/inst_i_180/O
                         net (fo=3, routed)           0.132     3.889    fp_mu_abs/inst_i_180_n_0
    SLICE_X90Y70         LUT5 (Prop_D6LUT_SLICEL_I4_O)
                                                      0.099     3.988 f  fp_mu_abs/inst_i_127/O
                         net (fo=26, routed)          0.567     4.555    fp_mu_abs/inst_i_127_n_0
    SLICE_X94Y69         LUT6 (Prop_B6LUT_SLICEM_I4_O)
                                                      0.125     4.680 r  fp_mu_abs/r1[55]_i_3/O
                         net (fo=65, routed)          0.742     5.422    fp_mu_abs/r1[55]_i_3_n_0
    SLICE_X93Y66         LUT6 (Prop_B6LUT_SLICEM_I1_O)
                                                      0.100     5.522 f  fp_mu_abs/r1[24]_i_3/O
                         net (fo=4, routed)           0.197     5.719    fp_mu_abs/r1[24]_i_3_n_0
    SLICE_X92Y65         LUT6 (Prop_H6LUT_SLICEL_I3_O)
                                                      0.099     5.818 f  fp_mu_abs/r1[20]_i_2/O
                         net (fo=2, routed)           0.254     6.072    fp_mu_abs/r1[20]_i_2_n_0
    SLICE_X93Y60         LUT6 (Prop_D6LUT_SLICEM_I1_O)
                                                      0.051     6.123 r  fp_mu_abs/r1[20]_i_1/O
                         net (fo=3, routed)           0.376     6.500    fp_mu_abs/D[20]
    SLICE_X92Y51         LUT5 (Prop_C6LUT_SLICEL_I0_O)
                                                      0.123     6.623 r  fp_mu_abs/inst_i_51__1/O
                         net (fo=3, routed)           0.302     6.925    <hidden>
    SLICE_X91Y51         FDRE                                         r  <hidden>
  -------------------------------------------------------------------    -------------------

                         (clock clk rise edge)        0.000     0.000 r  
                                                      0.000     0.000 r  clk (IN)
                         net (fo=3683, unset)         0.020     0.020    <hidden>
    SLICE_X91Y51         FDRE                                         r  <hidden>





Min Delay Paths
--------------------------------------------------------------------------------------
Slack:                    inf
  Source:                 refill_basesampler\\.refill[1]
                            (input port)
  Destination:            base_sampler/refill_uniform_buf_instance/hotbits[0].par2ser/buffers_reg[1][1]/D
                            (rising edge-triggered cell FDRE clocked by clk  {rise@0.000ns fall@2.250ns period=4.500ns})
  Path Group:             (none)
  Path Type:              Hold (Min at Fast Process Corner)
  Data Path Delay:        0.007ns  (logic 0.000ns (0.000%)  route 0.007ns (100.000%))
  Logic Levels:           0  
  Clock Path Skew:        0.018ns (DCD - SCD - CPR)
    Destination Clock Delay (DCD):    0.018ns
    Source Clock Delay      (SCD):    0.000ns
    Clock Pessimism Removal (CPR):    -0.000ns

    Location             Delay type                Incr(ns)  Path(ns)    Netlist Resource(s)
  -------------------------------------------------------------------    -------------------
                                                      0.000     0.000 r  refill_basesampler\\.refill[1] (IN)
                         net (fo=28, unset)           0.007     0.007    base_sampler/refill_uniform_buf_instance/hotbits[0].par2ser/refill_basesampler\\.refill[1]
    SLICE_X87Y127        FDRE                                         r  base_sampler/refill_uniform_buf_instance/hotbits[0].par2ser/buffers_reg[1][1]/D
  -------------------------------------------------------------------    -------------------

                         (clock clk rise edge)        0.000     0.000 r  
                                                      0.000     0.000 r  clk (IN)
                         net (fo=3683, unset)         0.018     0.018    base_sampler/refill_uniform_buf_instance/hotbits[0].par2ser/clk
    SLICE_X87Y127        FDRE                                         r  base_sampler/refill_uniform_buf_instance/hotbits[0].par2ser/buffers_reg[1][1]/C

Slack:                    inf
  Source:                 refill_basesampler\\.refill[2]
                            (input port)
  Destination:            base_sampler/refill_uniform_buf_instance/hotbits[0].par2ser/buffers_reg[1][2]/D
                            (rising edge-triggered cell FDRE clocked by clk  {rise@0.000ns fall@2.250ns period=4.500ns})
  Path Group:             (none)
  Path Type:              Hold (Min at Fast Process Corner)
  Data Path Delay:        0.007ns  (logic 0.000ns (0.000%)  route 0.007ns (100.000%))
  Logic Levels:           0  
  Clock Path Skew:        0.018ns (DCD - SCD - CPR)
    Destination Clock Delay (DCD):    0.018ns
    Source Clock Delay      (SCD):    0.000ns
    Clock Pessimism Removal (CPR):    -0.000ns

    Location             Delay type                Incr(ns)  Path(ns)    Netlist Resource(s)
  -------------------------------------------------------------------    -------------------
                                                      0.000     0.000 r  refill_basesampler\\.refill[2] (IN)
                         net (fo=28, unset)           0.007     0.007    base_sampler/refill_uniform_buf_instance/hotbits[0].par2ser/refill_basesampler\\.refill[2]
    SLICE_X87Y127        FDRE                                         r  base_sampler/refill_uniform_buf_instance/hotbits[0].par2ser/buffers_reg[1][2]/D
  -------------------------------------------------------------------    -------------------

                         (clock clk rise edge)        0.000     0.000 r  
                                                      0.000     0.000 r  clk (IN)
                         net (fo=3683, unset)         0.018     0.018    base_sampler/refill_uniform_buf_instance/hotbits[0].par2ser/clk
    SLICE_X87Y127        FDRE                                         r  base_sampler/refill_uniform_buf_instance/hotbits[0].par2ser/buffers_reg[1][2]/C

Slack:                    inf
  Source:                 refill_basesampler\\.refill[3]
                            (input port)
  Destination:            base_sampler/refill_uniform_buf_instance/hotbits[0].par2ser/buffers_reg[1][3]/D
                            (rising edge-triggered cell FDRE clocked by clk  {rise@0.000ns fall@2.250ns period=4.500ns})
  Path Group:             (none)
  Path Type:              Hold (Min at Fast Process Corner)
  Data Path Delay:        0.007ns  (logic 0.000ns (0.000%)  route 0.007ns (100.000%))
  Logic Levels:           0  
  Clock Path Skew:        0.019ns (DCD - SCD - CPR)
    Destination Clock Delay (DCD):    0.019ns
    Source Clock Delay      (SCD):    0.000ns
    Clock Pessimism Removal (CPR):    -0.000ns

    Location             Delay type                Incr(ns)  Path(ns)    Netlist Resource(s)
  -------------------------------------------------------------------    -------------------
                                                      0.000     0.000 r  refill_basesampler\\.refill[3] (IN)
                         net (fo=27, unset)           0.007     0.007    base_sampler/refill_uniform_buf_instance/hotbits[0].par2ser/refill_basesampler\\.refill[3]
    SLICE_X86Y127        FDRE                                         r  base_sampler/refill_uniform_buf_instance/hotbits[0].par2ser/buffers_reg[1][3]/D
  -------------------------------------------------------------------    -------------------

                         (clock clk rise edge)        0.000     0.000 r  
                                                      0.000     0.000 r  clk (IN)
                         net (fo=3683, unset)         0.019     0.019    base_sampler/refill_uniform_buf_instance/hotbits[0].par2ser/clk
    SLICE_X86Y127        FDRE                                         r  base_sampler/refill_uniform_buf_instance/hotbits[0].par2ser/buffers_reg[1][3]/C

Slack:                    inf
  Source:                 refill_basesampler\\.refill[1]
                            (input port)
  Destination:            base_sampler/refill_uniform_buf_instance/hotbits[1].par2ser/buffers_reg[1][1]/D
                            (rising edge-triggered cell FDRE clocked by clk  {rise@0.000ns fall@2.250ns period=4.500ns})
  Path Group:             (none)
  Path Type:              Hold (Min at Fast Process Corner)
  Data Path Delay:        0.007ns  (logic 0.000ns (0.000%)  route 0.007ns (100.000%))
  Logic Levels:           0  
  Clock Path Skew:        0.018ns (DCD - SCD - CPR)
    Destination Clock Delay (DCD):    0.018ns
    Source Clock Delay      (SCD):    0.000ns
    Clock Pessimism Removal (CPR):    -0.000ns

    Location             Delay type                Incr(ns)  Path(ns)    Netlist Resource(s)
  -------------------------------------------------------------------    -------------------
                                                      0.000     0.000 r  refill_basesampler\\.refill[1] (IN)
                         net (fo=28, unset)           0.007     0.007    base_sampler/refill_uniform_buf_instance/hotbits[1].par2ser/refill_basesampler\\.refill[1]
    SLICE_X85Y124        FDRE                                         r  base_sampler/refill_uniform_buf_instance/hotbits[1].par2ser/buffers_reg[1][1]/D
  -------------------------------------------------------------------    -------------------

                         (clock clk rise edge)        0.000     0.000 r  
                                                      0.000     0.000 r  clk (IN)
                         net (fo=3683, unset)         0.018     0.018    base_sampler/refill_uniform_buf_instance/hotbits[1].par2ser/clk
    SLICE_X85Y124        FDRE                                         r  base_sampler/refill_uniform_buf_instance/hotbits[1].par2ser/buffers_reg[1][1]/C

Slack:                    inf
  Source:                 refill_basesampler\\.refill[2]
                            (input port)
  Destination:            base_sampler/refill_uniform_buf_instance/hotbits[1].par2ser/buffers_reg[1][2]/D
                            (rising edge-triggered cell FDRE clocked by clk  {rise@0.000ns fall@2.250ns period=4.500ns})
  Path Group:             (none)
  Path Type:              Hold (Min at Fast Process Corner)
  Data Path Delay:        0.007ns  (logic 0.000ns (0.000%)  route 0.007ns (100.000%))
  Logic Levels:           0  
  Clock Path Skew:        0.019ns (DCD - SCD - CPR)
    Destination Clock Delay (DCD):    0.019ns
    Source Clock Delay      (SCD):    0.000ns
    Clock Pessimism Removal (CPR):    -0.000ns

    Location             Delay type                Incr(ns)  Path(ns)    Netlist Resource(s)
  -------------------------------------------------------------------    -------------------
                                                      0.000     0.000 r  refill_basesampler\\.refill[2] (IN)
                         net (fo=28, unset)           0.007     0.007    base_sampler/refill_uniform_buf_instance/hotbits[1].par2ser/refill_basesampler\\.refill[2]
    SLICE_X85Y125        FDRE                                         r  base_sampler/refill_uniform_buf_instance/hotbits[1].par2ser/buffers_reg[1][2]/D
  -------------------------------------------------------------------    -------------------

                         (clock clk rise edge)        0.000     0.000 r  
                                                      0.000     0.000 r  clk (IN)
                         net (fo=3683, unset)         0.019     0.019    base_sampler/refill_uniform_buf_instance/hotbits[1].par2ser/clk
    SLICE_X85Y125        FDRE                                         r  base_sampler/refill_uniform_buf_instance/hotbits[1].par2ser/buffers_reg[1][2]/C

Slack:                    inf
  Source:                 refill_basesampler\\.refill[5]
                            (input port)
  Destination:            base_sampler/refill_uniform_buf_instance/hotbits[1].par2ser/buffers_reg[1][5]/D
                            (rising edge-triggered cell FDRE clocked by clk  {rise@0.000ns fall@2.250ns period=4.500ns})
  Path Group:             (none)
  Path Type:              Hold (Min at Fast Process Corner)
  Data Path Delay:        0.007ns  (logic 0.000ns (0.000%)  route 0.007ns (100.000%))
  Logic Levels:           0  
  Clock Path Skew:        0.019ns (DCD - SCD - CPR)
    Destination Clock Delay (DCD):    0.019ns
    Source Clock Delay      (SCD):    0.000ns
    Clock Pessimism Removal (CPR):    -0.000ns

    Location             Delay type                Incr(ns)  Path(ns)    Netlist Resource(s)
  -------------------------------------------------------------------    -------------------
                                                      0.000     0.000 r  refill_basesampler\\.refill[5] (IN)
                         net (fo=27, unset)           0.007     0.007    base_sampler/refill_uniform_buf_instance/hotbits[1].par2ser/refill_basesampler\\.refill[5]
    SLICE_X85Y124        FDRE                                         r  base_sampler/refill_uniform_buf_instance/hotbits[1].par2ser/buffers_reg[1][5]/D
  -------------------------------------------------------------------    -------------------

                         (clock clk rise edge)        0.000     0.000 r  
                                                      0.000     0.000 r  clk (IN)
                         net (fo=3683, unset)         0.019     0.019    base_sampler/refill_uniform_buf_instance/hotbits[1].par2ser/clk
    SLICE_X85Y124        FDRE                                         r  base_sampler/refill_uniform_buf_instance/hotbits[1].par2ser/buffers_reg[1][5]/C

Slack:                    inf
  Source:                 refill_basesampler\\.refill[6]
                            (input port)
  Destination:            base_sampler/refill_uniform_buf_instance/hotbits[1].par2ser/buffers_reg[1][6]/D
                            (rising edge-triggered cell FDRE clocked by clk  {rise@0.000ns fall@2.250ns period=4.500ns})
  Path Group:             (none)
  Path Type:              Hold (Min at Fast Process Corner)
  Data Path Delay:        0.007ns  (logic 0.000ns (0.000%)  route 0.007ns (100.000%))
  Logic Levels:           0  
  Clock Path Skew:        0.019ns (DCD - SCD - CPR)
    Destination Clock Delay (DCD):    0.019ns
    Source Clock Delay      (SCD):    0.000ns
    Clock Pessimism Removal (CPR):    -0.000ns

    Location             Delay type                Incr(ns)  Path(ns)    Netlist Resource(s)
  -------------------------------------------------------------------    -------------------
                                                      0.000     0.000 r  refill_basesampler\\.refill[6] (IN)
                         net (fo=27, unset)           0.007     0.007    base_sampler/refill_uniform_buf_instance/hotbits[1].par2ser/refill_basesampler\\.refill[6]
    SLICE_X85Y124        FDRE                                         r  base_sampler/refill_uniform_buf_instance/hotbits[1].par2ser/buffers_reg[1][6]/D
  -------------------------------------------------------------------    -------------------

                         (clock clk rise edge)        0.000     0.000 r  
                                                      0.000     0.000 r  clk (IN)
                         net (fo=3683, unset)         0.019     0.019    base_sampler/refill_uniform_buf_instance/hotbits[1].par2ser/clk
    SLICE_X85Y124        FDRE                                         r  base_sampler/refill_uniform_buf_instance/hotbits[1].par2ser/buffers_reg[1][6]/C

Slack:                    inf
  Source:                 refill_basesampler\\.refill[7]
                            (input port)
  Destination:            base_sampler/refill_uniform_buf_instance/hotbits[1].par2ser/buffers_reg[1][7]/D
                            (rising edge-triggered cell FDRE clocked by clk  {rise@0.000ns fall@2.250ns period=4.500ns})
  Path Group:             (none)
  Path Type:              Hold (Min at Fast Process Corner)
  Data Path Delay:        0.007ns  (logic 0.000ns (0.000%)  route 0.007ns (100.000%))
  Logic Levels:           0  
  Clock Path Skew:        0.018ns (DCD - SCD - CPR)
    Destination Clock Delay (DCD):    0.018ns
    Source Clock Delay      (SCD):    0.000ns
    Clock Pessimism Removal (CPR):    -0.000ns

    Location             Delay type                Incr(ns)  Path(ns)    Netlist Resource(s)
  -------------------------------------------------------------------    -------------------
                                                      0.000     0.000 r  refill_basesampler\\.refill[7] (IN)
                         net (fo=27, unset)           0.007     0.007    base_sampler/refill_uniform_buf_instance/hotbits[1].par2ser/refill_basesampler\\.refill[7]
    SLICE_X85Y124        FDRE                                         r  base_sampler/refill_uniform_buf_instance/hotbits[1].par2ser/buffers_reg[1][7]/D
  -------------------------------------------------------------------    -------------------

                         (clock clk rise edge)        0.000     0.000 r  
                                                      0.000     0.000 r  clk (IN)
                         net (fo=3683, unset)         0.018     0.018    base_sampler/refill_uniform_buf_instance/hotbits[1].par2ser/clk
    SLICE_X85Y124        FDRE                                         r  base_sampler/refill_uniform_buf_instance/hotbits[1].par2ser/buffers_reg[1][7]/C

Slack:                    inf
  Source:                 refill_basesampler\\.refill[1]
                            (input port)
  Destination:            base_sampler/refill_uniform_buf_instance/hotbits[2].par2ser/buffers_reg[1][1]/D
                            (rising edge-triggered cell FDRE clocked by clk  {rise@0.000ns fall@2.250ns period=4.500ns})
  Path Group:             (none)
  Path Type:              Hold (Min at Fast Process Corner)
  Data Path Delay:        0.007ns  (logic 0.000ns (0.000%)  route 0.007ns (100.000%))
  Logic Levels:           0  
  Clock Path Skew:        0.019ns (DCD - SCD - CPR)
    Destination Clock Delay (DCD):    0.019ns
    Source Clock Delay      (SCD):    0.000ns
    Clock Pessimism Removal (CPR):    -0.000ns

    Location             Delay type                Incr(ns)  Path(ns)    Netlist Resource(s)
  -------------------------------------------------------------------    -------------------
                                                      0.000     0.000 r  refill_basesampler\\.refill[1] (IN)
                         net (fo=28, unset)           0.007     0.007    base_sampler/refill_uniform_buf_instance/hotbits[2].par2ser/refill_basesampler\\.refill[1]
    SLICE_X84Y128        FDRE                                         r  base_sampler/refill_uniform_buf_instance/hotbits[2].par2ser/buffers_reg[1][1]/D
  -------------------------------------------------------------------    -------------------

                         (clock clk rise edge)        0.000     0.000 r  
                                                      0.000     0.000 r  clk (IN)
                         net (fo=3683, unset)         0.019     0.019    base_sampler/refill_uniform_buf_instance/hotbits[2].par2ser/clk
    SLICE_X84Y128        FDRE                                         r  base_sampler/refill_uniform_buf_instance/hotbits[2].par2ser/buffers_reg[1][1]/C

Slack:                    inf
  Source:                 refill_basesampler\\.refill[7]
                            (input port)
  Destination:            base_sampler/refill_uniform_buf_instance/hotbits[3].par2ser/buffers_reg[1][7]/D
                            (rising edge-triggered cell FDRE clocked by clk  {rise@0.000ns fall@2.250ns period=4.500ns})
  Path Group:             (none)
  Path Type:              Hold (Min at Fast Process Corner)
  Data Path Delay:        0.007ns  (logic 0.000ns (0.000%)  route 0.007ns (100.000%))
  Logic Levels:           0  
  Clock Path Skew:        0.019ns (DCD - SCD - CPR)
    Destination Clock Delay (DCD):    0.019ns
    Source Clock Delay      (SCD):    0.000ns
    Clock Pessimism Removal (CPR):    -0.000ns

    Location             Delay type                Incr(ns)  Path(ns)    Netlist Resource(s)
  -------------------------------------------------------------------    -------------------
                                                      0.000     0.000 r  refill_basesampler\\.refill[7] (IN)
                         net (fo=27, unset)           0.007     0.007    base_sampler/refill_uniform_buf_instance/hotbits[3].par2ser/refill_basesampler\\.refill[7]
    SLICE_X89Y117        FDRE                                         r  base_sampler/refill_uniform_buf_instance/hotbits[3].par2ser/buffers_reg[1][7]/D
  -------------------------------------------------------------------    -------------------

                         (clock clk rise edge)        0.000     0.000 r  
                                                      0.000     0.000 r  clk (IN)
                         net (fo=3683, unset)         0.019     0.019    base_sampler/refill_uniform_buf_instance/hotbits[3].par2ser/clk
    SLICE_X89Y117        FDRE                                         r  base_sampler/refill_uniform_buf_instance/hotbits[3].par2ser/buffers_reg[1][7]/C





